// Auto-generated from Logo 2.bmp
// RGB565 format for TFT_eSPI
// Width: 199, Height: 193

const uint16_t logo_width = 199;
const uint16_t logo_height = 193;

const uint16_t logo_data[] = {
    0xF7BF, 0xF7BF, 0xF7BF, 0xF7BF, 0xF7BF, 0xF7BF, 0xF7BF, 0xF7BF, 0xF7BF, 0xF7BF, 0xF7BF, 0xF7BF, 
    0xF7BF, 0xF7BF, 0xF7BF, 0xF7BF, 0xF7BF, 0xF7BF, 0xF7BF, 0xF7BF, 0xF7BF, 0xF7BF, 0xF7BF, 0xF7BF, 
    0xF7BF, 0xF7BF, 0xF7BF, 0xF7BF, 0xF7BF, 0xF7BF, 0xF7BF, 0xF7BF, 0xF7BE, 0xF7BF, 0xF7BF, 0xF7BF, 
    0xF7BF, 0xF7BF, 0xF7BF, 0xF7BF, 0xF7BF, 0xF7BF, 0xF7BF, 0xF7BF, 0xF7BF, 0xF7BF, 0xF7BF, 0xF7BF, 
    0xF7BF, 0xF7BF, 0xF7BF, 0xF7BF, 0xF7BF, 0xF7BF, 0xF7BF, 0xF7BE, 0xF7BE, 0xF7BE, 0xF7BE, 0xF7BF, 
    0xF7BF, 0xF7BF, 0xF7BF, 0xF7BF, 0xF7BF, 0xF7BF, 0xF7BF, 0xF7BF, 0xF7BF, 0xF7BF, 0xF7BF, 0xF7BF, 
    0xF7BF, 0xF7BF, 0xF7BF, 0xF7BF, 0xF7BF, 0xF7DF, 0xF7DF, 0xF7DF, 0xF7DF, 0xFFDF, 0xFFDF, 0xF7DF, 
    0xF7DF, 0xFFBF, 0xF7BF, 0xF7BF, 0xF7BF, 0xFFDF, 0xFFDF, 0xF7BE, 0xF7BE, 0xF7BE, 0xF79E, 0xF79E, 
    0xF79E, 0xF79E, 0xF79E, 0xF79E, 0xF79E, 0xF79E, 0xF79E, 0xF7BE, 0xF7BE, 0xF7BE, 0xF7BE, 0xF7BF, 
    0xF7BF, 0xF7BE, 0xF7BE, 0xF7BE, 0xF7BE, 0xF7BF, 0xF7BF, 0xF7BF, 0xF7BF, 0xF7BF, 0xF7BF, 0xF7BF, 
    0xF7BF, 0xF7BF, 0xF7BF, 0xF7BF, 0xF7BF, 0xF7BF, 0xF7BF, 0xF7BF, 0xF7BF, 0xF7BF, 0xF7DF, 0xF7DF, 
    0xF7DF, 0xF7DF, 0xF7BF, 0xF7BF, 0xF7BF, 0xF7BF, 0xF7BF, 0xF7BF, 0xF7BF, 0xF7BF, 0xF7BF, 0xF7BF, 
    0xF7BF, 0xF7BF, 0xF7BF, 0xF7BF, 0xF7BF, 0xF7BF, 0xF7BF, 0xF7BF, 0xF7BF, 0xF7BF, 0xF7BF, 0xF7BF, 
    0xF7BF, 0xF7BF, 0xF7BF, 0xF7BF, 0xF7BF, 0xF7BF, 0xF7BF, 0xF7BF, 0xF7BF, 0xF7BF, 0xF7BF, 0xF7BF, 
    0xF7BF, 0xF7BF, 0xF7BF, 0xF7BF, 0xF7BF, 0xF7BF, 0xF7BF, 0xF7BF, 0xF7BF, 0xF7BF, 0xF7BF, 0xF7BF, 
    0xF7BF, 0xF7BF, 0xF7BF, 0xF7BF, 0xF7BF, 0xF7BF, 0xF7BF, 0xF7BF, 0xF7BF, 0xF7BF, 0xF7BF, 0xF7BF, 
    0xF7BF, 0xF7BF, 0xF7BF, 0xF7BF, 0xF7BF, 0xF7BF, 0xF7BF, 
    0xF7BF, 0xF7BF, 0xF7BF, 0xF7BE, 0xF7BF, 0xF7BF, 0xF7BF, 0xF7BF, 0xF7BF, 0xF7BF, 0xF7BF, 0xF7BF, 
    0xF7BF, 0xF7BF, 0xF7BF, 0xF7BF, 0xF7BF, 0xF7BF, 0xF7BF, 0xF7BF, 0xF7BF, 0xF7BF, 0xF7BF, 0xF7BF, 
    0xF7BF, 0xF7BF, 0xF7BF, 0xF7BF, 0xF7BF, 0xF7BF, 0xF7BF, 0xF7BF, 0xF7BE, 0xF7BF, 0xF7BF, 0xF7BF, 
    0xF7BF, 0xF7BF, 0xF7BF, 0xF7BF, 0xF7BF, 0xF7BF, 0xF7BF, 0xF7BF, 0xF7BF, 0xF7BF, 0xF7BF, 0xF7BF, 
    0xF7BF, 0xF7BF, 0xF7BF, 0xF7BF, 0xF7BF, 0xF7BF, 0xF7BF, 0xF7BE, 0xF7BE, 0xF7BF, 0xF7BF, 0xF7BF, 
    0xF7BF, 0xF7BF, 0xF7BF, 0xF7BF, 0xF7BF, 0xF7BF, 0xF7BF, 0xF7BF, 0xF7BF, 0xF7BF, 0xF7BF, 0xF7BF, 
    0xF7BF, 0xF7BF, 0xF7BF, 0xF7BF, 0xF7DF, 0xF7DF, 0xF7BF, 0xF7DF, 0xF7BF, 0xF7BF, 0xF7BF, 0xF7BE, 
    0xF7BE, 0xF7BF, 0xF7BE, 0xFFDF, 0xFFDF, 0xFFFF, 0xFFFF, 0xFFFF, 0xFFFF, 0xFFFF, 0xFFFF, 0xFFFF, 
    0xFFDF, 0xFFDF, 0xFFDF, 0xFFDF, 0xFFDF, 0xFFDF, 0xFFDF, 0xFFFF, 0xFFFF, 0xFFFF, 0xFFFF, 0xFFFF, 
    0xFFFF, 0xFFDF, 0xFFBF, 0xF7BE, 0xF79E, 0xF79E, 0xF79E, 0xF79E, 0xF7BE, 0xF7BE, 0xF7BE, 0xF7BE, 
    0xF7BE, 0xF7BF, 0xF7BF, 0xF7BF, 0xF7BF, 0xF7BF, 0xF7BF, 0xF7BF, 0xF7BF, 0xF7DF, 0xF7DF, 0xF7BF, 
    0xF7BF, 0xF7BF, 0xF7BF, 0xF7BF, 0xF7BF, 0xF7BF, 0xF7BF, 0xF7BF, 0xF7BF, 0xF7BF, 0xF7BF, 0xF7BF, 
    0xF7BF, 0xF7BF, 0xF7BF, 0xF7BF, 0xF7BF, 0xF7BF, 0xF7BF, 0xF7BF, 0xF7BF, 0xF7BF, 0xF7BF, 0xF7BF, 
    0xF7BF, 0xF7BF, 0xF7BF, 0xF7BF, 0xF7BF, 0xF7BF, 0xF7BF, 0xF7BF, 0xF7BF, 0xF7BF, 0xF7BF, 0xF7BF, 
    0xF7BF, 0xF7BF, 0xF7BF, 0xF7BF, 0xF7BF, 0xF7BF, 0xF7BF, 0xF7BE, 0xF7BE, 0xF7BF, 0xF7BF, 0xF7BF, 
    0xF7BF, 0xF7BF, 0xF7BF, 0xF7BF, 0xF7BF, 0xF7BF, 0xF7BF, 0xF7BF, 0xF7BF, 0xF7BF, 0xF7BF, 0xF7BF, 
    0xF7BF, 0xF7BF, 0xF7BF, 0xF7BF, 0xF7BF, 0xF7BF, 0xF7BF, 
    0xF7BF, 0xF7BE, 0xF7BE, 0xF7BE, 0xF7BF, 0xF7BF, 0xF7BE, 0xF7BF, 0xF7BF, 0xF7BF, 0xF7BF, 0xF7BF, 
    0xF7BF, 0xF7BF, 0xF7BF, 0xF7BF, 0xF7BF, 0xF7BF, 0xF7BF, 0xF7BF, 0xF7BF, 0xF7BF, 0xF7BF, 0xF7BF, 
    0xF7BF, 0xF7BF, 0xF7BF, 0xF7BF, 0xF7BF, 0xF7BF, 0xF7BF, 0xF7BF, 0xF7BF, 0xF7BF, 0xF7BF, 0xF7BF, 
    0xF7BF, 0xF7BF, 0xF7BF, 0xF7BF, 0xF7BF, 0xF7BF, 0xF7BF, 0xF7BF, 0xF7BF, 0xF7BF, 0xF7BF, 0xF7BF, 
    0xF7BF, 0xF7BF, 0xF7BF, 0xF7BF, 0xF7BF, 0xF7BF, 0xF7BF, 0xF7BF, 0xF7BF, 0xF7BF, 0xF7BF, 0xF7BF, 
    0xF7BF, 0xF7BF, 0xF7BF, 0xF7BF, 0xF7BF, 0xF7BF, 0xF7BF, 0xF7BF, 0xF7BF, 0xF7BF, 0xF7BF, 0xF7BF, 
    0xF7BF, 0xF7BF, 0xF7BF, 0xF7BF, 0xF7BF, 0xF7BF, 0xF7BF, 0xF7BF, 0xFFDF, 0xFFDF, 0xFFFF, 0xFFFF, 
    0xFFFF, 0xFFFF, 0xFFFF, 0xFFFF, 0xFFDF, 0xF79E, 0xEF7D, 0xCE9B, 0xBDF9, 0xA577, 0x9516, 0x8CF5, 
    0x8CD5, 0x84B4, 0x84B4, 0x8494, 0x84B4, 0x84B4, 0x8CD5, 0x8CF5, 0x9536, 0xADB8, 0xC63A, 0xD6BB, 
    0xE73D, 0xEF5D, 0xF79E, 0xFFDF, 0xFFDF, 0xFFDF, 0xFFDF, 0xFFDF, 0xFFDF, 0xF7BE, 0xF7BE, 0xF7BE, 
    0xF7BE, 0xF7BE, 0xF7BF, 0xF7BF, 0xF7BF, 0xF7BF, 0xF7BF, 0xF7BF, 0xF7BF, 0xF7BF, 0xF7BF, 0xF7BF, 
    0xF7BF, 0xF7BF, 0xF7BF, 0xF7BF, 0xF7BF, 0xF7BF, 0xF7BF, 0xF7BF, 0xF7BF, 0xF7BF, 0xF7BF, 0xF7BF, 
    0xF7BF, 0xF7BF, 0xF7BF, 0xF7BF, 0xF7BF, 0xF7BF, 0xF7BF, 0xF7BF, 0xF7BF, 0xF7BF, 0xF7BF, 0xF7BF, 
    0xF7BF, 0xF7BF, 0xF7BF, 0xF7BF, 0xF7BF, 0xF7BF, 0xF7BF, 0xF7BF, 0xF7BF, 0xF7BF, 0xF7BF, 0xF7BF, 
    0xF7BF, 0xF7BF, 0xF7BF, 0xF7BF, 0xF7BF, 0xF7BF, 0xF7BF, 0xF7BF, 0xF7BF, 0xF7BF, 0xF7BF, 0xF7BF, 
    0xF7BF, 0xF7BF, 0xF7BF, 0xF7BF, 0xF7BF, 0xF7BF, 0xF7BF, 0xF7BF, 0xF7BF, 0xF7BF, 0xF7BF, 0xF7BF, 
    0xF7BF, 0xF7BF, 0xF7BF, 0xF7BF, 0xF7BF, 0xF7BF, 0xF7BF, 
    0xF7BE, 0xF7BE, 0xF7BF, 0xF7BF, 0xF7BF, 0xF7BF, 0xF7BF, 0xF7BF, 0xF7BF, 0xF7BF, 0xF7BF, 0xF7BF, 
    0xF7BF, 0xF7BF, 0xF7BF, 0xF7BF, 0xF7BF, 0xF7BF, 0xF7BF, 0xF7BF, 0xF7BF, 0xF7BF, 0xF7BF, 0xF7BF, 
    0xF7BF, 0xF7BF, 0xF7BF, 0xF7BF, 0xF7BF, 0xF7BF, 0xF7BF, 0xF7BF, 0xF7BF, 0xF7BF, 0xF7BF, 0xF7BF, 
    0xF7BF, 0xF7BF, 0xF7BF, 0xF7BF, 0xF7BF, 0xF7BF, 0xF7BF, 0xF7BF, 0xF7BF, 0xF7BF, 0xF7BF, 0xF7BF, 
    0xF7BF, 0xF7BF, 0xF7BF, 0xF7BF, 0xF7BF, 0xF7BF, 0xF7BF, 0xF7BF, 0xF7BF, 0xF7BF, 0xF7BF, 0xF7BF, 
    0xF7BF, 0xF7BF, 0xF7BF, 0xF7BF, 0xF7BF, 0xF7BF, 0xF7BF, 0xF7BF, 0xF7BF, 0xF7BF, 0xF7BE, 0xF7BE, 
    0xF7BE, 0xF7BE, 0xF7BE, 0xF7BE, 0xF7DF, 0xFFDF, 0xFFDF, 0xFFDF, 0xFFFF, 0xFFFF, 0xF7BE, 0xDF1D, 
    0xC67B, 0xB5F9, 0xA557, 0x94F5, 0x8494, 0x7433, 0x6BF2, 0x5B50, 0x4AEF, 0x42AE, 0x3A6D, 0x326D, 
    0x324C, 0x2A2C, 0x2A2C, 0x2A2C, 0x2A2C, 0x2A2C, 0x322C, 0x324C, 0x3A6C, 0x42AE, 0x530F, 0x5B4F, 
    0x6BB0, 0x6BD1, 0x8473, 0x9516, 0xAD97, 0xADB8, 0xC67A, 0xE73D, 0xF7BF, 0xF7DF, 0xFFDF, 0xFFDF, 
    0xFFDF, 0xFFDF, 0xF7BF, 0xF7BE, 0xF7BE, 0xF7BE, 0xF7BF, 0xF7BF, 0xF7BF, 0xF7BF, 0xF7BF, 0xF7BF, 
    0xF7BF, 0xF7BF, 0xF7BF, 0xF7BF, 0xF7BF, 0xF7BF, 0xF7BF, 0xF7BF, 0xF7BF, 0xF7BF, 0xF7BF, 0xF7BF, 
    0xF7BF, 0xF7BF, 0xF7BF, 0xF7BF, 0xF7BF, 0xF7BF, 0xF7BF, 0xF7BF, 0xF7BF, 0xF7BF, 0xF7BF, 0xF7BF, 
    0xF7BF, 0xF7BF, 0xF7BF, 0xF7BF, 0xF7BF, 0xF7BF, 0xF7BF, 0xF7BF, 0xF7BF, 0xF7BF, 0xF7BF, 0xF7BF, 
    0xF7BF, 0xF7BF, 0xF7BF, 0xF7BF, 0xF7BF, 0xF7BF, 0xF7BF, 0xF7BF, 0xF7BF, 0xF7BF, 0xF7BF, 0xF7BF, 
    0xF7BF, 0xF7BF, 0xF7BF, 0xF7BF, 0xF7BF, 0xF7BF, 0xF7BF, 0xF7BF, 0xF7BF, 0xF7BF, 0xF7BF, 0xF7BF, 
    0xF7BF, 0xF7BF, 0xF7BF, 0xF7BF, 0xF7BF, 0xF7BF, 0xF7BF, 
    0xF7BF, 0xF7BE, 0xF7BF, 0xF7BF, 0xF7BF, 0xF7BF, 0xF7BF, 0xF7BF, 0xF7BF, 0xF7BF, 0xF7BF, 0xF7BF, 
    0xF7BF, 0xF7BF, 0xF7BF, 0xF7BF, 0xF7BF, 0xF7BF, 0xF7BF, 0xF7BF, 0xF7BF, 0xF7BF, 0xF7BF, 0xF7BF, 
    0xF7BF, 0xF7BF, 0xF7BF, 0xF7BF, 0xF7BF, 0xF7BF, 0xF7BF, 0xF7BF, 0xF7BF, 0xF7BF, 0xF7BF, 0xF7BF, 
    0xF7BF, 0xF7BF, 0xF7BF, 0xF7BF, 0xF7BF, 0xF7BF, 0xF7BF, 0xF7BF, 0xF7BF, 0xF7BF, 0xF7BF, 0xF7BF, 
    0xF7BF, 0xF7BF, 0xF7BF, 0xF7BF, 0xF7BF, 0xF7BF, 0xF7BF, 0xF7BF, 0xF7BF, 0xF7BF, 0xF7BF, 0xF7BF, 
    0xF7BF, 0xF7BF, 0xF7BF, 0xF7BF, 0xF7BF, 0xF7BF, 0xF7BF, 0xF7BF, 0xF7BF, 0xF7BE, 0xF7BE, 0xF7BE, 
    0xF7BE, 0xF7BF, 0xFFBF, 0xFFDF, 0xFFDF, 0xF7DF, 0xE75D, 0xD6FC, 0xCE9B, 0xBE39, 0xA5B8, 0x8CB5, 
    0x6BD2, 0x5330, 0x3A8E, 0x220C, 0x19AB, 0x096A, 0x096A, 0x0929, 0x0929, 0x0949, 0x0949, 0x0949, 
    0x0949, 0x0149, 0x0149, 0x0129, 0x0129, 0x0129, 0x0128, 0x0128, 0x0108, 0x0128, 0x0108, 0x0108, 
    0x0108, 0x0108, 0x118A, 0x2A2C, 0x42AE, 0x4AEE, 0x6BD1, 0x8CD5, 0xADB8, 0xBE19, 0xC67A, 0xDEFC, 
    0xEF5D, 0xF7DF, 0xF7BF, 0xF7BF, 0xF7BE, 0xF7BE, 0xF7BE, 0xF7BE, 0xF7BE, 0xF7BF, 0xF7BF, 0xF7BF, 
    0xF7BF, 0xF7BF, 0xF7BF, 0xF7BF, 0xF7BF, 0xF7BF, 0xF7BF, 0xF7BF, 0xF7BF, 0xF7BF, 0xF7BF, 0xF7BF, 
    0xF7BF, 0xF7BF, 0xF7BF, 0xF7BF, 0xF7BF, 0xF7BF, 0xF7BF, 0xF7BF, 0xF7BF, 0xF7BF, 0xF7BF, 0xF7BF, 
    0xF7BF, 0xF7BF, 0xF7BF, 0xF7BF, 0xF7BF, 0xF7BF, 0xF7BF, 0xF7BF, 0xF7BF, 0xF7BF, 0xF7BF, 0xF7BF, 
    0xF7BF, 0xF7BF, 0xF7BF, 0xF7BF, 0xF7BF, 0xF7BF, 0xF7BF, 0xF7BF, 0xF7BF, 0xF7BF, 0xF7BF, 0xF7BF, 
    0xF7BF, 0xF7BF, 0xF7BF, 0xF7BF, 0xF7BF, 0xF7BF, 0xF7BF, 0xF7BF, 0xF7BF, 0xF7BF, 0xF7BF, 0xF7BF, 
    0xF7BF, 0xF7BF, 0xF7BF, 0xF7BF, 0xF7BF, 0xF7BF, 0xF7BF, 
    0xF7BF, 0xF7BF, 0xF7BF, 0xF7BF, 0xF7BF, 0xF7BF, 0xF7BF, 0xF7BF, 0xF7BF, 0xF7BF, 0xF7BF, 0xF7BF, 
    0xF7BE, 0xF7BF, 0xF7BF, 0xF7BF, 0xF7BF, 0xF7BF, 0xF7BF, 0xF7BF, 0xF7BE, 0xF7BF, 0xF7BF, 0xF7BF, 
    0xF7BF, 0xF7BF, 0xF7BF, 0xF7BF, 0xF7BF, 0xF7BF, 0xF7BF, 0xF7BF, 0xF7BF, 0xF7BF, 0xF7BF, 0xF7BF, 
    0xF7BF, 0xF7BF, 0xF7BF, 0xF7BF, 0xF7BF, 0xF7BF, 0xF7BF, 0xF7BF, 0xF7BF, 0xF7BF, 0xF7BF, 0xF7BF, 
    0xF7BF, 0xF7BF, 0xF7BF, 0xF7BF, 0xF7BF, 0xF7BF, 0xF7BF, 0xF7BF, 0xF7BF, 0xF7BF, 0xF7BF, 0xF7BF, 
    0xF7BF, 0xF7BF, 0xF7BF, 0xF7BF, 0xF7BF, 0xF7BF, 0xF7BF, 0xF7BF, 0xF7BE, 0xF7BE, 0xF79E, 0xF79E, 
    0xF7BE, 0xFFDF, 0xF7BF, 0xF79E, 0xEF7D, 0xDEFC, 0xA577, 0x7433, 0x4B0F, 0x220C, 0x098A, 0x0909, 
    0x0109, 0x0949, 0x096A, 0x09AB, 0x11CC, 0x11CC, 0x11ED, 0x11EC, 0x120D, 0x120D, 0x120D, 0x120D, 
    0x11EC, 0x11EC, 0x11EC, 0x11EC, 0x11EC, 0x11CB, 0x11CB, 0x11EB, 0x11EC, 0x11EC, 0x11EC, 0x11CB, 
    0x09AB, 0x098A, 0x016A, 0x0129, 0x00E8, 0x00E7, 0x00E7, 0x0928, 0x1169, 0x21CB, 0x42EE, 0x7C33, 
    0xADB8, 0xDF1C, 0xEF7D, 0xF79E, 0xF7BE, 0xFFDF, 0xF7BE, 0xF79E, 0xF79E, 0xF7BE, 0xF7BF, 0xF7BF, 
    0xF7BF, 0xF7BF, 0xF7BF, 0xF7BF, 0xF7BF, 0xF7BF, 0xF7BF, 0xF7BF, 0xF7BF, 0xF7BF, 0xF7BF, 0xF7BF, 
    0xF7BF, 0xF7BF, 0xF7BF, 0xF7BF, 0xF7BF, 0xF7BF, 0xF7BF, 0xF7BF, 0xF7BF, 0xF7BF, 0xF7BF, 0xF7BF, 
    0xF7BF, 0xF7BF, 0xF7BF, 0xF7BF, 0xF7BF, 0xF7BF, 0xF7BF, 0xF7BF, 0xF7BF, 0xF7BF, 0xF7BF, 0xF7BF, 
    0xF7BF, 0xF7BF, 0xF7BF, 0xF7BF, 0xF7BF, 0xF7BF, 0xF7BF, 0xF7BF, 0xF7BF, 0xF7BF, 0xF7BF, 0xF7BF, 
    0xF7BF, 0xF7BF, 0xF7BF, 0xF7BE, 0xF7BF, 0xF7BF, 0xF7BF, 0xF7BF, 0xF7BF, 0xF7BF, 0xF7BF, 0xF7BF, 
    0xF7BF, 0xF7BF, 0xF7BF, 0xF7BF, 0xF7BF, 0xF7BF, 0xF7BF, 
    0xF7BF, 0xF7BE, 0xF7BE, 0xF7BF, 0xF7BF, 0xF7BF, 0xF7BF, 0xF7BF, 0xF7BF, 0xF7BF, 0xF7BF, 0xF7BF, 
    0xF7BE, 0xF7BF, 0xF7BF, 0xF7BF, 0xF7BF, 0xF7BF, 0xF7BF, 0xF7BF, 0xF7BF, 0xF7BF, 0xF7BF, 0xF7BF, 
    0xF7BF, 0xF7BF, 0xF7BF, 0xF7BF, 0xF7BF, 0xF7BF, 0xF7BF, 0xF7BF, 0xF7BF, 0xF7BF, 0xF7BF, 0xF7BF, 
    0xF7BF, 0xF7BF, 0xF7BF, 0xF7BF, 0xF7BF, 0xF7BF, 0xF7BF, 0xF7BF, 0xF7BF, 0xF7BF, 0xF7BF, 0xF7BF, 
    0xF7BF, 0xF7BF, 0xF7BF, 0xF7BF, 0xF7BF, 0xF7BF, 0xF7BF, 0xF7BF, 0xF7BF, 0xF7BF, 0xF7BF, 0xF7BF, 
    0xF7BF, 0xF7BE, 0xF7BE, 0xF7BE, 0xF7BE, 0xF7BE, 0xF7BE, 0xF79E, 0xF7BE, 0xF7BF, 0xFFDF, 0xFFDF, 
    0xF7BE, 0xDF1C, 0xB5D8, 0x8494, 0x5350, 0x2A4C, 0x19AB, 0x118A, 0x11AB, 0x09AB, 0x11CC, 0x11EC, 
    0x11ED, 0x120D, 0x120D, 0x120D, 0x120D, 0x11ED, 0x120D, 0x11ED, 0x120D, 0x120D, 0x120D, 0x120D, 
    0x11EC, 0x09EC, 0x09CC, 0x09CB, 0x09CB, 0x09CB, 0x09CB, 0x09CB, 0x09CC, 0x11EC, 0x11EC, 0x11EC, 
    0x11CB, 0x09EB, 0x09EB, 0x11CB, 0x09AB, 0x11CB, 0x11CB, 0x11AA, 0x098A, 0x0989, 0x1169, 0x1169, 
    0x21A9, 0x2A2C, 0x4AEE, 0x7C53, 0xB5D8, 0xE73D, 0xF7BF, 0xFFDF, 0xFFDF, 0xF7BE, 0xF79E, 0xF79E, 
    0xF7BE, 0xF7BF, 0xF7BF, 0xF7BF, 0xF7BF, 0xF7BF, 0xF7BF, 0xF7BF, 0xF7BF, 0xF7BF, 0xF7BF, 0xF7BF, 
    0xF7BF, 0xF7BF, 0xF7BF, 0xF7BF, 0xF7BF, 0xF7BF, 0xF7BF, 0xF7BF, 0xF7BF, 0xF7BF, 0xF7BF, 0xF7BF, 
    0xF7BF, 0xF7BF, 0xF7BF, 0xF7BF, 0xF7BF, 0xF7BF, 0xF7BF, 0xF7BF, 0xF7BF, 0xF7BF, 0xF7BF, 0xF7BF, 
    0xF7BF, 0xF7BF, 0xF7BF, 0xF7BF, 0xF7BF, 0xF7BF, 0xF7BF, 0xF7BF, 0xF7BF, 0xF7BF, 0xF7BF, 0xF7BF, 
    0xF7BF, 0xF7BF, 0xF7BF, 0xF7BF, 0xF7BF, 0xF7BF, 0xF7BF, 0xF7BF, 0xF7BF, 0xF7BF, 0xF7BF, 0xF7BF, 
    0xF7BF, 0xF7BF, 0xF7BF, 0xF7BF, 0xF7BF, 0xF7BF, 0xF7BF, 
    0xF7BE, 0xF7BE, 0xF7BF, 0xF7BE, 0xF7BF, 0xF7BF, 0xF7BF, 0xF7BF, 0xF7BF, 0xF7BF, 0xF7BF, 0xF7BF, 
    0xF7BF, 0xF7BF, 0xF7BF, 0xF7BF, 0xF7BF, 0xF7BF, 0xF7BF, 0xF7BF, 0xF7BE, 0xF7BF, 0xF7BF, 0xF7BF, 
    0xF7BF, 0xF7BF, 0xF7BF, 0xF7BF, 0xF7BF, 0xF7BF, 0xF7BF, 0xF7BF, 0xF7BF, 0xF7BF, 0xF7BF, 0xF7BF, 
    0xF7BF, 0xF7BF, 0xF7BF, 0xF7BF, 0xF7BF, 0xF7BF, 0xF7BF, 0xF7BF, 0xF7BF, 0xF7BF, 0xF7BF, 0xF7BF, 
    0xF7BF, 0xF7BF, 0xF7BF, 0xF7BF, 0xF7BF, 0xF7BF, 0xF7BF, 0xF7BF, 0xF7BF, 0xF7BF, 0xF7BF, 0xF7BF, 
    0xF7BF, 0xF7BE, 0xF7BE, 0xF7BE, 0xF7BE, 0xF7BE, 0xF7BE, 0xF7DF, 0xF7DF, 0xEF7E, 0xCE9B, 0xA577, 
    0x7C53, 0x5350, 0x3A8D, 0x2A0C, 0x11AB, 0x098B, 0x098B, 0x09AB, 0x09CC, 0x09EC, 0x120D, 0x120D, 
    0x120D, 0x120D, 0x09ED, 0x09CC, 0x09CC, 0x09AB, 0x098B, 0x096A, 0x096A, 0x096A, 0x096A, 0x0969, 
    0x0949, 0x0949, 0x0949, 0x0129, 0x0149, 0x0148, 0x0128, 0x0128, 0x0129, 0x0149, 0x0129, 0x0129, 
    0x0149, 0x0149, 0x0969, 0x0969, 0x098A, 0x11CB, 0x11EB, 0x11CB, 0x11CB, 0x09AB, 0x098A, 0x098A, 
    0x0969, 0x0969, 0x118A, 0x21EB, 0x3A8D, 0x5B70, 0x8494, 0xADB8, 0xD6DC, 0xF7BE, 0xF7BF, 0xF7BF, 
    0xF7BE, 0xF79E, 0xF7BE, 0xF7BF, 0xF7BF, 0xF7BF, 0xF7BF, 0xF7BF, 0xF7BF, 0xF7BF, 0xF7BF, 0xF7BF, 
    0xF7BF, 0xF7BF, 0xF7BF, 0xF7BF, 0xF7BF, 0xF7BF, 0xF7BF, 0xF7BF, 0xF7BF, 0xF7BF, 0xF7BF, 0xF7BF, 
    0xF7BF, 0xF7BF, 0xF7BF, 0xF7BF, 0xF7BF, 0xF7BF, 0xF7BF, 0xF7BF, 0xF7BF, 0xF7BF, 0xF7BF, 0xF7BF, 
    0xF7BF, 0xF7BF, 0xF7BF, 0xF7BF, 0xF7BF, 0xF7BF, 0xF7BF, 0xF7BF, 0xF7BF, 0xF7BF, 0xF7BF, 0xF7BF, 
    0xF7BF, 0xF7BF, 0xF7BF, 0xF7BF, 0xF7BF, 0xF7BF, 0xF7BF, 0xF7BF, 0xF7BF, 0xF7BF, 0xF7BF, 0xF7BF, 
    0xF7BF, 0xF7BF, 0xF7BF, 0xF7BF, 0xF7BF, 0xF7BF, 0xF7BF, 
    0xF7BE, 0xF7BE, 0xF7BF, 0xF7BE, 0xF7BF, 0xF7BF, 0xF7BF, 0xF7BF, 0xF7BF, 0xF7BF, 0xF7BF, 0xF7BF, 
    0xF7BF, 0xF7BF, 0xF7BF, 0xF7BF, 0xF7BF, 0xF7BF, 0xF7BF, 0xF7BF, 0xF7BE, 0xF7BF, 0xF7BF, 0xF7BF, 
    0xF7BF, 0xF7BF, 0xF7BF, 0xF7BF, 0xF7BF, 0xF7BF, 0xF7BF, 0xF7BF, 0xF7BF, 0xF7BF, 0xF7BF, 0xF7BF, 
    0xF7BF, 0xF7BF, 0xF7BF, 0xF7BF, 0xF7BF, 0xF7BF, 0xF7BF, 0xF7BF, 0xF7BF, 0xF7BF, 0xF7BF, 0xF7BF, 
    0xF7BF, 0xF7BF, 0xF7BF, 0xF7BF, 0xF7BF, 0xF7BF, 0xF7BF, 0xF7BF, 0xF7BF, 0xF7BF, 0xF7BF, 0xF7BF, 
    0xF7BF, 0xF7BE, 0xF7BE, 0xF7BE, 0xF7BE, 0xF7BE, 0xEF9E, 0xDF1C, 0xBE19, 0x9515, 0x6BD1, 0x42AE, 
    0x21CB, 0x0929, 0x0129, 0x0929, 0x096A, 0x09CB, 0x09EC, 0x09EC, 0x09EC, 0x09CC, 0x09CC, 0x09AB, 
    0x09AB, 0x09AB, 0x09AB, 0x11CC, 0x11CB, 0x19EC, 0x222C, 0x3AAE, 0x42EE, 0x4AEF, 0x4AEE, 0x4AEE, 
    0x4B0F, 0x532F, 0x534F, 0x532F, 0x534F, 0x532F, 0x532F, 0x530F, 0x42CE, 0x3A6C, 0x322C, 0x2A0B, 
    0x2A2B, 0x21EB, 0x19CA, 0x11AA, 0x098A, 0x0989, 0x0969, 0x0969, 0x098A, 0x098A, 0x11CA, 0x11CB, 
    0x11CB, 0x09AA, 0x0969, 0x0929, 0x0128, 0x0949, 0x21EB, 0x4AEF, 0x7433, 0x9D77, 0xC65A, 0xE71C, 
    0xEF9E, 0xF7BE, 0xF7BF, 0xF7BE, 0xF7BE, 0xF7BE, 0xF7BF, 0xF7BF, 0xF7BF, 0xF7BF, 0xF7BF, 0xF7BF, 
    0xF7BF, 0xF7BF, 0xF7BF, 0xF7BF, 0xF7BF, 0xF7BF, 0xF7BF, 0xF7BF, 0xF7BF, 0xF7BF, 0xF7BF, 0xF7BF, 
    0xF7BF, 0xF7BF, 0xF7BF, 0xF7BF, 0xF7BF, 0xF7BF, 0xF7BF, 0xF7BF, 0xF7BE, 0xF7BF, 0xF7BF, 0xF7BF, 
    0xF7BF, 0xF7BF, 0xF7BF, 0xF7BF, 0xF7BF, 0xF7BF, 0xF7BF, 0xF7BF, 0xF7BF, 0xF7BF, 0xF7BF, 0xF7BF, 
    0xF7BF, 0xF7BF, 0xF7BF, 0xF7BF, 0xF7BF, 0xF7BF, 0xF7BF, 0xF7BF, 0xF7BF, 0xF7BF, 0xF7BF, 0xF7BF, 
    0xF7BF, 0xF7BF, 0xF7BF, 0xF7BF, 0xF7BF, 0xF7BF, 0xF7BF, 
    0xF7BE, 0xF7BE, 0xF7BF, 0xF7BF, 0xF7BF, 0xF7BF, 0xF7BF, 0xF7BF, 0xF7BF, 0xF7BF, 0xF7BF, 0xF7BF, 
    0xF7BE, 0xF7BF, 0xF7BF, 0xF7BF, 0xF7BF, 0xF7BF, 0xF7BF, 0xF7BF, 0xF7BE, 0xF7BF, 0xF7BF, 0xF7BF, 
    0xF7BF, 0xF7BF, 0xF7BF, 0xF7BF, 0xF7BF, 0xF7BF, 0xF7BF, 0xF7BF, 0xF7BF, 0xF7BF, 0xF7BF, 0xF7BF, 
    0xF7BF, 0xF7BF, 0xF7BF, 0xF7BF, 0xF7BF, 0xF7BF, 0xF7BF, 0xF7BF, 0xF7BF, 0xF7BF, 0xF7BF, 0xF7BF, 
    0xF7BF, 0xF7BF, 0xF7BF, 0xF7BF, 0xF7BF, 0xF7BF, 0xF7BF, 0xF7BF, 0xF7BF, 0xF7BF, 0xF7BF, 0xF7BF, 
    0xF7BE, 0xF7BE, 0xF7BE, 0xF7BE, 0xF7BE, 0xE75D, 0xC67A, 0x9516, 0x42EE, 0x1189, 0x00E8, 0x00E8, 
    0x0149, 0x098A, 0x11AA, 0x11AB, 0x09AA, 0x09AB, 0x09AB, 0x09AB, 0x09AB, 0x098B, 0x098A, 0x116A, 
    0x19AB, 0x2A2C, 0x326D, 0x3AEF, 0x432F, 0x5370, 0x7453, 0xA577, 0xB619, 0xBE3A, 0xBE3A, 0xC67A, 
    0xCEBB, 0xD6DC, 0xDF1C, 0xDF1C, 0xDF1C, 0xDF1C, 0xDEFC, 0xD6DB, 0xBE39, 0xA577, 0x8CF5, 0x84D5, 
    0x7C94, 0x6C12, 0x63D1, 0x5370, 0x3AAE, 0x2A2B, 0x19AA, 0x1149, 0x0968, 0x0948, 0x0989, 0x0989, 
    0x098A, 0x11AA, 0x11AA, 0x11AB, 0x11AA, 0x098A, 0x0128, 0x00E7, 0x0108, 0x19CB, 0x5350, 0x9D36, 
    0xCE7A, 0xE73D, 0xF7BE, 0xF7BE, 0xF7BE, 0xF7BE, 0xF7BF, 0xF7BF, 0xF7BF, 0xF7BF, 0xF7BF, 0xF7BF, 
    0xF7BF, 0xF7BF, 0xF7BF, 0xF7BF, 0xF7BF, 0xF7BF, 0xF7BF, 0xF7BF, 0xF7BF, 0xF7BF, 0xF7BF, 0xF7BF, 
    0xF7BF, 0xF7BF, 0xF7BF, 0xF7BF, 0xF7BF, 0xF7BF, 0xF7BF, 0xF7BF, 0xF7BE, 0xF7BF, 0xF7BF, 0xF7BF, 
    0xF7BF, 0xF7BF, 0xF7BF, 0xF7BF, 0xF7BF, 0xF7BF, 0xF7BF, 0xF7BF, 0xF7BF, 0xF7BF, 0xF7BF, 0xF7BF, 
    0xF7BF, 0xF7BF, 0xF7BF, 0xF7BE, 0xF7BF, 0xF7BF, 0xF7BF, 0xF7BF, 0xF7BF, 0xF7BF, 0xF7BF, 0xF7BF, 
    0xF7BF, 0xF7BF, 0xF7BF, 0xF7BF, 0xF7BF, 0xF7BF, 0xF7BF, 
    0xF7BE, 0xF7BE, 0xF7BF, 0xF7BF, 0xF7BF, 0xF7BF, 0xF7BF, 0xF7BF, 0xF7BF, 0xF7BF, 0xF7BF, 0xF7BF, 
    0xF7BF, 0xF7BF, 0xF7BF, 0xF7BF, 0xF7BF, 0xF7BF, 0xF7BF, 0xF7BF, 0xF7BF, 0xF7BF, 0xF7BF, 0xF7BF, 
    0xF7BF, 0xF7BF, 0xF7BF, 0xF7BF, 0xF7BF, 0xF7BF, 0xF7BF, 0xF7BF, 0xF7BF, 0xF7BF, 0xF7BF, 0xF7BF, 
    0xF7BF, 0xF7BF, 0xF7BF, 0xF7BF, 0xF7BF, 0xF7DF, 0xF7DF, 0xF7DF, 0xF7BF, 0xF7BF, 0xF7BF, 0xF7BF, 
    0xF7BF, 0xF7BF, 0xF7BF, 0xF7BF, 0xF7BF, 0xF7BF, 0xF7BF, 0xF7BF, 0xF7BF, 0xF7BF, 0xF7BF, 0xF7BE, 
    0xF7BE, 0xFFDF, 0xFFDF, 0xF7BE, 0xD6DB, 0x8473, 0x3A8D, 0x1149, 0x00E8, 0x096A, 0x098A, 0x09AB, 
    0x09AB, 0x09AA, 0x09CB, 0x11CB, 0x09AA, 0x096A, 0x0108, 0x0108, 0x096A, 0x19CB, 0x2A4C, 0x4B30, 
    0x84B5, 0xBE7A, 0xD6FC, 0xE77D, 0xEF9E, 0xF79E, 0xF7BF, 0xFFDF, 0xFFDF, 0xFFDF, 0xFFDF, 0xFFDF, 
    0xFFFF, 0xFFFF, 0xFFFF, 0xFFFF, 0xFFFF, 0xFFFF, 0xFFFF, 0xFFFF, 0xFFDF, 0xFFDF, 0xF7DF, 0xF7DF, 
    0xF7BF, 0xF7BE, 0xF79E, 0xEF7E, 0xE75D, 0xCE7A, 0x9D16, 0x7412, 0x5370, 0x2A4C, 0x1189, 0x00C6, 
    0x0086, 0x0127, 0x0948, 0x118A, 0x11CB, 0x11CB, 0x11CB, 0x09AA, 0x098A, 0x0129, 0x00C7, 0x0928, 
    0x3A8D, 0x8494, 0xD6FC, 0xF7BE, 0xFFDF, 0xFFDF, 0xF7BE, 0xF7BE, 0xF7BF, 0xF7BF, 0xF7BF, 0xF7BF, 
    0xF7BF, 0xF7BF, 0xF7BF, 0xF7BF, 0xF7BF, 0xF7BF, 0xF7BF, 0xF7BF, 0xF7BF, 0xF7BF, 0xF7BF, 0xF7BF, 
    0xF7BF, 0xF7BF, 0xF7BF, 0xF7BF, 0xF7BF, 0xF7BF, 0xF7BF, 0xF7BF, 0xF7BF, 0xF7BF, 0xF7BF, 0xF7BF, 
    0xF7BF, 0xF7BF, 0xF7BF, 0xF7BF, 0xF7BF, 0xF7BF, 0xF7BF, 0xF7BF, 0xF7BF, 0xF7BF, 0xF7BF, 0xF7BF, 
    0xF7BF, 0xF7BF, 0xF7BF, 0xF7BF, 0xF7BF, 0xF7BF, 0xF7BF, 0xF7BF, 0xF7BF, 0xF7BF, 0xF7BF, 0xF7BF, 
    0xF7BF, 0xF7BF, 0xF7BF, 0xF7BF, 0xF7BF, 0xF7BF, 0xF7BF, 
    0xF7BE, 0xF7BE, 0xF7BF, 0xF7BF, 0xF7BF, 0xF7BF, 0xF7BF, 0xF7BF, 0xF7BF, 0xF7BF, 0xF7BF, 0xF7BF, 
    0xF7BF, 0xF7BF, 0xF7BF, 0xF7BF, 0xF7BF, 0xF7BF, 0xF7BF, 0xF7BF, 0xF7BF, 0xF7BF, 0xF7BF, 0xF7BF, 
    0xF7BF, 0xF7BF, 0xF7BF, 0xF7BF, 0xF7BF, 0xF7BF, 0xF7BF, 0xF7BF, 0xF7BF, 0xF7BF, 0xF7BF, 0xF7BF, 
    0xF7BF, 0xF7BF, 0xF7BF, 0xF7BF, 0xF7BF, 0xF7BF, 0xF7BF, 0xF7DF, 0xF7BF, 0xF7BF, 0xF7BF, 0xF7BF, 
    0xF7BF, 0xF7BF, 0xF7BF, 0xF7BF, 0xF7BF, 0xF7BF, 0xF7BF, 0xF7BF, 0xF7BF, 0xF7BE, 0xF7BF, 0xFFDF, 
    0xFFFF, 0xE77D, 0xBE19, 0x7C53, 0x42CE, 0x21EB, 0x118A, 0x096A, 0x098A, 0x09AB, 0x09AB, 0x09CB, 
    0x09CB, 0x018A, 0x0129, 0x0128, 0x0949, 0x19CB, 0x3A8D, 0x6BF2, 0x9D56, 0xB619, 0xBE5A, 0xCE9B, 
    0xDF1D, 0xEF9E, 0xF7BE, 0xFFDF, 0xFFDF, 0xFFDF, 0xFFDF, 0xFFDF, 0xFFDF, 0xFFDF, 0xFFDF, 0xFFDF, 
    0xFFDF, 0xFFDF, 0xFFDF, 0xFFDF, 0xFFDF, 0xFFDF, 0xFFDF, 0xFFDF, 0xF7DF, 0xF7BF, 0xF7BF, 0xF7BF, 
    0xF7BF, 0xF79E, 0xF79F, 0xF79F, 0xF79E, 0xEF7E, 0xE71D, 0xD6BB, 0xCE9B, 0xBE39, 0x9D56, 0x7C53, 
    0x532F, 0x326C, 0x1169, 0x0928, 0x0128, 0x0928, 0x098A, 0x09AA, 0x09AB, 0x09AB, 0x098A, 0x096A, 
    0x116A, 0x21EB, 0x42EE, 0x8494, 0xC65A, 0xEF9E, 0xFFFF, 0xFFDF, 0xF7DF, 0xF7BF, 0xF7DF, 0xF7DF, 
    0xF7DF, 0xF7BF, 0xF7BF, 0xF7BF, 0xF7BF, 0xF7BF, 0xF7BF, 0xF7BF, 0xF7BF, 0xF7BF, 0xF7BF, 0xF7BF, 
    0xF7BF, 0xF7BF, 0xF7BF, 0xF7BF, 0xF7BF, 0xF7BF, 0xF7BF, 0xF7BF, 0xF7BF, 0xF7BF, 0xF7BF, 0xF7BF, 
    0xF7BF, 0xF7BF, 0xF7BF, 0xF7BF, 0xF7BF, 0xF7BF, 0xF7BF, 0xF7BF, 0xF7BF, 0xF7BF, 0xF7BF, 0xF7BF, 
    0xF7BF, 0xF7BF, 0xF7BF, 0xF7BF, 0xF7BF, 0xF7BF, 0xF7BF, 0xF7BF, 0xF7BF, 0xF7BF, 0xF7BF, 0xF7BF, 
    0xF7BF, 0xF7BF, 0xF7BF, 0xF7BF, 0xF7BF, 0xF7BF, 0xF7BF, 
    0xF7BF, 0xF7BF, 0xF7BF, 0xF7BF, 0xF7BF, 0xF7BF, 0xF7BF, 0xF7BF, 0xF7BF, 0xF7BF, 0xF7BF, 0xF7BF, 
    0xF7BF, 0xF7BF, 0xF7BF, 0xF7BF, 0xF7BF, 0xF7BF, 0xF7BF, 0xF7BF, 0xF7BF, 0xF7BF, 0xF7BF, 0xF7BF, 
    0xF7BF, 0xF7BF, 0xF7BF, 0xF7BF, 0xF7BF, 0xF7BF, 0xF7BF, 0xF7BF, 0xF7BF, 0xF7BF, 0xF7BF, 0xF7BF, 
    0xF7BF, 0xF7BF, 0xF7BF, 0xF7BF, 0xF7BF, 0xF7BF, 0xF7BF, 0xF7BF, 0xF7BF, 0xF7BF, 0xF7BF, 0xF7BF, 
    0xF7BF, 0xF7BF, 0xF7BF, 0xF7BF, 0xF7BF, 0xF7BF, 0xF7BF, 0xF7BE, 0xF7BF, 0xFFDF, 0xF7BF, 0xEF7E, 
    0xBE39, 0x8CB4, 0x5330, 0x29EB, 0x096A, 0x0969, 0x098A, 0x09CB, 0x09CB, 0x09CB, 0x098A, 0x0169, 
    0x0149, 0x098A, 0x2A4C, 0x4B0F, 0x63D1, 0x84D5, 0x9D77, 0xC67A, 0xE75D, 0xF7BE, 0xF7BF, 0xF7BF, 
    0xF7DF, 0xF7DF, 0xF7BF, 0xF7BF, 0xF7BF, 0xF7BF, 0xF7BF, 0xF7BF, 0xF7DF, 0xFFDF, 0xFFDF, 0xFFDF, 
    0xFFDF, 0xFFDF, 0xFFDF, 0xFFDF, 0xFFDF, 0xFFDF, 0xFFDF, 0xF7BF, 0xF7BF, 0xF7BF, 0xF7BE, 0xF79E, 
    0xF79E, 0xF77E, 0xF77E, 0xF79E, 0xF77E, 0xF79F, 0xF79E, 0xF79E, 0xF79E, 0xF79E, 0xE73D, 0xCEBB, 
    0xB5F9, 0x9D36, 0x7433, 0x5350, 0x3A6C, 0x198A, 0x1169, 0x0928, 0x0949, 0x09AA, 0x09CB, 0x09CB, 
    0x098A, 0x096A, 0x096A, 0x2A2C, 0x6391, 0x94F6, 0xC65A, 0xEF9E, 0xFFDF, 0xFFDF, 0xFFDF, 0xF7BF, 
    0xF7DF, 0xF7DF, 0xF7BF, 0xF7BF, 0xF7BF, 0xF7BF, 0xF7BF, 0xF7BF, 0xF7BF, 0xF7BF, 0xF7BF, 0xF7BF, 
    0xF7BF, 0xF7BF, 0xF7BF, 0xF7BF, 0xF7BF, 0xF7BF, 0xF7BF, 0xF7BF, 0xF7BF, 0xF7BF, 0xF7BF, 0xF7BF, 
    0xF7BF, 0xF7BF, 0xF7BF, 0xF7BF, 0xF7BF, 0xF7BF, 0xF7BF, 0xF7BF, 0xF7BF, 0xF7BF, 0xF7BF, 0xF7BF, 
    0xF7BF, 0xF7BF, 0xF7BF, 0xF7BF, 0xF7BF, 0xF7BF, 0xF7BF, 0xF7BF, 0xF7BF, 0xF7BF, 0xF7BF, 0xF7BF, 
    0xF7BF, 0xF7BF, 0xF7BF, 0xF7BF, 0xF7BF, 0xF7BF, 0xF7BF, 
    0xF7BF, 0xF7BF, 0xF7BF, 0xF7BF, 0xF7BF, 0xF7BF, 0xF7BF, 0xF7BF, 0xF7BE, 0xF7BE, 0xF7BE, 0xF7BF, 
    0xF7BF, 0xF7BF, 0xF7BF, 0xF7BF, 0xF7BF, 0xF7BF, 0xF7BF, 0xF7BF, 0xF7BF, 0xF7BF, 0xF7BF, 0xF7BF, 
    0xF7BF, 0xF7BF, 0xF7BF, 0xF7BF, 0xF7BF, 0xF7BF, 0xF7BF, 0xF7BF, 0xF7BF, 0xF7BF, 0xF7BF, 0xF7BF, 
    0xF7BF, 0xF7BF, 0xF7BF, 0xF7BF, 0xF7BF, 0xF7BF, 0xF7BF, 0xF7BF, 0xF7BF, 0xF7BF, 0xF7BF, 0xF7BF, 
    0xF7BF, 0xF7BF, 0xF7BF, 0xF7BF, 0xF7BF, 0xF7BF, 0xF7BF, 0xF7BF, 0xF7BF, 0xEF7D, 0xCEBB, 0xA577, 
    0x5B71, 0x21EB, 0x0929, 0x094A, 0x09CC, 0x09EC, 0x11EB, 0x09CB, 0x09AA, 0x098A, 0x098A, 0x19CB, 
    0x324C, 0x4B2F, 0x7CB4, 0xADF9, 0xD6FC, 0xF7BE, 0xF7BE, 0xF7BF, 0xF7BE, 0xF7BE, 0xF79E, 0xF79E, 
    0xF79E, 0xF79E, 0xF79E, 0xF7BE, 0xF7BF, 0xF7BF, 0xF7DF, 0xF7DF, 0xF7DF, 0xFFDF, 0xFFDF, 0xFFDF, 
    0xFFDF, 0xFFDF, 0xFFDF, 0xFFDF, 0xFFDF, 0xFFDF, 0xF7DF, 0xF7DF, 0xF7BF, 0xF7BF, 0xF7BF, 0xF7BF, 
    0xF79F, 0xF79F, 0xF79F, 0xF79E, 0xF77E, 0xF77E, 0xEF7E, 0xEF7E, 0xEF7E, 0xEF7E, 0xF79E, 0xF7BF, 
    0xF7BF, 0xF79F, 0xE73D, 0xC65A, 0x9516, 0x63B1, 0x42CE, 0x29EB, 0x1989, 0x0989, 0x098A, 0x11CB, 
    0x11EC, 0x11EC, 0x09AB, 0x094A, 0x114A, 0x2A2C, 0x63B2, 0xADD8, 0xD6DC, 0xEF9E, 0xFFDF, 0xFFDF, 
    0xF7DF, 0xF7DF, 0xF7DF, 0xF7BF, 0xF7BF, 0xF7BF, 0xF7BF, 0xF7BF, 0xF7BF, 0xF7BF, 0xF7BF, 0xF7BF, 
    0xF7BF, 0xF7BF, 0xF7BF, 0xF7BF, 0xF7BF, 0xF7BF, 0xF7BF, 0xF7BF, 0xF7BF, 0xF7BF, 0xF7BF, 0xF7BF, 
    0xF7BF, 0xF7BF, 0xF7BF, 0xF7BF, 0xF7BF, 0xF7BF, 0xF7BF, 0xF7BF, 0xF7BF, 0xF7BF, 0xF7BF, 0xF7BF, 
    0xF7BF, 0xF7BF, 0xF7BF, 0xF7BF, 0xF7BF, 0xF7BF, 0xF7BF, 0xF7BF, 0xF7BF, 0xF7BF, 0xF7BF, 0xF7BF, 
    0xF7BF, 0xF7BF, 0xF7BF, 0xF7BF, 0xF7BF, 0xF7BF, 0xF7BF, 
    0xF7BF, 0xF7BF, 0xF7BF, 0xF7BF, 0xF7BF, 0xF7BF, 0xF7BE, 0xF7BF, 0xF7BF, 0xF7BF, 0xF7BE, 0xF7BE, 
    0xF7BF, 0xF7BF, 0xF7BF, 0xF7BF, 0xF7BF, 0xF7BF, 0xF7BF, 0xF7BF, 0xF7BF, 0xF7BF, 0xF7BF, 0xF7BF, 
    0xF7BF, 0xF7BF, 0xF7BF, 0xF7BF, 0xF7BF, 0xF7BF, 0xF7BF, 0xF7BF, 0xF7BF, 0xF7BF, 0xF7BF, 0xF7BF, 
    0xF7BF, 0xF7BF, 0xF7BF, 0xF7BF, 0xF7BF, 0xF7BF, 0xF7BF, 0xF7DF, 0xF7BF, 0xF7BF, 0xF7BF, 0xF7BF, 
    0xF7BF, 0xF7BF, 0xF7BF, 0xF7BF, 0xF7BE, 0xF7BE, 0xF7BF, 0xFFDF, 0xF79E, 0xB5D8, 0x5B70, 0x0949, 
    0x0109, 0x098B, 0x11EC, 0x120D, 0x120D, 0x120C, 0x09EB, 0x098A, 0x0108, 0x0928, 0x2A4D, 0x6C33, 
    0xBE5A, 0xEF7E, 0xF7BF, 0xFFDF, 0xF7DF, 0xF7BE, 0xEF9E, 0xEF9E, 0xF79E, 0xF79E, 0xF79E, 0xF7BE, 
    0xF7BE, 0xF7BE, 0xF7BE, 0xF7BF, 0xF7BF, 0xF7BF, 0xF7BF, 0xF7BF, 0xF7DF, 0xF7DF, 0xF7DF, 0xF7DF, 
    0xF7DF, 0xF7DF, 0xFFDF, 0xF7DF, 0xF7DF, 0xF7BF, 0xF7BF, 0xF7BF, 0xF7BF, 0xF7BF, 0xF7BF, 0xF7BE, 
    0xF79E, 0xF79E, 0xF79E, 0xF79E, 0xF79E, 0xF79E, 0xEF9E, 0xEF9E, 0xEF9E, 0xEF7E, 0xEF7E, 0xEF7E, 
    0xEF5E, 0xF77E, 0xF79F, 0xFFBF, 0xFFDF, 0xF7BF, 0xDEFC, 0x9D57, 0x5B70, 0x21CB, 0x08E7, 0x0929, 
    0x118B, 0x11EC, 0x1A0D, 0x1A0D, 0x11CC, 0x096A, 0x0929, 0x19AA, 0x6BF2, 0xC65A, 0xFFDF, 0xFFFF, 
    0xFFDF, 0xF7BF, 0xF7BF, 0xFFDF, 0xF7BF, 0xF7BF, 0xF7BF, 0xF7BF, 0xF7BF, 0xF7BF, 0xF7BF, 0xF7BF, 
    0xF7BF, 0xF7BF, 0xF7BF, 0xF7BF, 0xF7BF, 0xF7BF, 0xF7BF, 0xF7BF, 0xF7BF, 0xF7BF, 0xF7BF, 0xF7BF, 
    0xF7BF, 0xF7BF, 0xF7BF, 0xF7BF, 0xF7BF, 0xF7BF, 0xF7BF, 0xF7BF, 0xF7BF, 0xF7BF, 0xF7BF, 0xF7BF, 
    0xF7BF, 0xF7BF, 0xF7BF, 0xF7BF, 0xF7BF, 0xF7BF, 0xF7BF, 0xF7BF, 0xF7BF, 0xF7BF, 0xF7BF, 0xF7BF, 
    0xF7BF, 0xF7BF, 0xF7BF, 0xF7BF, 0xF7BF, 0xF7BF, 0xF7BF, 
    0xF7BF, 0xF7BF, 0xF7BF, 0xF7BF, 0xF7BF, 0xF7BE, 0xF7BE, 0xF7BF, 0xF7BF, 0xF7BF, 0xF7BF, 0xF7BE, 
    0xF7BE, 0xF7BF, 0xF7BF, 0xF7BF, 0xF7BF, 0xF7BF, 0xF7BF, 0xF7BF, 0xF7BF, 0xF7BF, 0xF7BF, 0xF7BF, 
    0xF7BF, 0xF7BF, 0xF7BF, 0xF7BF, 0xF7BF, 0xF7BF, 0xF7BF, 0xF7BF, 0xF7BF, 0xF7BF, 0xF7BF, 0xF7BF, 
    0xF7BF, 0xF7BF, 0xF7BF, 0xF7DF, 0xF7DF, 0xF7DF, 0xF7DF, 0xF7DF, 0xF7BF, 0xF7BF, 0xF7BF, 0xF7BF, 
    0xF7BF, 0xF7BF, 0xF7BE, 0xF7BE, 0xF7BF, 0xFFDF, 0xEF9E, 0xCE7A, 0x7412, 0x324C, 0x198A, 0x098B, 
    0x11AC, 0x11EC, 0x120D, 0x120D, 0x09CC, 0x096A, 0x0949, 0x19EB, 0x5350, 0x9D57, 0xC67A, 0xDF1D, 
    0xEF9E, 0xF79E, 0xF79E, 0xF79E, 0xF79E, 0xF79E, 0xF79E, 0xF79E, 0xF79E, 0xF79E, 0xF79E, 0xF79E, 
    0xF7BE, 0xF7BE, 0xF7BE, 0xF7BF, 0xF7BF, 0xF7BF, 0xF7BF, 0xF7BF, 0xF7BF, 0xF7BF, 0xF7BF, 0xF7BF, 
    0xF7BF, 0xF7BF, 0xF7BF, 0xF7BF, 0xF7BF, 0xF7BF, 0xF7BF, 0xF7BF, 0xF7BF, 0xF7BF, 0xF7BF, 0xF7BE, 
    0xF7BE, 0xF79E, 0xF79E, 0xF79E, 0xF79E, 0xEF9E, 0xF79E, 0xEF9E, 0xEF9E, 0xEF9E, 0xEF9E, 0xF77E, 
    0xF77E, 0xF77E, 0xF77E, 0xF79E, 0xF79E, 0xF79E, 0xF7BE, 0xEF7D, 0xD6FC, 0xBE19, 0x7C54, 0x3AAE, 
    0x116A, 0x0929, 0x118B, 0x11CC, 0x11EC, 0x11EC, 0x11CC, 0x118B, 0x21AA, 0x428D, 0x7C33, 0xD6BB, 
    0xF7BE, 0xFFDF, 0xFFDF, 0xF7BE, 0xF7BF, 0xF7BF, 0xF7BF, 0xF7BF, 0xF7BF, 0xF7BF, 0xF7BF, 0xF7BF, 
    0xF7BF, 0xF7BF, 0xF7BF, 0xF7BF, 0xF7BF, 0xF7BF, 0xF7BF, 0xF7BF, 0xF7BF, 0xF7BF, 0xF7BF, 0xF7BF, 
    0xF7BF, 0xF7BF, 0xF7BF, 0xF7BF, 0xF7BF, 0xF7BF, 0xF7BF, 0xF7BF, 0xF7BF, 0xF7BF, 0xF7BF, 0xF7BF, 
    0xF7BF, 0xF7BF, 0xF7BF, 0xF7BF, 0xF7BF, 0xF7BF, 0xF7BF, 0xF7BF, 0xF7BF, 0xF7BF, 0xF7BF, 0xF7BF, 
    0xF7BF, 0xF7BF, 0xF7BF, 0xF7BF, 0xF7BF, 0xF7BF, 0xF7BF, 
    0xF7BF, 0xF7BF, 0xF7BF, 0xF7BF, 0xF7BF, 0xF7BE, 0xF7BE, 0xF7BF, 0xF7BF, 0xF7BF, 0xF7BF, 0xF7BF, 
    0xF7BE, 0xF7BE, 0xF7BF, 0xF7BF, 0xF7BF, 0xF7BF, 0xF7BF, 0xF7BF, 0xF7BF, 0xF7BF, 0xF7BF, 0xF7BF, 
    0xF7BF, 0xF7BF, 0xF7BF, 0xF7BF, 0xF7BF, 0xF7BF, 0xF7BF, 0xF7BF, 0xF7BF, 0xF7BF, 0xF7BF, 0xF7BF, 
    0xF7BF, 0xF7BF, 0xF7BF, 0xF7BF, 0xF7DF, 0xF7DF, 0xF7DF, 0xF7DF, 0xF7BF, 0xF7BF, 0xF7BF, 0xF7BF, 
    0xF7BF, 0xF7BE, 0xF7BE, 0xFFDF, 0xF7BE, 0xCE9B, 0x94F5, 0x532F, 0x220B, 0x118A, 0x098A, 0x11CC, 
    0x11EC, 0x11EC, 0x11CC, 0x098A, 0x098A, 0x326D, 0x63D1, 0x9536, 0xBE5A, 0xE75D, 0xF7BE, 0xF7BF, 
    0xF7BE, 0xF7BE, 0xF79E, 0xF79E, 0xF79E, 0xF79E, 0xF79E, 0xF79E, 0xF79E, 0xF79E, 0xF79E, 0xF79E, 
    0xF79E, 0xF7BE, 0xF7BE, 0xF7BF, 0xF7BF, 0xF7BF, 0xF7BF, 0xF7BF, 0xF7BF, 0xF7BF, 0xF7BF, 0xF7DF, 
    0xF7BF, 0xF7BF, 0xF7BF, 0xF7BF, 0xF7BF, 0xF7BF, 0xF7BF, 0xF7BF, 0xF7BF, 0xF7BF, 0xF7BF, 0xF7BE, 
    0xF7BE, 0xF7BE, 0xF79E, 0xF79E, 0xF79E, 0xF79E, 0xF79E, 0xF79E, 0xF79E, 0xF79E, 0xF79E, 0xF79E, 
    0xF79E, 0xF79F, 0xF79E, 0xF79E, 0xF79E, 0xF7BE, 0xF7BF, 0xF7BF, 0xF7BF, 0xEF9E, 0xD6DC, 0xADD8, 
    0x7C74, 0x4AEF, 0x19CB, 0x114A, 0x118A, 0x11CC, 0x19EC, 0x11CC, 0x118B, 0x19AB, 0x2A2C, 0x5B50, 
    0x9D36, 0xD6DC, 0xFFDF, 0xFFDF, 0xF7BE, 0xF7BE, 0xF7BF, 0xF7BF, 0xF7BF, 0xF7BF, 0xF7BF, 0xF7BF, 
    0xF7BF, 0xF7BF, 0xF7BF, 0xF7BF, 0xF7BF, 0xF7BF, 0xF7BF, 0xF7BF, 0xF7BF, 0xF7BF, 0xF7BF, 0xF7BF, 
    0xF7BF, 0xF7BF, 0xF7BF, 0xF7BF, 0xF7BF, 0xF7BF, 0xF7BF, 0xF7BF, 0xF7BF, 0xF7BF, 0xF7BF, 0xF7BF, 
    0xF7BF, 0xF7BF, 0xF7BF, 0xF7BF, 0xF7BF, 0xF7BF, 0xF7BF, 0xF7BF, 0xF7BF, 0xF7BF, 0xF7BF, 0xF7BF, 
    0xF7BF, 0xF7BF, 0xF7BF, 0xF7BF, 0xF7BF, 0xF7BF, 0xF7BF, 
    0xF7BF, 0xF7BF, 0xF7BF, 0xF7BF, 0xF7BF, 0xF7BF, 0xF7BE, 0xF7BF, 0xF7BF, 0xF7BF, 0xF7BF, 0xF7BF, 
    0xF7BE, 0xF7BE, 0xF7BF, 0xF7BF, 0xF7BF, 0xF7BF, 0xF7BF, 0xF7BF, 0xF7BF, 0xF7BF, 0xF7BF, 0xF7BF, 
    0xF7BF, 0xF7BF, 0xF7BF, 0xF7BF, 0xF7BF, 0xF7BF, 0xF7BF, 0xF7BF, 0xF7BF, 0xF7BF, 0xF7BF, 0xF7BF, 
    0xF7BF, 0xF7BF, 0xF7BF, 0xF7BF, 0xF7BF, 0xF7DF, 0xF7DF, 0xF7DF, 0xF7BF, 0xF7BF, 0xF7BF, 0xF7BF, 
    0xF7BF, 0xF7BF, 0xF7BE, 0xE73D, 0xB5F9, 0x7432, 0x324C, 0x0928, 0x096A, 0x09AB, 0x11EC, 0x11EC, 
    0x09CC, 0x09AB, 0x11CB, 0x2A2C, 0x5350, 0x8CF5, 0xC67B, 0xEF9E, 0xFFFF, 0xFFDF, 0xF7BF, 0xF7BE, 
    0xF7BE, 0xF79E, 0xF7BE, 0xF7BE, 0xF79E, 0xF79E, 0xF79E, 0xF79E, 0xF79E, 0xF79E, 0xF79E, 0xF79E, 
    0xF7BE, 0xF7BE, 0xF7BE, 0xF7BF, 0xF7BF, 0xF7BF, 0xF7BF, 0xF7BF, 0xF7BF, 0xF7BF, 0xF7BF, 0xF7DF, 
    0xF7BF, 0xF7BF, 0xF7BF, 0xF7BF, 0xF7BF, 0xF7BF, 0xF7BF, 0xF7BF, 0xF7BF, 0xF7BF, 0xF7BE, 0xF7BE, 
    0xF7BE, 0xF7BE, 0xF79E, 0xF79E, 0xF79E, 0xF79E, 0xF79E, 0xF79E, 0xF79E, 0xF79E, 0xF79E, 0xF79E, 
    0xF7BE, 0xF7BF, 0xF7BF, 0xF7BF, 0xF7BF, 0xF7BF, 0xF7BF, 0xF7BE, 0xF7BE, 0xFFDF, 0xFFDF, 0xFFDF, 
    0xDF1C, 0xADB8, 0x6C12, 0x3A8D, 0x19CB, 0x118A, 0x118B, 0x11CC, 0x19EC, 0x11AB, 0x116A, 0x0949, 
    0x3A8D, 0x8474, 0xC65A, 0xEF9E, 0xF7BE, 0xF7BE, 0xF7BE, 0xF7BE, 0xF7BF, 0xF7BF, 0xF7BF, 0xF7BF, 
    0xF7BF, 0xF7BF, 0xF7BF, 0xF7BF, 0xF7BF, 0xF7BF, 0xF7BF, 0xF7BF, 0xF7BF, 0xF7BF, 0xF7BF, 0xF7BF, 
    0xF7BF, 0xF7BF, 0xF7BF, 0xF7BF, 0xF7BF, 0xF7BF, 0xF7BF, 0xF7BF, 0xF7BF, 0xF7BF, 0xF7BF, 0xF7BF, 
    0xF7BF, 0xF7BF, 0xF7BF, 0xF7BF, 0xF7BF, 0xF7BF, 0xF7BF, 0xF7BF, 0xF7BF, 0xF7BF, 0xF7BF, 0xF7BF, 
    0xF7BF, 0xF7BF, 0xF7BF, 0xF7BF, 0xF7BF, 0xF7BF, 0xF7BF, 
    0xF7BF, 0xF7BF, 0xF7BF, 0xF7BF, 0xF7BF, 0xF7BF, 0xF7BF, 0xF7BF, 0xF7BF, 0xF7BF, 0xF7BF, 0xF7BF, 
    0xF7BF, 0xF7BF, 0xF7BF, 0xF7BF, 0xF7BF, 0xF7BF, 0xF7BF, 0xF7BF, 0xF7BF, 0xF7BF, 0xF7BF, 0xF7BF, 
    0xF7BF, 0xF7BF, 0xF7BF, 0xF7BF, 0xF7BF, 0xF7BF, 0xF7BF, 0xF7BF, 0xF7BF, 0xF7BF, 0xF7BF, 0xF7BF, 
    0xF7BF, 0xF7BF, 0xF7BF, 0xF7BF, 0xF7BF, 0xF7DF, 0xF7BF, 0xF7DF, 0xF7BF, 0xF7BF, 0xF7BF, 0xF7BF, 
    0xF7BF, 0xF7BE, 0xE73D, 0xA556, 0x42AE, 0x1149, 0x0909, 0x09AB, 0x11CB, 0x11CC, 0x11CC, 0x11EC, 
    0x09AB, 0x11AA, 0x3AAD, 0x84B4, 0xDF1D, 0xF7DF, 0xFFFF, 0xFFFF, 0xF7BE, 0xF7BE, 0xF7BE, 0xF7BE, 
    0xF7BF, 0xF7BE, 0xF7BE, 0xF7BE, 0xF79E, 0xF79E, 0xF79E, 0xF79E, 0xF79E, 0xF79E, 0xF7BE, 0xF7BE, 
    0xF7BE, 0xF7BE, 0xF7BE, 0xF7BF, 0xF7BF, 0xF7BF, 0xF7BF, 0xF7BF, 0xF7BF, 0xF7BF, 0xF7BF, 0xF7BF, 
    0xF7BF, 0xF7BF, 0xF7BF, 0xF7BF, 0xF7BF, 0xF7BE, 0xF7BE, 0xF7BE, 0xF79E, 0xF79E, 0xF79E, 0xF79E, 
    0xF79E, 0xF79E, 0xF79E, 0xF79E, 0xF79E, 0xF79E, 0xF79E, 0xF79E, 0xF79E, 0xF7BE, 0xF7BE, 0xF7BE, 
    0xF7BE, 0xF7BF, 0xF7BF, 0xF7BF, 0xF7BF, 0xF7BF, 0xF7DF, 0xF7DF, 0xF7BF, 0xF7BF, 0xF7BE, 0xFFDF, 
    0xFFDF, 0xFFFF, 0xF7BE, 0xA598, 0x5350, 0x21CB, 0x1169, 0x11AA, 0x11AB, 0x11CC, 0x11CC, 0x11AC, 
    0x0909, 0x116A, 0x5330, 0xBE39, 0xE75D, 0xF79E, 0xF7BE, 0xF7BE, 0xF7BF, 0xF7BF, 0xF7BF, 0xF7BF, 
    0xF7BF, 0xF7BF, 0xF7BF, 0xF7BF, 0xF7BF, 0xF7BF, 0xF7BF, 0xF7BF, 0xF7BF, 0xF7BF, 0xF7BF, 0xF7BF, 
    0xF7BF, 0xF7BF, 0xF7BF, 0xF7BF, 0xF7BF, 0xF7BF, 0xF7BF, 0xF7BF, 0xF7BF, 0xF7BF, 0xF7BF, 0xF7BE, 
    0xF7BF, 0xF7BF, 0xF7BF, 0xF7BF, 0xF7BF, 0xF7BF, 0xF7BF, 0xF7BF, 0xF7BF, 0xF7BF, 0xF7BF, 0xF7BF, 
    0xF7BF, 0xF7BF, 0xF7BF, 0xF7BF, 0xF7BF, 0xF7BF, 0xF7BF, 
    0xF7BF, 0xF7BF, 0xF7BF, 0xF7BF, 0xF7BF, 0xF7BF, 0xF7BF, 0xF7BF, 0xF7BF, 0xF7BF, 0xF7BF, 0xF7BF, 
    0xF7BF, 0xF7BF, 0xF7BF, 0xF7BF, 0xF7BF, 0xF7BF, 0xF7BF, 0xF7BF, 0xF7BF, 0xF7BF, 0xF7BF, 0xF7BF, 
    0xF7BF, 0xF7BF, 0xF7BF, 0xF7BF, 0xF7BF, 0xF7BF, 0xF7BF, 0xF7BF, 0xF7BF, 0xF7BF, 0xF7BF, 0xF7BF, 
    0xF7BF, 0xF7BF, 0xF7BF, 0xF7BF, 0xF7BF, 0xF7BF, 0xF7BF, 0xF7BF, 0xF7BF, 0xF7BF, 0xF7BF, 0xF7BF, 
    0xFFDF, 0xD6BB, 0x7C32, 0x2169, 0x1149, 0x098B, 0x11AB, 0x11AB, 0x11CC, 0x11CC, 0x098A, 0x0129, 
    0x222D, 0x7C94, 0xC67B, 0xEF9E, 0xFFDF, 0xF7DF, 0xF7BF, 0xFFDF, 0xF7DF, 0xF7DF, 0xF7BF, 0xF7BF, 
    0xF7BF, 0xF7BF, 0xF7BE, 0xF7BE, 0xF7BE, 0xF79E, 0xF79E, 0xF79E, 0xF79E, 0xF79E, 0xF7BE, 0xF7BE, 
    0xF7BE, 0xF7BE, 0xF7BE, 0xF7BF, 0xF7BF, 0xF7BF, 0xF7BF, 0xF7BF, 0xF7BF, 0xF7BF, 0xF7BF, 0xF7BF, 
    0xF7BF, 0xF7BF, 0xF7BF, 0xF7BF, 0xF7BE, 0xF7BE, 0xF79E, 0xF79E, 0xF79E, 0xF79E, 0xF79E, 0xF79E, 
    0xF79E, 0xF79E, 0xF79E, 0xF79E, 0xF7BE, 0xF7BE, 0xF7BE, 0xF7BE, 0xF7BE, 0xF7BE, 0xF7BE, 0xF7BE, 
    0xF7BF, 0xF7BF, 0xF7BF, 0xF7BF, 0xF7BF, 0xF7DF, 0xFFDF, 0xFFDF, 0xFFDF, 0xFFDF, 0xFFDF, 0xFFDF, 
    0xF7BF, 0xF7BE, 0xFFDF, 0xF7BE, 0xDEFC, 0x9D57, 0x42EF, 0x1169, 0x0949, 0x098A, 0x11CB, 0x11AB, 
    0x11AB, 0x116A, 0x1149, 0x21AA, 0x8C95, 0xD6DC, 0xF7DF, 0xF7BE, 0xF7BE, 0xF7BF, 0xF7BF, 0xF7BF, 
    0xF7BF, 0xF7BF, 0xF7BF, 0xF7BF, 0xF7BF, 0xF7BF, 0xF7BF, 0xF7BF, 0xF7BF, 0xF7BF, 0xF7BF, 0xF7BF, 
    0xF7BF, 0xF7BF, 0xF7BF, 0xF7BF, 0xF7BF, 0xF7BF, 0xF7BF, 0xF7BF, 0xF7BF, 0xF7BF, 0xF7BF, 0xF7BE, 
    0xF7BE, 0xF7BE, 0xF7BF, 0xF7BF, 0xF7BF, 0xF7BF, 0xF7BF, 0xF7BF, 0xF7BF, 0xF7BF, 0xF7BF, 0xF7BF, 
    0xF7BF, 0xF7BF, 0xF7BF, 0xF7BF, 0xF7BF, 0xF7BF, 0xF7BF, 
    0xF7BF, 0xF7BF, 0xF7BF, 0xF7BF, 0xF7BF, 0xF7BF, 0xF7BF, 0xF7BF, 0xF7BF, 0xF7BF, 0xF7BF, 0xF7BF, 
    0xF7BF, 0xF7BF, 0xF7BF, 0xF7BF, 0xF7BE, 0xF7BF, 0xF7BF, 0xF7BF, 0xF7BF, 0xF7BF, 0xF7BF, 0xF7BF, 
    0xF7BF, 0xF7BF, 0xF7BF, 0xF7BF, 0xF7BF, 0xF7BF, 0xF7BF, 0xF7BF, 0xF7BF, 0xF7BF, 0xF7BF, 0xF7BF, 
    0xF7BF, 0xF7BF, 0xF7BF, 0xF7BF, 0xF7BF, 0xF7BF, 0xF7BF, 0xF7BF, 0xF7BF, 0xF7BF, 0xF7BF, 0xFFDF, 
    0xD6BB, 0x8473, 0x29AB, 0x116A, 0x098B, 0x09AB, 0x11CC, 0x11CC, 0x096A, 0x096A, 0x220C, 0x63B2, 
    0xA5B8, 0xD6FC, 0xEF9E, 0xFFDF, 0xF7BF, 0xF7BF, 0xF7BF, 0xF7BF, 0xF7BF, 0xF7BF, 0xF7BF, 0xF7BF, 
    0xF7BF, 0xF7BF, 0xF7BE, 0xF7BE, 0xF7BE, 0xF79E, 0xF79E, 0xF79E, 0xF79E, 0xF79E, 0xF79E, 0xF7BE, 
    0xF7BE, 0xF7BE, 0xF7BF, 0xF7BF, 0xF7BF, 0xF7BF, 0xF7BF, 0xF7BF, 0xF7BF, 0xF7BF, 0xF7BF, 0xF7BF, 
    0xF7BF, 0xF7BF, 0xF7BF, 0xF7BE, 0xF7BE, 0xF79E, 0xF79E, 0xF79E, 0xF79E, 0xF79E, 0xF79E, 0xF79E, 
    0xF79E, 0xF79E, 0xF79E, 0xF79E, 0xF7BE, 0xF7BE, 0xF7BE, 0xF7BF, 0xF7BF, 0xF7BF, 0xF7BF, 0xF7BF, 
    0xF7BF, 0xF7BF, 0xF7BF, 0xF7BF, 0xF7DF, 0xFFDF, 0xFFDF, 0xFFDF, 0xFFDF, 0xFFDF, 0xFFDF, 0xFFDF, 
    0xF7BF, 0xF7BE, 0xF7BF, 0xFFBF, 0xF7BF, 0xE73D, 0xBE39, 0x8494, 0x3AAE, 0x118A, 0x0949, 0x118A, 
    0x11AB, 0x118B, 0x096A, 0x094A, 0x29AB, 0x7C13, 0xC65A, 0xF7DF, 0xF7BE, 0xF7BE, 0xF7BF, 0xF7BF, 
    0xF7BF, 0xF7BF, 0xF7BF, 0xF7BF, 0xF7BF, 0xF7BF, 0xF7BF, 0xF7BF, 0xF7BF, 0xF7BF, 0xF7BF, 0xF7BF, 
    0xF7BF, 0xF7BF, 0xF7BF, 0xF7BF, 0xF7BF, 0xF7BF, 0xF7BF, 0xF7BF, 0xF7BF, 0xF7BF, 0xF7BF, 0xF7BF, 
    0xF7BF, 0xF7BF, 0xF7BF, 0xF7BF, 0xF7BF, 0xF7BF, 0xF7BF, 0xF7BF, 0xF7BF, 0xF7BF, 0xF7BF, 0xF7BF, 
    0xF7BF, 0xF7BF, 0xF7BF, 0xF7BF, 0xF7BF, 0xF7BF, 0xF7BF, 
    0xF7BF, 0xF7BF, 0xF7BF, 0xF7BF, 0xF7BF, 0xF7BF, 0xF7BF, 0xF7BF, 0xF7BF, 0xF7BF, 0xF7BF, 0xF7BF, 
    0xF7BF, 0xF7BF, 0xF7BF, 0xF7BF, 0xF7BE, 0xF7BF, 0xF7BF, 0xF7BF, 0xF7BF, 0xF7BF, 0xF7BF, 0xF7BF, 
    0xF7BF, 0xF7BF, 0xF7BF, 0xF7BF, 0xF7BF, 0xF7BF, 0xF7BF, 0xF7BF, 0xF7BF, 0xF7BF, 0xF7BF, 0xF7DF, 
    0xF7DF, 0xF7BF, 0xF7BF, 0xF7BF, 0xF7BF, 0xF7BF, 0xF7BF, 0xF7BF, 0xF7DF, 0xF7DF, 0xF7BF, 0xFFFF, 
    0xBDF9, 0x5B2F, 0x08C8, 0x11CC, 0x11EC, 0x09CC, 0x09AB, 0x096A, 0x19CB, 0x42EF, 0x7C94, 0xC65A, 
    0xEF9E, 0xF7DF, 0xF7BF, 0xF7BE, 0xF79E, 0xF7BE, 0xF7BF, 0xF7BF, 0xF7BF, 0xF7BF, 0xF7BF, 0xF7BF, 
    0xF7BF, 0xF7BF, 0xF7BE, 0xF7BE, 0xF79E, 0xF79E, 0xF79E, 0xF79E, 0xF79E, 0xF79E, 0xF79E, 0xF7BE, 
    0xF7BE, 0xF7BE, 0xF7BF, 0xF7BF, 0xF7BF, 0xF7BF, 0xF7BF, 0xF7BE, 0xF7BF, 0xF7BF, 0xF7BF, 0xF7BF, 
    0xF7BF, 0xF7BE, 0xF7BE, 0xF79E, 0xF79E, 0xF79E, 0xF79E, 0xF79E, 0xEF9E, 0xEF9E, 0xEF9E, 0xEF9E, 
    0xF79E, 0xF79E, 0xF79E, 0xF79E, 0xF7BE, 0xF7BE, 0xF7BF, 0xF7BF, 0xF7BF, 0xF7BF, 0xF7BF, 0xF7BF, 
    0xF7BF, 0xF7BF, 0xF7BF, 0xF7DF, 0xFFDF, 0xFFDF, 0xFFDF, 0xFFDF, 0xFFDF, 0xFFDF, 0xFFDF, 0xF7DF, 
    0xF7BF, 0xF7BF, 0xF7BF, 0xF7BE, 0xFFDF, 0xFFDF, 0xF7BF, 0xDEFC, 0x9D56, 0x5B90, 0x2A0B, 0x0949, 
    0x096A, 0x118B, 0x11AB, 0x098B, 0x00E9, 0x29EC, 0x7C33, 0xD6DC, 0xF7BE, 0xF7BE, 0xF7BE, 0xF7BF, 
    0xF7BF, 0xF7BF, 0xF7BF, 0xF7BF, 0xF7BF, 0xF7BF, 0xF7BF, 0xF7BF, 0xF7BF, 0xF7BF, 0xF7BF, 0xF7BF, 
    0xF7BF, 0xF7BF, 0xF7BF, 0xF7BF, 0xF7BF, 0xF7BF, 0xF7BF, 0xF7BF, 0xF7BF, 0xF7BF, 0xF7BF, 0xF7BF, 
    0xF7BF, 0xF7BF, 0xF7BF, 0xF7BF, 0xF7BF, 0xF7BF, 0xF7BF, 0xF7BF, 0xF7BF, 0xF7BF, 0xF7BF, 0xF7BF, 
    0xF7BF, 0xF7BF, 0xF7BF, 0xF7BF, 0xF7BF, 0xF7BF, 0xF7BF, 
    0xF7BF, 0xF7BF, 0xF7BF, 0xF7BF, 0xF7BF, 0xF7BF, 0xF7BF, 0xF7BF, 0xF7BF, 0xF7BF, 0xF7BF, 0xF7BF, 
    0xF7BF, 0xF7BF, 0xF7BF, 0xF7BF, 0xF7BE, 0xF7BF, 0xF7BF, 0xF7BF, 0xF7BF, 0xF7BF, 0xF7BF, 0xF7BF, 
    0xF7BF, 0xF7BF, 0xF7BF, 0xF7BF, 0xF7BF, 0xF7BF, 0xF7BF, 0xF7BF, 0xF7BF, 0xF7BF, 0xF7BF, 0xF7BF, 
    0xF7DF, 0xF7BF, 0xF7BF, 0xF7BF, 0xF7BF, 0xF7BF, 0xF7BF, 0xF7DF, 0xF7DF, 0xF7DF, 0xF7BF, 0xFFFF, 
    0xC639, 0x6391, 0x0929, 0x11CC, 0x09CC, 0x09CB, 0x11AB, 0x21CA, 0x5B91, 0xADB8, 0xE75E, 0xFFDF, 
    0xF7BE, 0xF7BE, 0xF79E, 0xF7BE, 0xF7BE, 0xF7BE, 0xF7BE, 0xF7BF, 0xF7BF, 0xF7BF, 0xF7BF, 0xF7BF, 
    0xF7BF, 0xF7BE, 0xF7BE, 0xF79E, 0xF79E, 0xF79E, 0xF79E, 0xF79E, 0xF79E, 0xF79E, 0xF79E, 0xF7BE, 
    0xF7BE, 0xF7BE, 0xF7BF, 0xF7BF, 0xF7BF, 0xF7BE, 0xF7BE, 0xF7BE, 0xF7BF, 0xF7DF, 0xF7DF, 0xFFDF, 
    0xF7BF, 0xF7BF, 0xF7BE, 0xF79E, 0xF79E, 0xF79E, 0xF79E, 0xF79E, 0xF79E, 0xF79E, 0xF79E, 0xEF9E, 
    0xF79E, 0xF79E, 0xF79E, 0xF79F, 0xF79F, 0xF7BF, 0xF7BF, 0xF7BF, 0xF7BF, 0xF7BF, 0xF7BF, 0xF7DF, 
    0xF7DF, 0xFFDF, 0xFFDF, 0xFFDF, 0xFFDF, 0xFFDF, 0xFFDF, 0xFFDF, 0xFFDF, 0xFFDF, 0xFFDF, 0xF7DF, 
    0xF7DF, 0xF7DF, 0xF7BF, 0xF7BF, 0xF7BE, 0xF7BE, 0xF7BF, 0xFFDF, 0xF7BE, 0xBE5A, 0x7433, 0x2A0B, 
    0x118A, 0x096A, 0x098B, 0x11CB, 0x09AB, 0x00E8, 0x3A2C, 0xA557, 0xF7BE, 0xF7BE, 0xF7BE, 0xF7BF, 
    0xF7BF, 0xF7BF, 0xF7BF, 0xF7BF, 0xF7BF, 0xF7BF, 0xF7BF, 0xF7BF, 0xF7BF, 0xF7BF, 0xF7BF, 0xF7BF, 
    0xF7BF, 0xF7BF, 0xF7BF, 0xF7BF, 0xF7BF, 0xF7BF, 0xF7BF, 0xF7BF, 0xF7BF, 0xF7BF, 0xF7BF, 0xF7BF, 
    0xF7BF, 0xF7BF, 0xF7BF, 0xF7BF, 0xF7BF, 0xF7BF, 0xF7BF, 0xF7BF, 0xF7BF, 0xF7BF, 0xF7BF, 0xF7BF, 
    0xF7BF, 0xF7BF, 0xF7BF, 0xF7BF, 0xF7BF, 0xF7BF, 0xF7BF, 
    0xF7BF, 0xF7BF, 0xF7BF, 0xF7BF, 0xF7BF, 0xF7BF, 0xF7BF, 0xF7BF, 0xF7BF, 0xF7BF, 0xF7BF, 0xF7BF, 
    0xF7BF, 0xF7BF, 0xF7BF, 0xF7BF, 0xF7BF, 0xF7BF, 0xF7BF, 0xF7BF, 0xF7BF, 0xF7BF, 0xF7BF, 0xF7BF, 
    0xF7BF, 0xF7BF, 0xF7BF, 0xF7BF, 0xF7BF, 0xF7BF, 0xF7BF, 0xF7BF, 0xF7BF, 0xF7BF, 0xF7BF, 0xF7BF, 
    0xF7BF, 0xF7BF, 0xF7BF, 0xF7BF, 0xF7BF, 0xF7BF, 0xF7DF, 0xF7DF, 0xF7DF, 0xF7DF, 0xF7BF, 0xFFFF, 
    0xF79E, 0x9D56, 0x19AA, 0x0949, 0x0949, 0x096A, 0x2A4C, 0x9556, 0xE75D, 0xFFFF, 0xFFDF, 0xF79E, 
    0xF7BE, 0xF7BE, 0xF7BE, 0xF79E, 0xF79E, 0xF79E, 0xF79E, 0xF79E, 0xF79E, 0xF7BF, 0xF7BE, 0xF7BE, 
    0xF79E, 0xF79E, 0xF79E, 0xF79E, 0xF79E, 0xF79E, 0xF79E, 0xF79E, 0xF79E, 0xF79E, 0xF79E, 0xF7BE, 
    0xF7BE, 0xF7BE, 0xF7BE, 0xF7BF, 0xF7BF, 0xF7BF, 0xF7DF, 0xFFDF, 0xFFFF, 0xFFFF, 0xFFFF, 0xFFFF, 
    0xFFFF, 0xFFFF, 0xFFFF, 0xFFFF, 0xFFDF, 0xFFDF, 0xFFDF, 0xFFDF, 0xFFDF, 0xF7DE, 0xF7BE, 0xF7BE, 
    0xF79E, 0xF79E, 0xF77E, 0xF79E, 0xF79E, 0xF7BE, 0xF7BF, 0xF7BF, 0xF7DF, 0xF7BF, 0xFFDF, 0xFFDF, 
    0xFFDF, 0xFFDF, 0xFFDF, 0xFFDF, 0xFFDF, 0xFFDF, 0xFFDF, 0xFFDF, 0xFFDF, 0xF7DF, 0xF7DF, 0xF7BF, 
    0xF7BF, 0xF7BF, 0xF7BF, 0xF7BE, 0xF7BE, 0xF7BE, 0xF7BE, 0xF79E, 0xF7BE, 0xF7BF, 0xE75D, 0xB5F9, 
    0x3AAE, 0x0929, 0x0108, 0x098A, 0x09CC, 0x00C7, 0x29A9, 0x8CB4, 0xF7BE, 0xF7BE, 0xF7BE, 0xF7BF, 
    0xF7BF, 0xF7BF, 0xF7BF, 0xF7BF, 0xF7BF, 0xF7BF, 0xF7BF, 0xF7BF, 0xF7BF, 0xF7BF, 0xF7BF, 0xF7BF, 
    0xF7BF, 0xF7BF, 0xF7BF, 0xF7BF, 0xF7BF, 0xF7BF, 0xF7BF, 0xF7BF, 0xF7BF, 0xF7BF, 0xF7BF, 0xF7BF, 
    0xF7BF, 0xF7BF, 0xF7BF, 0xF7BF, 0xF7BF, 0xF7BF, 0xF7BF, 0xF7BF, 0xF7BF, 0xF7BF, 0xF7BF, 0xF7BF, 
    0xF7BF, 0xF7BF, 0xF7BF, 0xF7BF, 0xF7BF, 0xF7BF, 0xF7BF, 
    0xF7BF, 0xF7BF, 0xF7BF, 0xF7BF, 0xF7BF, 0xF7BF, 0xF7BF, 0xF7BF, 0xF7BF, 0xF7BF, 0xF7BF, 0xF7BF, 
    0xF7BF, 0xF7BF, 0xF7BF, 0xF7BF, 0xF7BF, 0xF7BF, 0xF7BF, 0xF7BF, 0xF7BF, 0xF7BF, 0xF7BF, 0xF7BF, 
    0xF7BF, 0xF7BF, 0xF7BF, 0xF7BF, 0xF7BF, 0xF7BF, 0xF7BF, 0xF7BF, 0xF7BF, 0xF7BF, 0xF7BF, 0xF7BF, 
    0xF7BF, 0xF7DF, 0xF7BF, 0xF7BF, 0xF7BF, 0xF7BF, 0xF7DF, 0xF7DF, 0xF7DF, 0xFFDF, 0xFFDF, 0xFFDF, 
    0xFFDF, 0xDF1C, 0xA557, 0x42AE, 0x3A8D, 0x7413, 0xBE3A, 0xE75D, 0xF7BE, 0xFFDF, 0xF7BF, 0xF7BE, 
    0xF7BE, 0xF7BE, 0xF7BE, 0xF79E, 0xF79E, 0xF79E, 0xF79E, 0xF79E, 0xF79E, 0xF79E, 0xF79E, 0xF79E, 
    0xF79E, 0xF79E, 0xF79E, 0xF79E, 0xF79E, 0xF79E, 0xEF9E, 0xF79E, 0xF79E, 0xF79E, 0xF79E, 0xF79E, 
    0xF7BE, 0xFFDF, 0xFFFF, 0xFFFF, 0xFFFF, 0xFFFF, 0xFFDF, 0xF79E, 0xEF7E, 0xE73D, 0xD6DC, 0xCE9A, 
    0xBE39, 0xB5D8, 0xA597, 0x9D56, 0x9D56, 0xA576, 0xAD97, 0xB619, 0xC67A, 0xD6DB, 0xE73C, 0xE75D, 
    0xEF9E, 0xF7BF, 0xF7BF, 0xFFDF, 0xFFDF, 0xFFDF, 0xF7BF, 0xF7BE, 0xF7BF, 0xF7BF, 0xF7BF, 0xFFDF, 
    0xFFDF, 0xFFDF, 0xFFDF, 0xFFDF, 0xFFDF, 0xFFDF, 0xFFDF, 0xFFDF, 0xFFDF, 0xF7DF, 0xF7BF, 0xF7BF, 
    0xF7BF, 0xF7BF, 0xF7BE, 0xF7BE, 0xF7BE, 0xF7BE, 0xF79E, 0xF79E, 0xEF9E, 0xEF9E, 0xEF7E, 0xE75D, 
    0xC65A, 0x7C74, 0x326D, 0x00E8, 0x00A6, 0x29CA, 0x7C33, 0xDEFC, 0xF7BE, 0xF7BE, 0xF7BE, 0xF7BF, 
    0xF7BF, 0xF7BF, 0xF7BF, 0xF7BF, 0xF7BF, 0xF7BF, 0xF7BF, 0xF7BF, 0xF7BF, 0xF7BF, 0xF7BF, 0xF7BF, 
    0xF7BF, 0xF7BF, 0xF7BF, 0xF7BF, 0xF7BF, 0xF7BF, 0xF7BF, 0xF7BF, 0xF7BF, 0xF7BF, 0xF7BF, 0xF7BF, 
    0xF7BF, 0xF7BF, 0xF7BF, 0xF7BF, 0xF7BF, 0xF7BF, 0xF7BF, 0xF7BF, 0xF7BF, 0xF7BF, 0xF7BF, 0xF7BF, 
    0xF7BF, 0xF7BF, 0xF7BF, 0xF7BF, 0xF7BF, 0xF7BF, 0xF7BF, 
    0xF7BF, 0xF7BF, 0xF7BF, 0xF7BF, 0xF7BF, 0xF7BF, 0xF7BF, 0xF7BF, 0xF7BF, 0xF7BF, 0xF7BF, 0xF7BF, 
    0xF7BF, 0xF7BF, 0xF7BF, 0xF7BF, 0xF7BF, 0xF7BF, 0xF7BF, 0xF7BF, 0xF7BF, 0xF7BF, 0xF7BF, 0xF7BF, 
    0xF7BF, 0xF7BF, 0xF7BF, 0xF7BF, 0xF7BF, 0xF7BF, 0xF7BF, 0xF7BF, 0xF7BF, 0xF7BF, 0xF7BF, 0xF7BF, 
    0xF7BF, 0xF7BF, 0xF7BF, 0xF7BF, 0xF7BF, 0xF7BF, 0xF7DF, 0xF7DF, 0xF7DF, 0xFFDF, 0xFFDF, 0xFFDF, 
    0xFFDF, 0xF7BF, 0xE75D, 0xADB8, 0xAD97, 0xCE9B, 0xF7BF, 0xFFDF, 0xFFDF, 0xF7BF, 0xF7BF, 0xF7BE, 
    0xF7BE, 0xF7BE, 0xF7BE, 0xF79E, 0xF79E, 0xF79E, 0xEF9E, 0xEF9E, 0xEF9E, 0xEF9E, 0xEF9E, 0xF79E, 
    0xF79E, 0xF79E, 0xEF9E, 0xEF9E, 0xF79E, 0xF79E, 0xF79E, 0xF79E, 0xF79E, 0xF7BE, 0xF7BF, 0xF7BF, 
    0xFFDF, 0xF7DF, 0xEF9E, 0xDEFC, 0xBE39, 0xA577, 0x8CD5, 0x8494, 0x7453, 0x6BF2, 0x6390, 0x5B4F, 
    0x530E, 0x4ACD, 0x428D, 0x3A6C, 0x3A6C, 0x3A6C, 0x428D, 0x4ACE, 0x532F, 0x6390, 0x6BF1, 0x7412, 
    0x7C93, 0x94F5, 0xADD8, 0xCE9B, 0xE73D, 0xF79E, 0xFFDF, 0xFFDF, 0xFFDF, 0xFFDF, 0xFFDF, 0xFFDF, 
    0xFFDF, 0xFFDF, 0xFFDF, 0xFFDF, 0xFFDF, 0xFFDF, 0xFFDF, 0xFFDF, 0xF7DF, 0xF7BF, 0xF7BF, 0xF7BF, 
    0xF7BF, 0xF7BE, 0xF79E, 0xF79E, 0xF79E, 0xF79E, 0xEF9E, 0xEF9E, 0xEF7E, 0xEF7E, 0xEF7E, 0xF79E, 
    0xEF9E, 0xCEBB, 0x9536, 0x5B70, 0x428D, 0x8473, 0xC67A, 0xF7BF, 0xF7BE, 0xF7BE, 0xF7BF, 0xF7BF, 
    0xF7BF, 0xF7BF, 0xF7BF, 0xF7BF, 0xF7BF, 0xF7BF, 0xF7BF, 0xF7BF, 0xF7BF, 0xF7BF, 0xF7BF, 0xF7BF, 
    0xF7BF, 0xF7BF, 0xF7BF, 0xF7BF, 0xF7BF, 0xF7BF, 0xF7BF, 0xF7BF, 0xF7BF, 0xF7BF, 0xF7BF, 0xF7BF, 
    0xF7BF, 0xF7BF, 0xF7BF, 0xF7BF, 0xF7BF, 0xF7BF, 0xF7BF, 0xF7BF, 0xF7BF, 0xF7BF, 0xF7BF, 0xF7BF, 
    0xF7BF, 0xF7BF, 0xF7BF, 0xF7BF, 0xF7BF, 0xF7BF, 0xF7BF, 
    0xF7BF, 0xF7BF, 0xF7BF, 0xF7BF, 0xF7BF, 0xF7BF, 0xF7BF, 0xF7BF, 0xF7BF, 0xF7BF, 0xF7BF, 0xF7BF, 
    0xF7BF, 0xF7BF, 0xF7BF, 0xF7BF, 0xF7BF, 0xF7BF, 0xF7BF, 0xF7BF, 0xF7BF, 0xF7BF, 0xF7BF, 0xF7BF, 
    0xF7BF, 0xF7BF, 0xF7BF, 0xF7BF, 0xF7BF, 0xF7BF, 0xF7BF, 0xF7BF, 0xF7BF, 0xF7BF, 0xF7BF, 0xF7BF, 
    0xF7BF, 0xF7BF, 0xF7BF, 0xF7BF, 0xF7BF, 0xF7BF, 0xF7DF, 0xF7DF, 0xF7DF, 0xF7DF, 0xFFDF, 0xFFDF, 
    0xFFDF, 0xFFDF, 0xFFFF, 0xFFFF, 0xFFDF, 0xFFFF, 0xFFFF, 0xFFDF, 0xFFDF, 0xF7BF, 0xF7BF, 0xF7BF, 
    0xF7BE, 0xF7BE, 0xF7BE, 0xF79E, 0xF79E, 0xEF9E, 0xEF9E, 0xEF9E, 0xEF9E, 0xEF9E, 0xEF9E, 0xEF9E, 
    0xEF9E, 0xEF9E, 0xEF9E, 0xEF9E, 0xEF9E, 0xEF9E, 0xF79E, 0xF79E, 0xF79E, 0xF7BE, 0xE75D, 0xD6DB, 
    0xC67A, 0xB619, 0x9D56, 0x8494, 0x5B91, 0x3AAE, 0x220C, 0x19CB, 0x11AA, 0x096A, 0x0949, 0x0928, 
    0x0928, 0x0108, 0x0108, 0x0107, 0x00E7, 0x00E7, 0x00E7, 0x00E7, 0x0107, 0x0128, 0x0948, 0x0969, 
    0x11AA, 0x2A2B, 0x4B0E, 0x7412, 0x8CD5, 0xA597, 0xBE19, 0xCE9B, 0xDF1C, 0xF79E, 0xFFDF, 0xFFDF, 
    0xFFDF, 0xFFFF, 0xFFDF, 0xFFDF, 0xFFDF, 0xFFDF, 0xFFDF, 0xF7BF, 0xF7BF, 0xF7BF, 0xF7BF, 0xF7BF, 
    0xF79E, 0xF79E, 0xF79E, 0xF79E, 0xF79E, 0xEF9E, 0xEF9E, 0xEF9E, 0xEF7E, 0xEF7E, 0xEF7E, 0xEF7E, 
    0xF79E, 0xF7BE, 0xE77D, 0xC67A, 0xADB8, 0xD6FC, 0xF7BF, 0xF7BF, 0xF7BE, 0xF7BF, 0xF7BF, 0xF7BF, 
    0xF7BF, 0xF7BF, 0xF7BF, 0xF7BF, 0xF7BF, 0xF7BF, 0xF7BF, 0xF7BF, 0xF7BF, 0xF7BF, 0xF7BF, 0xF7BF, 
    0xF7BF, 0xF7BF, 0xF7BF, 0xF7BF, 0xF7BF, 0xF7BF, 0xF7BF, 0xF7BF, 0xF7BF, 0xF7BF, 0xF7BF, 0xF7BF, 
    0xF7BF, 0xF7BF, 0xF7BF, 0xF7BF, 0xF7BF, 0xF7BF, 0xF7BF, 0xF7BF, 0xF7BF, 0xF7BF, 0xF7BF, 0xF7BF, 
    0xF7BF, 0xF7BF, 0xF7BF, 0xF7BF, 0xF7BF, 0xF7BF, 0xF7BF, 
    0xF7BF, 0xF7BF, 0xF7BF, 0xF7BF, 0xF7BF, 0xF7BF, 0xF7BF, 0xF7BF, 0xF7BF, 0xF7BF, 0xF7BF, 0xF7BF, 
    0xF7BF, 0xF7BF, 0xF7BF, 0xF7BF, 0xF7BF, 0xF7BF, 0xF7BF, 0xF7BF, 0xF7BF, 0xF7BF, 0xF7BF, 0xF7BF, 
    0xF7BF, 0xF7BF, 0xF7BF, 0xF7BF, 0xF7BF, 0xF7BF, 0xF7BF, 0xF7BF, 0xF7BF, 0xF7BF, 0xF7BF, 0xF7BF, 
    0xF7BF, 0xF7BF, 0xF7BF, 0xF7BF, 0xF7BF, 0xF7BF, 0xF7BF, 0xF7DF, 0xF7DF, 0xF7DF, 0xFFDF, 0xFFDF, 
    0xFFDF, 0xFFDF, 0xF7BF, 0xF7DF, 0xF7DF, 0xFFDF, 0xFFDF, 0xFFDF, 0xFFDF, 0xFFDF, 0xF7DF, 0xF7BF, 
    0xF7BF, 0xF7BE, 0xF7BE, 0xF7BE, 0xF79E, 0xEF9E, 0xEF9E, 0xEF9E, 0xEF9E, 0xEF9E, 0xEF9E, 0xEF9E, 
    0xEF9E, 0xEF9E, 0xEF9E, 0xEF9E, 0xEF9E, 0xEF9E, 0xF7BE, 0xF79E, 0xEF7D, 0xDF1C, 0xA597, 0x6C12, 
    0x42CE, 0x220B, 0x0949, 0x0128, 0x0129, 0x014A, 0x098B, 0x09AB, 0x11CB, 0x11CC, 0x11EC, 0x11EB, 
    0x11EB, 0x11EB, 0x11EB, 0x11EB, 0x11EB, 0x11EB, 0x11EA, 0x11EA, 0x11CA, 0x11AA, 0x09AA, 0x0989, 
    0x0969, 0x0148, 0x0108, 0x00E7, 0x0108, 0x0969, 0x222B, 0x4B2F, 0x84B4, 0xBE39, 0xE73D, 0xF7BE, 
    0xFFDF, 0xFFFF, 0xFFDF, 0xFFDF, 0xF7DF, 0xF7DF, 0xF7DF, 0xF7BF, 0xF7BF, 0xF7BF, 0xF7BF, 0xF79E, 
    0xF79E, 0xF79E, 0xF79E, 0xF79E, 0xF79E, 0xF79E, 0xEF9E, 0xEF9E, 0xEF9E, 0xEF9E, 0xEF9E, 0xF79E, 
    0xF79E, 0xEF9E, 0xF7BE, 0xF7DF, 0xF7DF, 0xF7DF, 0xF7BF, 0xF7BE, 0xF7BF, 0xF7BF, 0xF7BF, 0xF7BF, 
    0xF7BF, 0xF7BF, 0xF7BF, 0xF7BF, 0xF7BF, 0xF7BF, 0xF7BF, 0xF7BF, 0xF7BF, 0xF7BF, 0xF7BF, 0xF7BF, 
    0xF7BF, 0xF7BF, 0xF7BF, 0xF7BF, 0xF7BF, 0xF7BF, 0xF7BF, 0xF7BF, 0xF7BF, 0xF7BF, 0xF7BF, 0xF7BF, 
    0xF7BF, 0xF7BF, 0xF7BF, 0xF7BF, 0xF7BF, 0xF7BF, 0xF7BF, 0xF7BF, 0xF7BF, 0xF7BF, 0xF7BF, 0xF7BF, 
    0xF7BF, 0xF7BF, 0xF7BF, 0xF7BF, 0xF7BF, 0xF7BF, 0xF7BF, 
    0xF7BF, 0xF7BF, 0xF7BF, 0xF7BF, 0xF7BF, 0xF7BF, 0xF7BF, 0xF7BF, 0xF7BF, 0xF7BF, 0xF7BF, 0xF7BF, 
    0xF7BF, 0xF7BF, 0xF7BF, 0xF7BF, 0xF7BF, 0xF7BF, 0xF7BF, 0xF7BF, 0xF7BF, 0xF7BF, 0xF7BF, 0xF7BF, 
    0xF7BF, 0xF7BF, 0xF7BF, 0xF7BF, 0xF7BF, 0xF7BF, 0xF7BF, 0xF7BF, 0xF7BF, 0xF7BF, 0xF7BF, 0xF7BF, 
    0xF7BF, 0xF7BF, 0xF7BF, 0xF7BF, 0xF7BF, 0xF7BF, 0xF7BF, 0xF7BF, 0xF7DF, 0xF7DF, 0xF7DF, 0xFFDF, 
    0xFFDF, 0xFFDF, 0xFFDF, 0xFFDF, 0xFFDF, 0xFFDF, 0xFFDF, 0xFFDF, 0xFFDF, 0xFFDF, 0xF7DF, 0xF7BF, 
    0xF7BF, 0xF7BE, 0xF7BE, 0xF7BE, 0xF79E, 0xF79E, 0xEF9E, 0xEF9E, 0xEF9E, 0xEF9E, 0xEF7E, 0xEF7E, 
    0xEF9E, 0xEF7E, 0xEF9E, 0xF7BF, 0xF7BF, 0xF7BF, 0xDF1C, 0xADB7, 0x7412, 0x3A6C, 0x21AA, 0x1149, 
    0x0949, 0x098A, 0x098B, 0x09CC, 0x11EC, 0x11EC, 0x120D, 0x120D, 0x120D, 0x120C, 0x11EC, 0x11EB, 
    0x11CB, 0x11CB, 0x09AA, 0x09AA, 0x09AA, 0x09AA, 0x11CA, 0x11CA, 0x11CA, 0x11EB, 0x11EB, 0x11EB, 
    0x11EB, 0x11EB, 0x11EC, 0x11EC, 0x11CC, 0x09CB, 0x09CB, 0x11AA, 0x19AA, 0x21EB, 0x42EE, 0x7C53, 
    0xB619, 0xF79E, 0xFFDF, 0xFFFF, 0xFFDF, 0xF7BE, 0xF7BE, 0xF7BE, 0xF7BE, 0xF7BE, 0xF79E, 0xF79E, 
    0xF79E, 0xEF9E, 0xEF9E, 0xEF9E, 0xEF9E, 0xEF9E, 0xEF9E, 0xEF9E, 0xEF9E, 0xEF9E, 0xF79E, 0xF79E, 
    0xF79E, 0xF79E, 0xF79E, 0xF79E, 0xF79E, 0xF7BE, 0xF7BF, 0xF7BF, 0xF7BF, 0xF7BF, 0xF7BF, 0xF7BF, 
    0xF7BF, 0xF7BF, 0xF7BF, 0xF7BF, 0xF7BF, 0xF7BF, 0xF7BF, 0xF7BF, 0xF7BF, 0xF7BF, 0xF7BF, 0xF7BF, 
    0xF7BF, 0xF7BF, 0xF7BF, 0xF7BF, 0xF7BF, 0xF7BF, 0xF7BF, 0xF7BF, 0xF7BF, 0xF7BF, 0xF7BF, 0xF7BF, 
    0xF7BF, 0xF7BF, 0xF7BF, 0xF7BF, 0xF7BF, 0xF7BF, 0xF7BF, 0xF7BF, 0xF7BF, 0xF7BF, 0xF7BF, 0xF7BF, 
    0xF7BF, 0xF7BF, 0xF7BF, 0xF7BF, 0xF7BF, 0xF7BF, 0xF7BF, 
    0xF7BF, 0xF7BF, 0xF7BF, 0xF7BF, 0xF7BF, 0xF7BF, 0xF7BF, 0xF7BF, 0xF7BF, 0xF7BF, 0xF7BF, 0xF7BE, 
    0xF7BF, 0xF7BF, 0xF7BF, 0xF7BF, 0xF7BF, 0xF7BF, 0xF7BF, 0xF7BF, 0xF7BF, 0xF7BF, 0xF7BF, 0xF7BF, 
    0xF7BF, 0xF7BF, 0xF7BF, 0xF7BF, 0xF7BF, 0xF7BF, 0xF7BF, 0xF7BF, 0xF7BF, 0xF7BF, 0xF7BF, 0xF7BF, 
    0xF7BF, 0xF7BF, 0xF7BF, 0xF7BF, 0xF7BF, 0xF7BF, 0xF7BF, 0xF7BF, 0xF7DF, 0xF7DF, 0xF7DF, 0xF7DF, 
    0xF7DF, 0xF7DF, 0xF7DF, 0xFFDF, 0xFFDF, 0xFFDF, 0xFFDF, 0xFFDF, 0xFFDF, 0xFFDF, 0xF7DF, 0xF7DF, 
    0xF7BF, 0xF7BF, 0xF7BE, 0xF7BE, 0xF79E, 0xF79E, 0xF79E, 0xEF9E, 0xEF9E, 0xEF9E, 0xEF7E, 0xEF7E, 
    0xEF9E, 0xF7BE, 0xEFBF, 0xDF1D, 0xB5F9, 0x8473, 0x5B4F, 0x3A6C, 0x21CA, 0x0969, 0x0949, 0x0969, 
    0x098A, 0x09AB, 0x09CC, 0x09EC, 0x09EC, 0x09CB, 0x098B, 0x098B, 0x096A, 0x0949, 0x0929, 0x0928, 
    0x0129, 0x0149, 0x0149, 0x0149, 0x0149, 0x0148, 0x0148, 0x0148, 0x0148, 0x0948, 0x0949, 0x0949, 
    0x098A, 0x09CB, 0x11EB, 0x120C, 0x120C, 0x122D, 0x120D, 0x09EC, 0x09CC, 0x09CB, 0x11CB, 0x2A2C, 
    0x42CE, 0x63D1, 0x9515, 0xC67A, 0xEF7E, 0xFFDF, 0xFFDF, 0xF7BE, 0xF79E, 0xF79E, 0xF79E, 0xF79E, 
    0xF79E, 0xEF9E, 0xEF9E, 0xEF9E, 0xEF9E, 0xEF9E, 0xEF9E, 0xEF9E, 0xEF9E, 0xEF9E, 0xF79E, 0xF79E, 
    0xF79E, 0xF7BE, 0xF7BE, 0xF7BE, 0xF7BE, 0xF7BF, 0xF7BF, 0xF7BF, 0xF7BF, 0xF7BF, 0xF7BF, 0xF7BF, 
    0xF7BF, 0xF7BF, 0xF7BF, 0xF7BF, 0xF7BF, 0xF7BF, 0xF7BF, 0xF7BF, 0xF7BF, 0xF7BF, 0xF7BF, 0xF7BF, 
    0xF7BF, 0xF7BF, 0xF7BF, 0xF7BF, 0xF7BF, 0xF7BF, 0xF7BF, 0xF7BF, 0xF7BF, 0xF7BF, 0xF7BF, 0xF7BF, 
    0xF7BF, 0xF7BF, 0xF7BF, 0xF7BF, 0xF7BF, 0xF7BF, 0xF7BF, 0xF7BF, 0xF7BF, 0xF7BF, 0xF7BF, 0xF7BF, 
    0xF7BF, 0xF7BF, 0xF7BF, 0xF7BF, 0xF7BF, 0xF7BF, 0xF7BF, 
    0xF7BF, 0xF7BF, 0xF7BF, 0xF7BF, 0xF7BF, 0xF7BF, 0xF7BF, 0xF7BF, 0xF7BF, 0xF7BF, 0xF7BE, 0xF7BE, 
    0xF7BF, 0xF7BF, 0xF7BF, 0xF7BF, 0xF7BF, 0xF7BF, 0xF7BF, 0xF7BF, 0xF7BF, 0xF7BF, 0xF7BF, 0xF7BF, 
    0xF7BF, 0xF7BF, 0xF7BF, 0xF7BF, 0xF7BF, 0xF7BF, 0xF7BF, 0xF7BF, 0xF7BF, 0xF7BF, 0xF7BF, 0xF7BF, 
    0xF7BF, 0xF7BF, 0xF7BF, 0xF7BF, 0xF7BF, 0xF7BF, 0xF7BF, 0xF7BF, 0xF7DF, 0xF7DF, 0xF7DF, 0xF7DF, 
    0xF7DF, 0xF7DF, 0xF7DF, 0xFFDF, 0xFFDF, 0xFFDF, 0xFFDF, 0xFFDF, 0xFFDF, 0xFFDF, 0xF7DF, 0xF7DF, 
    0xF7BF, 0xF7BF, 0xF7BF, 0xF7BE, 0xF79E, 0xF79E, 0xF79E, 0xF79E, 0xEF9E, 0xEF9E, 0xF79E, 0xF79E, 
    0xEF9E, 0xD6FC, 0xB5F9, 0x8494, 0x532F, 0x21EB, 0x0928, 0x0108, 0x0928, 0x0969, 0x11AA, 0x11CB, 
    0x09AB, 0x09AB, 0x098A, 0x098A, 0x098A, 0x11AB, 0x1A0C, 0x21EB, 0x21EB, 0x2A0C, 0x3A8D, 0x4ACE, 
    0x4B0F, 0x532F, 0x5350, 0x5350, 0x5370, 0x5350, 0x532F, 0x4B0F, 0x3AAD, 0x3A6D, 0x326D, 0x324C, 
    0x224C, 0x11EB, 0x09CB, 0x09AB, 0x09AB, 0x09EC, 0x0A0C, 0x120D, 0x124D, 0x122D, 0x11EC, 0x09AB, 
    0x098A, 0x11AA, 0x326D, 0x63B1, 0x9516, 0xC65A, 0xE75D, 0xF79E, 0xF7BE, 0xF79E, 0xEF9E, 0xEF9E, 
    0xEF9E, 0xEF9E, 0xEF9E, 0xEF9E, 0xEF9E, 0xEF9E, 0xEF9E, 0xEF9E, 0xEF9E, 0xEF9E, 0xF79E, 0xF79E, 
    0xF79E, 0xF7BE, 0xF7BE, 0xF7BE, 0xF7BF, 0xF7BF, 0xF7BF, 0xF7BF, 0xF7BF, 0xF7BF, 0xF7BF, 0xF7BF, 
    0xF7BF, 0xF7BF, 0xF7BF, 0xF7BF, 0xF7BF, 0xF7BF, 0xF7BF, 0xF7BF, 0xF7BF, 0xF7BF, 0xF7BF, 0xF7BF, 
    0xF7BF, 0xF7BF, 0xF7BF, 0xF7BF, 0xF7BF, 0xF7BF, 0xF7BF, 0xF7BF, 0xF7BF, 0xF7BF, 0xF7BF, 0xF7BF, 
    0xF7BF, 0xF7BF, 0xF7BF, 0xF7BF, 0xF7BF, 0xF7BF, 0xF7BF, 0xF7BF, 0xF7BF, 0xF7BF, 0xF7BF, 0xF7BF, 
    0xF7BF, 0xF7BF, 0xF7BF, 0xF7BF, 0xF7BF, 0xF7BF, 0xF7BF, 
    0xF7BF, 0xF7BF, 0xF7BF, 0xF7BF, 0xF7BF, 0xF7BF, 0xF7BF, 0xF7BF, 0xF7BF, 0xF7BF, 0xF7BE, 0xF7BE, 
    0xF7BF, 0xF7BF, 0xF7BF, 0xF7BF, 0xF7BF, 0xF7BF, 0xF7BF, 0xF7BF, 0xF7BF, 0xF7BF, 0xF7BF, 0xF7BF, 
    0xF7BF, 0xF7BF, 0xF7BF, 0xF7BF, 0xF7BF, 0xF7BF, 0xF7BF, 0xF7BF, 0xF7BF, 0xF7BF, 0xF7BF, 0xF7BF, 
    0xF7BF, 0xF7BF, 0xF7BF, 0xF7BF, 0xF7BF, 0xF7BF, 0xF7BF, 0xF7BF, 0xF7BF, 0xF7BF, 0xF7BF, 0xF7BF, 
    0xF7BF, 0xF7BF, 0xF7DF, 0xF7DF, 0xFFDF, 0xFFDF, 0xFFDF, 0xFFDF, 0xFFDF, 0xFFDF, 0xF7DF, 0xF7DF, 
    0xF7BF, 0xF7BF, 0xF7BF, 0xF7BF, 0xF7BE, 0xF79E, 0xF79E, 0xF79E, 0xF79E, 0xF79E, 0xEF9E, 0xE75D, 
    0xCEBB, 0x94F5, 0x42EE, 0x1169, 0x00A7, 0x0108, 0x0149, 0x09AA, 0x09AB, 0x09AA, 0x09AA, 0x09AA, 
    0x09AB, 0x11AB, 0x118A, 0x19AB, 0x2A0C, 0x3ACE, 0x63F2, 0x6BF2, 0x6C12, 0x8494, 0xA5B8, 0xBE5A, 
    0xCE9B, 0xD6DC, 0xDEFC, 0xDEFC, 0xDEFC, 0xDEFC, 0xD6BB, 0xC65A, 0xADB8, 0xA577, 0x9D56, 0x9536, 
    0x7473, 0x4B4F, 0x32AD, 0x2A6D, 0x2A2C, 0x19EB, 0x11CB, 0x09CC, 0x120C, 0x120D, 0x122D, 0x124D, 
    0x122D, 0x09EC, 0x096A, 0x0949, 0x21CB, 0x5350, 0xA577, 0xD6BB, 0xEF7D, 0xF7BE, 0xEF9E, 0xEF9E, 
    0xEF9E, 0xEF9E, 0xEF9E, 0xEF9E, 0xEF9E, 0xEF9E, 0xEF9E, 0xEF9E, 0xEF9E, 0xF79E, 0xF79E, 0xF79E, 
    0xF7BE, 0xF7BE, 0xF7BE, 0xF7BF, 0xF7BF, 0xF7BF, 0xF7BF, 0xF7BF, 0xF7BF, 0xF7BF, 0xF7BF, 0xF7BF, 
    0xF7BF, 0xF7BF, 0xF7BF, 0xF7BF, 0xF7BF, 0xF7BF, 0xF7BF, 0xF7BF, 0xF7BE, 0xF7BE, 0xF7BE, 0xF7BF, 
    0xF7BF, 0xF7BF, 0xF7BF, 0xF7BF, 0xF7BF, 0xF7BF, 0xF7BF, 0xF7BF, 0xF7BF, 0xF7BF, 0xF7BF, 0xF7BF, 
    0xF7BF, 0xF7BF, 0xF7BF, 0xF7BF, 0xF7BF, 0xF7BF, 0xF7BF, 0xF7BF, 0xF7BF, 0xF7BF, 0xF7BE, 0xF7BF, 
    0xF7BF, 0xF7BF, 0xF7BF, 0xF7BF, 0xF7BF, 0xF7BF, 0xF7BF, 
    0xF7BF, 0xF7BF, 0xF7BF, 0xF7BF, 0xF7BF, 0xF7BF, 0xF7BF, 0xF7BF, 0xF7BF, 0xF7BF, 0xF7BF, 0xF7BF, 
    0xF7BF, 0xF7BF, 0xF7BF, 0xF7BF, 0xF7BF, 0xF7BF, 0xF7BF, 0xF7BF, 0xF7BF, 0xF7BF, 0xF7BF, 0xF7BF, 
    0xF7BF, 0xF7BF, 0xF7BF, 0xF7BF, 0xF7BF, 0xF7BF, 0xF7BF, 0xF7BF, 0xF7BF, 0xF7BF, 0xF7BF, 0xF7BF, 
    0xF7BF, 0xF7BF, 0xF7BF, 0xF7BF, 0xF7BF, 0xF7BF, 0xF7BF, 0xF7BF, 0xF7BF, 0xF7BF, 0xF7BF, 0xF7BF, 
    0xF7BF, 0xF7BF, 0xF7BF, 0xF7DF, 0xF7DF, 0xF7DF, 0xFFDF, 0xFFDF, 0xFFDF, 0xFFDF, 0xFFDF, 0xFFDF, 
    0xF7DF, 0xF7DF, 0xF7BF, 0xF7BF, 0xF7BF, 0xF7BE, 0xF79E, 0xF79E, 0xF7BF, 0xFFDF, 0xDF3D, 0xA577, 
    0x4AEE, 0x1107, 0x08E7, 0x0128, 0x0969, 0x09AA, 0x09AB, 0x09AB, 0x098A, 0x0149, 0x0108, 0x0108, 
    0x19CB, 0x430F, 0x6C12, 0x9D57, 0xC65A, 0xDF1C, 0xF7BE, 0xF7BE, 0xF7BF, 0xF7BF, 0xF7DF, 0xF7DF, 
    0xF7DF, 0xF7DF, 0xF7DF, 0xF7BE, 0xF7BE, 0xFFBE, 0xFFBE, 0xFFBE, 0xF7BE, 0xF7BE, 0xF7BF, 0xF7DF, 
    0xF7BE, 0xEF7D, 0xE73D, 0xD6FC, 0xC67A, 0x84B5, 0x4B30, 0x222D, 0x098A, 0x0909, 0x098A, 0x09EC, 
    0x120D, 0x122D, 0x120D, 0x11EC, 0x098B, 0x0929, 0x1169, 0x4B0F, 0x9D77, 0xEF7E, 0xF7DF, 0xF79E, 
    0xEF9E, 0xEF7E, 0xEF9E, 0xEF7E, 0xEF9E, 0xEF9E, 0xEF9E, 0xEF9E, 0xF79E, 0xF79E, 0xF7BE, 0xF7BE, 
    0xF7BE, 0xF7BE, 0xF7BF, 0xF7BF, 0xF7BF, 0xF7BF, 0xF7BF, 0xF7BF, 0xF7BF, 0xF7BF, 0xF7BF, 0xF7BF, 
    0xF7BF, 0xF7BF, 0xF7BF, 0xF7BF, 0xF7BF, 0xF7BF, 0xF7BF, 0xF7BF, 0xF7BE, 0xF7BE, 0xF7BF, 0xF7BF, 
    0xF7BF, 0xF7BF, 0xF7BF, 0xF7BF, 0xF7BF, 0xF7BF, 0xF7BF, 0xF7BF, 0xF7BF, 0xF7BF, 0xF7BF, 0xF7BF, 
    0xF7BF, 0xF7BF, 0xF7BF, 0xF7BF, 0xF7BF, 0xF7BF, 0xF7BF, 0xF7BF, 0xF7BF, 0xF7BF, 0xF7BF, 0xF7BF, 
    0xF7BF, 0xF7BF, 0xF7BF, 0xF7BF, 0xF7BF, 0xF7BF, 0xF7BF, 
    0xF7BF, 0xF7BF, 0xF7BF, 0xF7BF, 0xF7BF, 0xF7BF, 0xF7BF, 0xF7BF, 0xF7BF, 0xF7BF, 0xF7BF, 0xF7BF, 
    0xF7BF, 0xF7BF, 0xF7BF, 0xF7BF, 0xF7BF, 0xF7BF, 0xF7BF, 0xF7BF, 0xF7BF, 0xF7BF, 0xF7BF, 0xF7BF, 
    0xF7BF, 0xF7BF, 0xF7BF, 0xF7BF, 0xF7BF, 0xF7DF, 0xF7DF, 0xF7DF, 0xF7DF, 0xF7DF, 0xF7BF, 0xF7BF, 
    0xF7BF, 0xF7BF, 0xF7BF, 0xF7BF, 0xF7BF, 0xF7BF, 0xF7BF, 0xF7BF, 0xF7BF, 0xF7BF, 0xF7BF, 0xF7BF, 
    0xF7BF, 0xF7BF, 0xF7BF, 0xF7BF, 0xF7BF, 0xF7DF, 0xF7DF, 0xF7DF, 0xFFDF, 0xFFDF, 0xFFDF, 0xFFDF, 
    0xFFDF, 0xF7DF, 0xF7DF, 0xF7DF, 0xF7BF, 0xF7BE, 0xF7BF, 0xF7DF, 0xEF9E, 0xADB8, 0x6390, 0x320B, 
    0x1128, 0x0928, 0x0969, 0x098A, 0x09AA, 0x09AB, 0x0149, 0x0128, 0x0949, 0x21EB, 0x5370, 0x7C74, 
    0xA598, 0xC69B, 0xD6FC, 0xE75D, 0xF79E, 0xF7BF, 0xFFDF, 0xFFDF, 0xF7BF, 0xF7BF, 0xF7BE, 0xF7BE, 
    0xF79E, 0xF79E, 0xF79E, 0xF79E, 0xF79E, 0xF79E, 0xF79E, 0xF79E, 0xF79E, 0xF7BE, 0xF7BF, 0xF7BF, 
    0xFFDF, 0xFFDF, 0xFFDF, 0xF7DF, 0xF79E, 0xDF1D, 0xCEBB, 0xB5F9, 0x8CF5, 0x6391, 0x328E, 0x11AB, 
    0x0949, 0x098A, 0x09CB, 0x11EC, 0x11EC, 0x09AB, 0x096A, 0x198A, 0x322C, 0x5B91, 0xADB8, 0xE73D, 
    0xF7BE, 0xF79E, 0xEF7E, 0xEF7E, 0xEF9E, 0xEF9E, 0xF79E, 0xF79E, 0xF79E, 0xF79E, 0xF7BE, 0xF7BE, 
    0xF7BE, 0xF7BF, 0xF7BF, 0xF7BF, 0xF7BF, 0xF7BF, 0xF7BF, 0xF7BF, 0xF7BF, 0xF7BF, 0xF7BF, 0xF7BF, 
    0xF7BF, 0xF7BF, 0xF7BF, 0xF7BF, 0xF7BF, 0xF7BF, 0xF7BF, 0xF7BF, 0xF7BF, 0xF7BF, 0xF7BF, 0xF7BF, 
    0xF7BF, 0xF7BF, 0xF7BF, 0xF7BF, 0xF7BF, 0xF7BF, 0xF7BF, 0xF7BF, 0xF7BF, 0xF7BF, 0xF7BF, 0xF7BF, 
    0xF7BF, 0xF7BF, 0xF7BF, 0xF7BF, 0xF7BF, 0xF7BF, 0xF7BF, 0xF7BF, 0xF7BF, 0xF7BF, 0xF7BF, 0xF7BF, 
    0xF7BF, 0xF7BF, 0xF7BF, 0xF7BF, 0xF7BF, 0xF7BF, 0xF7BF, 
    0xF7BF, 0xF7BF, 0xF7BF, 0xF7BF, 0xF7BF, 0xF7BF, 0xF7BF, 0xF7BF, 0xF7BF, 0xF7BF, 0xF7BF, 0xF7BF, 
    0xF7BF, 0xF7BF, 0xF7BF, 0xF7BF, 0xF7BF, 0xF7BF, 0xF7BF, 0xF7BF, 0xF7BF, 0xF7BF, 0xF7BF, 0xF7BF, 
    0xF7BF, 0xF7BF, 0xF7BF, 0xF7BF, 0xF7BF, 0xF7BF, 0xF7DF, 0xF7DF, 0xF7BF, 0xF7BF, 0xF7BF, 0xF7BF, 
    0xF7BF, 0xF7BF, 0xF7BF, 0xF7BF, 0xF7BF, 0xF7BF, 0xF7BF, 0xF7BF, 0xF7BF, 0xF7BF, 0xF7BF, 0xF7BF, 
    0xF7BF, 0xF7BF, 0xF7BF, 0xF7BF, 0xF7BF, 0xF7BF, 0xF7DF, 0xF7DF, 0xF7DF, 0xFFDF, 0xFFDF, 0xFFDF, 
    0xFFDF, 0xFFDF, 0xFFDF, 0xFFDF, 0xF7DF, 0xFFDF, 0xF79E, 0xCEBB, 0x8CD4, 0x4ACE, 0x198A, 0x0908, 
    0x0929, 0x098A, 0x09AB, 0x098A, 0x0969, 0x0949, 0x19CB, 0x42CE, 0x6BF2, 0x8CF5, 0xB619, 0xD6DC, 
    0xEF7E, 0xFFDF, 0xFFDF, 0xFFDF, 0xFFDF, 0xFFDF, 0xF7BE, 0xF7BE, 0xF7BE, 0xF79E, 0xF79E, 0xF79E, 
    0xEF9E, 0xEF9E, 0xEF9E, 0xEF9E, 0xF79E, 0xF79E, 0xF79E, 0xF79E, 0xF79E, 0xF79E, 0xF7BE, 0xF7BF, 
    0xF7BF, 0xFFDF, 0xFFDF, 0xFFDF, 0xFFDF, 0xFFDF, 0xFFDF, 0xF7BE, 0xE71D, 0xBE5A, 0x9D77, 0x7453, 
    0x4B0F, 0x222C, 0x118A, 0x098A, 0x11AA, 0x11CB, 0x11AB, 0x096A, 0x0949, 0x19AA, 0x4ACE, 0x8494, 
    0xC65A, 0xEF7E, 0xF79E, 0xEF9E, 0xEF9E, 0xF79E, 0xF79E, 0xF79E, 0xF79E, 0xF7BE, 0xF7BE, 0xF7BE, 
    0xF7BE, 0xF7BF, 0xF7BF, 0xF7BF, 0xF7BF, 0xF7BF, 0xF7BF, 0xF7BF, 0xF7BF, 0xF7BF, 0xF7BF, 0xF7BF, 
    0xF7BF, 0xF7BF, 0xF7BF, 0xF7BF, 0xF7BF, 0xF7BF, 0xF7BF, 0xF7BF, 0xF7BF, 0xF7BF, 0xF7BF, 0xF7BF, 
    0xF7BF, 0xF7BF, 0xF7BF, 0xF7BF, 0xF7BF, 0xF7BF, 0xF7BF, 0xF7BF, 0xF7BF, 0xF7BF, 0xF7BF, 0xF7BF, 
    0xF7BF, 0xF7BF, 0xF7BF, 0xF7BF, 0xF7BF, 0xF7BF, 0xF7BF, 0xF7BF, 0xF7BF, 0xF7BF, 0xF7BF, 0xF7BF, 
    0xF7BF, 0xF7BF, 0xF7BF, 0xF7BF, 0xF7BF, 0xF7BF, 0xF7BF, 
    0xF7BF, 0xF7BF, 0xF7BF, 0xF7BF, 0xF7BF, 0xF7BF, 0xF7BF, 0xF7BF, 0xF7BF, 0xF7BF, 0xF7BF, 0xF7BF, 
    0xF7BF, 0xF7BF, 0xF7BF, 0xF7BF, 0xF7BF, 0xF7BF, 0xF7BF, 0xF7BF, 0xF7BF, 0xF7BF, 0xF7BF, 0xF7BF, 
    0xF7BF, 0xF7BF, 0xF7BF, 0xF7BF, 0xF7BF, 0xF7BF, 0xF7DF, 0xF7DF, 0xF7DF, 0xF7DF, 0xF7DF, 0xF7BF, 
    0xF7BF, 0xF7BF, 0xF7BF, 0xF7BF, 0xF7BF, 0xF7BF, 0xF7BF, 0xF7BF, 0xF7BF, 0xF7BF, 0xF7BF, 0xF7BF, 
    0xF7BF, 0xF7BF, 0xF7BF, 0xF7BF, 0xF7BF, 0xF7BF, 0xF7BF, 0xF7DF, 0xF7DF, 0xFFDF, 0xFFDF, 0xFFDF, 
    0xFFDF, 0xFFDF, 0xFFDF, 0xFFDF, 0xFFDF, 0xEF9E, 0xC65A, 0x7C53, 0x19AA, 0x0908, 0x0929, 0x118A, 
    0x11CB, 0x09AB, 0x09AB, 0x11AA, 0x21CB, 0x3A6C, 0x6BD2, 0xA598, 0xDF1C, 0xF7BF, 0xFFDF, 0xFFDF, 
    0xFFDF, 0xF7BE, 0xF79E, 0xF7BE, 0xF7BE, 0xF7BE, 0xF7BE, 0xF7BE, 0xF7BE, 0xF79E, 0xF79E, 0xF79E, 
    0xF79E, 0xF79E, 0xF79E, 0xF79E, 0xF79E, 0xF79E, 0xF79E, 0xF7BE, 0xF7BE, 0xF7BF, 0xF7BF, 0xF7DF, 
    0xFFDF, 0xFFDF, 0xFFDF, 0xFFDF, 0xF7BF, 0xF7BF, 0xF7DF, 0xFFDF, 0xFFFF, 0xFFFF, 0xFFDF, 0xE73D, 
    0xB619, 0x7C53, 0x4ACE, 0x2A0B, 0x118A, 0x116A, 0x11AA, 0x11CB, 0x11AB, 0x1169, 0x0908, 0x21EB, 
    0x6BF2, 0xBE19, 0xEF5E, 0xEF9E, 0xF79E, 0xF79E, 0xF79E, 0xF7BE, 0xF7BE, 0xF7BE, 0xF7BE, 0xF7BE, 
    0xF7BE, 0xF7BF, 0xF7BF, 0xF7BF, 0xF7BF, 0xF7BF, 0xF7DF, 0xF7DF, 0xF7BF, 0xF7BF, 0xF7BF, 0xF7BF, 
    0xF7BF, 0xF7BF, 0xF7BF, 0xF7BF, 0xF7BF, 0xF7BF, 0xF7BF, 0xF7BF, 0xF7BF, 0xF7BF, 0xF7BE, 0xF7BE, 
    0xF7BF, 0xF7BF, 0xF7BF, 0xF7BF, 0xF7BF, 0xF7BF, 0xF7BF, 0xF7BF, 0xF7BF, 0xF7BF, 0xF7BF, 0xF7BF, 
    0xF7BF, 0xF7BF, 0xF7BF, 0xF7BF, 0xF7BF, 0xF7BF, 0xF7BF, 0xF7BF, 0xF7BF, 0xF7BF, 0xF7BF, 0xF7BF, 
    0xF7BF, 0xF7BF, 0xF7BF, 0xF7BF, 0xF7BF, 0xF7BF, 0xF7BF, 
    0xF7BF, 0xF7BF, 0xF7BF, 0xF7BF, 0xF7BF, 0xF7BF, 0xF7BF, 0xF7BF, 0xF7BF, 0xF7BF, 0xF7BF, 0xF7BF, 
    0xF7BF, 0xF7BF, 0xF7BF, 0xF7BF, 0xF7BF, 0xF7BF, 0xF7BF, 0xF7BF, 0xF7BF, 0xF7BF, 0xF7BF, 0xF7BF, 
    0xF7DF, 0xF7DF, 0xF7BF, 0xF7BF, 0xF7BF, 0xF7BF, 0xF7DF, 0xFFDF, 0xFFFF, 0xFFFF, 0xFFFF, 0xFFDF, 
    0xF7BF, 0xF7BF, 0xF7BF, 0xF7BF, 0xF7BF, 0xF7BF, 0xF7BF, 0xF7BE, 0xF7BE, 0xF7BE, 0xF7BE, 0xF7BE, 
    0xF7BE, 0xF7BE, 0xF7BE, 0xF7BE, 0xF7BF, 0xF7BF, 0xF7BF, 0xF7BF, 0xF7DF, 0xFFDF, 0xFFDF, 0xFFDF, 
    0xFFDF, 0xFFDF, 0xFFDF, 0xFFDF, 0xFFFF, 0xC639, 0x5B50, 0x0929, 0x094A, 0x11CB, 0x11CB, 0x11CB, 
    0x11CC, 0x098A, 0x0949, 0x322C, 0x7454, 0xCEDC, 0xF79E, 0xFFDF, 0xFFDF, 0xF7BE, 0xF79E, 0xF7BE, 
    0xF7BE, 0xF7BF, 0xF7BF, 0xF7BF, 0xF7BF, 0xF7BE, 0xF7BE, 0xF7BE, 0xF79E, 0xF79E, 0xF79E, 0xF79E, 
    0xF79E, 0xF79E, 0xF79E, 0xF79E, 0xF79E, 0xF7BE, 0xF7BE, 0xF7BF, 0xF7BF, 0xF7BF, 0xF7DF, 0xFFDF, 
    0xFFDF, 0xFFDF, 0xFFDF, 0xFFDF, 0xFFDF, 0xF7DF, 0xF7BF, 0xF7BF, 0xF7DF, 0xF7BE, 0xFFDF, 0xFFDF, 
    0xFFFF, 0xFFFF, 0xCEBB, 0x84D5, 0x3AAD, 0x0928, 0x0948, 0x118A, 0x19CB, 0x19CB, 0x19CB, 0x0929, 
    0x0928, 0x3A8D, 0xBE19, 0xEF7E, 0xF7BE, 0xF79E, 0xF7BE, 0xF7BE, 0xF7BF, 0xF7BF, 0xF7BF, 0xF7BF, 
    0xF7BF, 0xF7BF, 0xF7BF, 0xF7BF, 0xF7BF, 0xF7BF, 0xF7BF, 0xF7BF, 0xF7DF, 0xF7BF, 0xF7BF, 0xF7BF, 
    0xF7BF, 0xF7BF, 0xF7BF, 0xF7BF, 0xF7BF, 0xF7BF, 0xF7BF, 0xF7BF, 0xF7BF, 0xF7BE, 0xF7BE, 0xF7BE, 
    0xF7BE, 0xF7BF, 0xF7BF, 0xF7BF, 0xF7BF, 0xF7BF, 0xF7BF, 0xF7BF, 0xF7BF, 0xF7BF, 0xF7BF, 0xF7BF, 
    0xF7BF, 0xF7BF, 0xF7BF, 0xF7BF, 0xF7BF, 0xF7BF, 0xF7BF, 0xF7BF, 0xF7BF, 0xF7BF, 0xF7BF, 0xF7BF, 
    0xF7BF, 0xF7BF, 0xF7BF, 0xF7BF, 0xF7BF, 0xF7BF, 0xF7BF, 
    0xF7BF, 0xF7BF, 0xF7BF, 0xF7BF, 0xF7BF, 0xF7BF, 0xF7BF, 0xF7BF, 0xF7BF, 0xF7BF, 0xF7BF, 0xF7BF, 
    0xF7BF, 0xF7BF, 0xF7BF, 0xF7BF, 0xF7DF, 0xF7BF, 0xF7BF, 0xF7BF, 0xF7BF, 0xF7BF, 0xF7BF, 0xF7BF, 
    0xF7DF, 0xF7DF, 0xF7DF, 0xF7DF, 0xF7DF, 0xF7BE, 0xFFFF, 0xF79E, 0xDEDB, 0xBE19, 0xE73D, 0xF7DF, 
    0xFFDF, 0xF7BF, 0xF7BF, 0xF7BF, 0xF7BF, 0xF7BF, 0xF7BE, 0xF7BE, 0xF7BE, 0xF7BE, 0xF7BE, 0xF7BE, 
    0xF7BE, 0xF7BE, 0xF7BE, 0xF7BE, 0xF7BF, 0xF7BF, 0xF7BF, 0xF7BF, 0xF7BF, 0xF7DF, 0xF7DF, 0xFFDF, 
    0xFFDF, 0xFFDF, 0xFFDF, 0xF7BE, 0xD6BB, 0x5350, 0x19CB, 0x09AC, 0x09CC, 0x11EC, 0x11EC, 0x098B, 
    0x0949, 0x2A4D, 0x7C74, 0xBE3A, 0xE73D, 0xF7BF, 0xF7BE, 0xF7BE, 0xF7BE, 0xF7BE, 0xF7BF, 0xF7BF, 
    0xF7BF, 0xF7BF, 0xF7BF, 0xF7BF, 0xF7BF, 0xF7BE, 0xF7BE, 0xF79E, 0xF79E, 0xF79E, 0xF79E, 0xF79E, 
    0xF79E, 0xF79E, 0xF79E, 0xF79E, 0xF7BE, 0xF7BE, 0xF7BF, 0xF7BF, 0xF7BF, 0xF7DF, 0xFFDF, 0xFFDF, 
    0xFFDF, 0xFFDF, 0xFFDF, 0xFFDF, 0xFFDF, 0xFFDF, 0xFFDF, 0xFFDF, 0xFFDF, 0xF7BF, 0xF7BF, 0xF7BF, 
    0xF7BE, 0xF7BE, 0xEF9E, 0xE73D, 0xBE5A, 0x84D5, 0x3AAD, 0x1189, 0x0948, 0x11AA, 0x19CB, 0x19CB, 
    0x118A, 0x198A, 0x324C, 0xA577, 0xE71D, 0xF7BF, 0xF7BE, 0xF7BF, 0xF7BF, 0xF7BF, 0xF7BF, 0xF7BF, 
    0xF7BF, 0xF7BF, 0xF7BF, 0xF7BF, 0xF7BF, 0xF7BF, 0xF7BF, 0xF7BF, 0xF7BF, 0xF7DF, 0xF7DF, 0xF7DF, 
    0xF7BF, 0xF7BF, 0xF7BF, 0xF7BF, 0xF7BF, 0xF7BE, 0xF7BE, 0xF7BE, 0xF7BE, 0xF7BF, 0xFFDF, 0xFFDF, 
    0xFFDF, 0xF7BF, 0xF7BF, 0xF7BF, 0xF7BF, 0xF7BF, 0xF7BF, 0xF7BF, 0xF7BF, 0xF7BF, 0xF7BF, 0xF7BF, 
    0xF7BF, 0xF7BF, 0xF7BF, 0xF7BF, 0xF7BF, 0xF7BF, 0xF7BF, 0xF7BF, 0xF7BF, 0xF7BF, 0xF7BF, 0xF7BF, 
    0xF7BF, 0xF7BF, 0xF7BF, 0xF7BF, 0xF7BF, 0xF7BF, 0xF7BF, 
    0xF7BF, 0xF7BF, 0xF7BF, 0xF7BF, 0xF7BF, 0xF7BF, 0xF7BF, 0xF7BF, 0xF7BF, 0xF7BF, 0xF7BF, 0xF7BF, 
    0xF7BF, 0xF7BF, 0xF7BF, 0xF7BF, 0xF7BF, 0xF7BF, 0xF7BF, 0xF7BF, 0xF7BF, 0xF7BF, 0xF7BF, 0xF7BF, 
    0xF7DF, 0xF7DF, 0xF7DF, 0xF7DF, 0xFFDF, 0xFFDF, 0xE75D, 0xAD77, 0x6370, 0x4AAE, 0x6BB1, 0xADB8, 
    0xEF5D, 0xFFDF, 0xF7BF, 0xF7BF, 0xF7BF, 0xF7BF, 0xF7BE, 0xF7BE, 0xF7BE, 0xF7BE, 0xF7BE, 0xF7BE, 
    0xF7BE, 0xF7BE, 0xF7BE, 0xF7BE, 0xF7BE, 0xF7BF, 0xF7BF, 0xF7BF, 0xF7BF, 0xF7BF, 0xF7BF, 0xFFDF, 
    0xFFDF, 0xFFDF, 0xFFDF, 0xF7BF, 0xCE9B, 0x42CE, 0x098B, 0x09ED, 0x120D, 0x09CC, 0x09AB, 0x2A2D, 
    0x63B2, 0xA597, 0xD6DC, 0xF79E, 0xFFDF, 0xFFDF, 0xF7BF, 0xF7BE, 0xF7BF, 0xF7BF, 0xF7BF, 0xF7BF, 
    0xF7BF, 0xF7BF, 0xF7BF, 0xF7BF, 0xF7BF, 0xF7BE, 0xF79E, 0xF79E, 0xF79E, 0xF79E, 0xF79E, 0xF79E, 
    0xF79E, 0xF79E, 0xF79E, 0xF79E, 0xF7BE, 0xF7BF, 0xF7BF, 0xF7BF, 0xF7BF, 0xF7DF, 0xFFDF, 0xFFDF, 
    0xFFDF, 0xFFDF, 0xFFDF, 0xFFDF, 0xFFDF, 0xFFDF, 0xFFDF, 0xFFDF, 0xF7BF, 0xF7BF, 0xF7BF, 0xF7BE, 
    0xF7BE, 0xF79E, 0xF7BE, 0xF7BE, 0xEF7E, 0xD6FC, 0xADB8, 0x6C12, 0x3A8D, 0x1169, 0x118A, 0x19CB, 
    0x19EC, 0x11AB, 0x0949, 0x4AEE, 0xB5F8, 0xF7BF, 0xF7BE, 0xF7BF, 0xF7BF, 0xF7DF, 0xF7DF, 0xF7DF, 
    0xF7DF, 0xF7BF, 0xF7BF, 0xF7BF, 0xF7BF, 0xF7BF, 0xF7BF, 0xF7BF, 0xF7BF, 0xF7DF, 0xF7DF, 0xF7DF, 
    0xF7DF, 0xF7BF, 0xF7BF, 0xF7BF, 0xF7BF, 0xF7BE, 0xF7BE, 0xF7BE, 0xFFDF, 0xF7BE, 0xC639, 0xBE39, 
    0xDEFC, 0xFFDF, 0xF7BF, 0xF7BF, 0xF7BF, 0xF7BF, 0xF7BF, 0xF7BF, 0xF7BF, 0xF7BF, 0xF7BF, 0xF7BF, 
    0xF7BF, 0xF7BF, 0xF7BF, 0xF7BF, 0xF7BF, 0xF7BF, 0xF7BF, 0xF7BF, 0xF7BF, 0xF7BF, 0xF7BF, 0xF7BF, 
    0xF7BF, 0xF7BF, 0xF7BF, 0xF7BF, 0xF7BF, 0xF7BF, 0xF7BF, 
    0xF7BF, 0xF7BF, 0xF7BF, 0xF7BF, 0xF7BF, 0xF7BF, 0xF7BF, 0xF7BF, 0xF7BF, 0xF7BF, 0xF7BF, 0xF7BF, 
    0xF7BF, 0xF7BF, 0xF7BF, 0xF7BF, 0xF7BF, 0xF7BF, 0xF7BF, 0xF7BF, 0xF7BF, 0xF7BF, 0xF7BF, 0xF7BF, 
    0xF7DF, 0xF7DF, 0xF7BF, 0xFFDF, 0xFFDF, 0xF79E, 0xAD97, 0x530F, 0x1129, 0x0908, 0x1149, 0x5B30, 
    0xB5D8, 0xFFDF, 0xF7BF, 0xF7BF, 0xF7BF, 0xF7BF, 0xF7BE, 0xF7BE, 0xF7BE, 0xF7BE, 0xF7BE, 0xF7BE, 
    0xF7BE, 0xF7BE, 0xF7BE, 0xF7BE, 0xF7BE, 0xF7BE, 0xF7BF, 0xF7BF, 0xF7BF, 0xF7BF, 0xF7BF, 0xF7BF, 
    0xFFDF, 0xF7DF, 0xFFDF, 0xF7DF, 0xE73D, 0x7433, 0x2A4D, 0x09AB, 0x09AC, 0x11CC, 0x3ACE, 0x7C74, 
    0xC67B, 0xF7DF, 0xFFFF, 0xFFDF, 0xF7DF, 0xF7BF, 0xF7DF, 0xF7DF, 0xF7DF, 0xF7BF, 0xF7BF, 0xF7BF, 
    0xF7BF, 0xF7BF, 0xF7BF, 0xF7BF, 0xF7BE, 0xF79E, 0xF79E, 0xF79E, 0xF79E, 0xF79E, 0xF79E, 0xF79E, 
    0xF79E, 0xF79E, 0xF79E, 0xF79E, 0xF7BF, 0xF7BF, 0xF7BF, 0xF7BF, 0xF7DF, 0xFFDF, 0xFFDF, 0xFFDF, 
    0xFFDF, 0xFFDF, 0xFFDF, 0xFFDF, 0xFFDF, 0xFFDF, 0xFFDF, 0xF7BF, 0xF7BF, 0xF7BF, 0xF7BE, 0xF7BE, 
    0xF7BE, 0xF7BE, 0xF79E, 0xF79E, 0xF7BE, 0xF7BF, 0xF7BE, 0xCE9B, 0x8CF5, 0x4B0E, 0x19CA, 0x11AA, 
    0x19CB, 0x19CB, 0x1169, 0x4ACE, 0xB5D8, 0xF7BF, 0xF7DF, 0xF7DF, 0xF7DF, 0xF7DF, 0xF7DF, 0xF7DF, 
    0xF7DF, 0xF7BF, 0xF7BF, 0xF7BF, 0xF7BF, 0xF7BF, 0xF7BF, 0xF7BF, 0xF7BF, 0xF7DF, 0xF7DF, 0xF7DF, 
    0xF7DF, 0xF7BF, 0xF7BF, 0xF7BF, 0xF7BF, 0xF7BE, 0xF7BE, 0xF7BE, 0xE73D, 0xB5D8, 0x6391, 0x6350, 
    0x94D5, 0xE75D, 0xF7BE, 0xF7BF, 0xF7BF, 0xF7BF, 0xF7BF, 0xF7BF, 0xF7BF, 0xF7BF, 0xF7BF, 0xF7BF, 
    0xF7BF, 0xF7BF, 0xF7BF, 0xF7BF, 0xF7BF, 0xF7BF, 0xF7BF, 0xF7BF, 0xF7BF, 0xF7BF, 0xF7BF, 0xF7BF, 
    0xF7BF, 0xF7BF, 0xF7BF, 0xF7BF, 0xF7BF, 0xF7BF, 0xF7BF, 
    0xF7BF, 0xF7BF, 0xF7BF, 0xF7BF, 0xF7BF, 0xF7BF, 0xF7BF, 0xF7BF, 0xF7BF, 0xF7BF, 0xF7BF, 0xF7BF, 
    0xF7BF, 0xF7BF, 0xF7BF, 0xF7BF, 0xF7BF, 0xF7BF, 0xF7BF, 0xF7BF, 0xF7BF, 0xF7BF, 0xF7BF, 0xF7BF, 
    0xF7BF, 0xF7DF, 0xF7BF, 0xFFDF, 0xF7BE, 0xC639, 0x4ACE, 0x1169, 0x118B, 0x11CC, 0x094A, 0x196A, 
    0x63B1, 0xF7BE, 0xF7DF, 0xF7BF, 0xF7BE, 0xF7BF, 0xF7BE, 0xF7BE, 0xF7BE, 0xF7BE, 0xF7BE, 0xF7BE, 
    0xF7BE, 0xF7BE, 0xF7BE, 0xF7BE, 0xF7BE, 0xF7BE, 0xF7BE, 0xF7BE, 0xF7BE, 0xF7BF, 0xF7BF, 0xF7BF, 
    0xF7DF, 0xFFDF, 0xFFDF, 0xFFDF, 0xFFFF, 0xCEBB, 0x7412, 0x21CB, 0x1949, 0x42CE, 0xA598, 0xEF7E, 
    0xFFFF, 0xFFFF, 0xFFDF, 0xF7DF, 0xF7DF, 0xFFDF, 0xFFDF, 0xFFDF, 0xFFDF, 0xFFDF, 0xFFDF, 0xF7BF, 
    0xF7BF, 0xF7BF, 0xF7BF, 0xF7BE, 0xF7BE, 0xF79E, 0xF79E, 0xF79E, 0xF79E, 0xF79E, 0xF79E, 0xF79E, 
    0xF79E, 0xF79E, 0xF79E, 0xF79E, 0xF7BF, 0xF7BF, 0xF7BF, 0xF7DF, 0xFFDF, 0xFFDF, 0xFFDF, 0xFFDF, 
    0xFFDF, 0xFFDF, 0xFFDF, 0xFFDF, 0xFFDF, 0xFFDF, 0xFFBF, 0xF7BF, 0xF7BF, 0xF7BE, 0xF7BE, 0xF79E, 
    0xF79E, 0xF79E, 0xF79E, 0xF79E, 0xF79E, 0xF79E, 0xF7BE, 0xF7DF, 0xEF9E, 0xC67A, 0x4B50, 0x21EB, 
    0x1169, 0x19AA, 0x2A2C, 0xAD98, 0xE75D, 0xFFFF, 0xF7BF, 0xF7DF, 0xF7DF, 0xF7DF, 0xF7DF, 0xF7DF, 
    0xF7DF, 0xF7BF, 0xF7BF, 0xF7BF, 0xF7BF, 0xF7BF, 0xF7BF, 0xF7BF, 0xF7DF, 0xF7DF, 0xF7BF, 0xF7BF, 
    0xF7BF, 0xF7BF, 0xF7BF, 0xF7BF, 0xF7BF, 0xF7BE, 0xFFDF, 0xEF5D, 0xAD97, 0x29EB, 0x0908, 0x00A7, 
    0x322C, 0xAD98, 0xEF7E, 0xF7BF, 0xF7BE, 0xF7BF, 0xF7BF, 0xF7BF, 0xF7BF, 0xF7BF, 0xF7BF, 0xF7BF, 
    0xF7BF, 0xF7BF, 0xF7BF, 0xF7BF, 0xF7BF, 0xF7BF, 0xF7BF, 0xF7BF, 0xF7BF, 0xF7BF, 0xF7BF, 0xF7BF, 
    0xF7BF, 0xF7BF, 0xF7BF, 0xF7BF, 0xF7BF, 0xF7BF, 0xF7BF, 
    0xF7BF, 0xF7BF, 0xF7BF, 0xF7BF, 0xF7BF, 0xF7BF, 0xF7BF, 0xF7BF, 0xF7BF, 0xF7BF, 0xF7BF, 0xF7BF, 
    0xF7BF, 0xF7BF, 0xF7BF, 0xF7BF, 0xF7BF, 0xF7BF, 0xF7BF, 0xF7BF, 0xF7BF, 0xF7BF, 0xF7BF, 0xF7BF, 
    0xF7BF, 0xF7BE, 0xFFDF, 0xF7BE, 0xCE9B, 0x3A8D, 0x11AB, 0x118A, 0x11AB, 0x11CC, 0x096A, 0x198B, 
    0x6391, 0xF7BF, 0xF7DF, 0xF7BE, 0xF7BE, 0xF7BF, 0xF7BF, 0xF7BF, 0xF7BE, 0xF7BE, 0xF7BE, 0xF7BE, 
    0xF7BE, 0xF7BE, 0xF7BE, 0xF7BE, 0xF7BE, 0xF7BE, 0xF7BE, 0xF7BE, 0xF7BE, 0xF7BF, 0xF7BF, 0xF7BF, 
    0xF7BF, 0xF7DF, 0xFFDF, 0xF7BF, 0xFFDF, 0xFFDF, 0xDEFC, 0xAD97, 0x8494, 0xCEBB, 0xF79E, 0xFFDF, 
    0xFFDF, 0xFFDF, 0xFFDF, 0xF7DF, 0xF7DF, 0xFFDF, 0xFFDF, 0xFFDF, 0xFFDF, 0xFFDF, 0xFFDF, 0xF7BF, 
    0xF7BF, 0xF7BF, 0xF7BF, 0xF7BE, 0xF79E, 0xF79E, 0xF79E, 0xF79E, 0xF79E, 0xF79E, 0xF79E, 0xF79E, 
    0xF79E, 0xF79E, 0xF79E, 0xF79E, 0xF7BF, 0xF7BF, 0xF7DF, 0xFFDF, 0xFFDF, 0xFFDF, 0xFFDF, 0xFFDF, 
    0xFFDF, 0xFFDF, 0xFFDF, 0xFFDF, 0xFFDF, 0xFFDF, 0xF7BF, 0xF7BF, 0xF7BE, 0xF79E, 0xF79E, 0xF79E, 
    0xF79E, 0xF79E, 0xF79E, 0xF79E, 0xF79E, 0xF7BE, 0xF7BE, 0xF7BE, 0xF7BF, 0xF7DF, 0xE75D, 0x8CD5, 
    0x42CE, 0x42CE, 0xADB8, 0xEF5E, 0xFFDF, 0xFFDF, 0xFFDF, 0xF7DF, 0xF7DF, 0xF7DF, 0xF7DF, 0xF7BF, 
    0xF7BF, 0xF7BF, 0xF7BF, 0xF7BF, 0xF7BF, 0xF7BF, 0xF7BF, 0xF7BF, 0xF7BF, 0xF7BF, 0xF7BF, 0xF7BF, 
    0xF7BF, 0xF7BF, 0xF7BF, 0xF7BF, 0xF7BE, 0xF7BE, 0xFFDF, 0xB5D8, 0x42AE, 0x00C8, 0x11AB, 0x11AC, 
    0x11AB, 0x2A2C, 0xC67A, 0xF79E, 0xF7DF, 0xF7BE, 0xF7BF, 0xF7BF, 0xF7BF, 0xF7BF, 0xF7BF, 0xF7BF, 
    0xF7BF, 0xF7BF, 0xF7BF, 0xF7BF, 0xF7BF, 0xF7BF, 0xF7BF, 0xF7BF, 0xF7BF, 0xF7BF, 0xF7BF, 0xF7BF, 
    0xF7BF, 0xF7BF, 0xF7BF, 0xF7BF, 0xF7BF, 0xF7BF, 0xF7BF, 
    0xF7BF, 0xF7BF, 0xF7BF, 0xF7BF, 0xF7BF, 0xF7BF, 0xF7BF, 0xF7BF, 0xF7BF, 0xF7BF, 0xF7BF, 0xF7BF, 
    0xF7BF, 0xF7BF, 0xF7BF, 0xF7BF, 0xF7BF, 0xF7BF, 0xF7BF, 0xF7BF, 0xF7BF, 0xF7BF, 0xF7BF, 0xF7BF, 
    0xF7BE, 0xF7BF, 0xFFDF, 0xC67B, 0x5BB1, 0x11AB, 0x098B, 0x09AB, 0x09AC, 0x09AC, 0x0929, 0x5310, 
    0xADB9, 0xFFDF, 0xF7DF, 0xF7BF, 0xF7BF, 0xF7BF, 0xF7BF, 0xF7BF, 0xF7BF, 0xF7BF, 0xF7BF, 0xF7BE, 
    0xF7BE, 0xF7BE, 0xF7BE, 0xF7BE, 0xF7BE, 0xF7BE, 0xF7BE, 0xF7BE, 0xF7BE, 0xF7BF, 0xF7BF, 0xF7BF, 
    0xF7BF, 0xF7DF, 0xF7DF, 0xF7DF, 0xFFDF, 0xFFDF, 0xF7BE, 0xEF5D, 0xDEFC, 0xF7BE, 0xFFDF, 0xFFDF, 
    0xFFDF, 0xFFDF, 0xFFDF, 0xFFDF, 0xFFDF, 0xFFDF, 0xFFDF, 0xFFDF, 0xFFDF, 0xFFDF, 0xFFDF, 0xF7BF, 
    0xF7BF, 0xF7BF, 0xF7BF, 0xF79E, 0xF79E, 0xF79E, 0xF79E, 0xF79E, 0xEF9E, 0xEF9E, 0xEF7E, 0xF79E, 
    0xF79E, 0xF79E, 0xF79E, 0xF7BE, 0xF7BF, 0xF7BF, 0xF7DF, 0xFFDF, 0xFFDF, 0xFFDF, 0xFFDF, 0xFFDF, 
    0xF7DF, 0xF7DF, 0xF7DF, 0xF7DF, 0xF7BF, 0xF7BF, 0xF7BF, 0xF7BF, 0xF7BE, 0xF79E, 0xF79E, 0xF79E, 
    0xF79E, 0xF79E, 0xF79E, 0xF79E, 0xF7BE, 0xF7BE, 0xF7BF, 0xF7BF, 0xF7DF, 0xFFDF, 0xFFDF, 0xDF1C, 
    0xC65A, 0xBE3A, 0xEF5E, 0xF7BF, 0xFFDF, 0xF7BF, 0xF7BF, 0xF7BF, 0xF7BF, 0xF7BF, 0xF7BF, 0xF7BF, 
    0xF7BF, 0xF7BF, 0xF7BF, 0xF7BF, 0xF7BF, 0xF7BF, 0xF7BF, 0xF7BF, 0xF7BF, 0xF7BF, 0xF7BF, 0xF7BF, 
    0xF7BF, 0xF7BF, 0xF7BF, 0xF7BE, 0xF7BE, 0xF7BE, 0xF7BE, 0x9D36, 0x21CB, 0x00E9, 0x09AC, 0x11CC, 
    0x09AB, 0x116A, 0x5B91, 0xC65A, 0xF7BF, 0xF7BF, 0xF7BF, 0xF7BF, 0xF7BF, 0xF7BF, 0xF7BF, 0xF7BF, 
    0xF7BF, 0xF7BF, 0xF7BF, 0xF7BF, 0xF7BF, 0xF7BF, 0xF7BF, 0xF7BF, 0xF7BF, 0xF7BF, 0xF7BF, 0xF7BF, 
    0xF7BF, 0xF7BF, 0xF7BF, 0xF7BF, 0xF7BF, 0xF7BF, 0xF7BF, 
    0xF7BF, 0xF7BF, 0xF7BF, 0xF7BF, 0xF7BF, 0xF7BF, 0xF7BF, 0xF7BF, 0xF7BF, 0xF7BF, 0xF7BF, 0xF7BF, 
    0xF7BF, 0xF7BF, 0xF7BF, 0xF7BF, 0xF7BF, 0xF7BF, 0xF7BF, 0xF7BF, 0xF7BF, 0xF7BF, 0xF7BF, 0xF7BF, 
    0xF7BF, 0xFFDF, 0xD6DC, 0x8494, 0x19AB, 0x098B, 0x09AC, 0x09AC, 0x098B, 0x092A, 0x428E, 0x9D37, 
    0xE75D, 0xFFDF, 0xF7BF, 0xF7BF, 0xF7BF, 0xF7BF, 0xF7BF, 0xF7BF, 0xF7BF, 0xF7BF, 0xF7BF, 0xF7BF, 
    0xF7BE, 0xF7BE, 0xF7BE, 0xF7BE, 0xF7BE, 0xF7BE, 0xF7BE, 0xF7BE, 0xF7BE, 0xF7BF, 0xF7BF, 0xF7BF, 
    0xF7BF, 0xF7BF, 0xF7DF, 0xF7DF, 0xF7DF, 0xF7DF, 0xFFDF, 0xFFDF, 0xFFDF, 0xFFDF, 0xFFDF, 0xFFDF, 
    0xFFDF, 0xFFDF, 0xFFDF, 0xFFDF, 0xFFDF, 0xFFDF, 0xFFDF, 0xFFDF, 0xFFDF, 0xFFDF, 0xF7DF, 0xF7BF, 
    0xF7BF, 0xF7BF, 0xF7BF, 0xF79E, 0xF79E, 0xF79E, 0xF79E, 0xF79E, 0xF79E, 0xF79E, 0xF79E, 0xF79E, 
    0xF79E, 0xF7BE, 0xF7BE, 0xF79E, 0xF7BE, 0xF7BF, 0xFFDF, 0xFFFF, 0xFFDF, 0xFFFF, 0xFFFF, 0xFFDF, 
    0xFFDF, 0xF7DF, 0xF7BF, 0xF7BF, 0xF7BF, 0xF7BF, 0xF7BF, 0xF7BF, 0xF7BE, 0xF79E, 0xF79E, 0xF79E, 
    0xF79E, 0xF79E, 0xF79E, 0xF7BE, 0xF7BE, 0xF7BF, 0xF7BF, 0xF7DF, 0xF7DF, 0xFFDF, 0xFFDF, 0xFFDF, 
    0xFFDF, 0xFFDF, 0xFFDF, 0xFFDF, 0xF7BF, 0xF7BF, 0xF7BF, 0xF7BF, 0xF7BF, 0xF7BF, 0xF7BF, 0xF7BF, 
    0xF7BF, 0xF7BF, 0xF7BF, 0xF7BF, 0xF7BF, 0xF7BF, 0xF7BF, 0xF7BF, 0xF7BF, 0xF7BF, 0xF7BF, 0xF7BF, 
    0xF7BF, 0xF7BF, 0xF7BF, 0xF7BE, 0xF7BE, 0xF7BE, 0xF7BE, 0xB5F9, 0x4B10, 0x00E9, 0x096B, 0x09AC, 
    0x09AB, 0x096A, 0x118A, 0x7C74, 0xCEBC, 0xF7BF, 0xF7BF, 0xF7BF, 0xF7BF, 0xF7BF, 0xF7BF, 0xF7BF, 
    0xF7BF, 0xF7BF, 0xF7BF, 0xF7BF, 0xF7BF, 0xF7BF, 0xF7BF, 0xF7BF, 0xF7BF, 0xF7BF, 0xF7BF, 0xF7BF, 
    0xF7BF, 0xF7BF, 0xF7BF, 0xF7BF, 0xF7BF, 0xF7BF, 0xF7BF, 
    0xF7BF, 0xF7BF, 0xF7BF, 0xF7BF, 0xF7BF, 0xF7BF, 0xF7BF, 0xF7BF, 0xF7BF, 0xF7BF, 0xF7BF, 0xF7BF, 
    0xF7BF, 0xF7BF, 0xF7BF, 0xF7BF, 0xF7BF, 0xF7BF, 0xF7BF, 0xF7BF, 0xF7BF, 0xF7BF, 0xF7BF, 0xF7BF, 
    0xF7BF, 0xEF9E, 0x94F5, 0x326D, 0x0909, 0x09AC, 0x09CC, 0x09AB, 0x098B, 0x21AA, 0x9D37, 0xE73D, 
    0xFFDF, 0xF7BE, 0xF7DF, 0xF7DF, 0xF7DF, 0xF7DF, 0xF7BF, 0xF7BF, 0xF7BF, 0xF7BF, 0xF7BF, 0xF7BF, 
    0xF7BF, 0xF7BE, 0xF7BE, 0xF7BE, 0xF7BE, 0xF7BE, 0xF7BE, 0xF7BE, 0xF7BF, 0xF7BF, 0xF7BF, 0xF7BF, 
    0xF7BF, 0xF7BF, 0xF7BF, 0xF7BF, 0xF7DF, 0xF7DF, 0xF7BF, 0xF7BF, 0xF7BF, 0xF7DF, 0xFFDF, 0xFFDF, 
    0xFFDF, 0xFFDF, 0xFFDF, 0xFFDF, 0xFFDF, 0xFFDF, 0xFFDF, 0xFFDF, 0xFFDF, 0xFFDF, 0xF7DF, 0xF7BF, 
    0xF7BF, 0xF7BF, 0xF7BE, 0xF7BE, 0xF7BE, 0xF79E, 0xF79E, 0xF79E, 0xEF9E, 0xEF7D, 0xE73D, 0xDF1C, 
    0xD6DB, 0xCEBB, 0xCE9A, 0xC65A, 0xCE7A, 0xCE9B, 0xD6DB, 0xDF1C, 0xE73D, 0xEF7D, 0xEF9E, 0xF79E, 
    0xFFDF, 0xFFDF, 0xFFDF, 0xF7BF, 0xF7DF, 0xF7DF, 0xF7BF, 0xF7BF, 0xF7BF, 0xF79E, 0xF79E, 0xF79E, 
    0xF79E, 0xF79E, 0xF79E, 0xF7BE, 0xF7BF, 0xF7BF, 0xF7BF, 0xF7DF, 0xFFDF, 0xFFDF, 0xFFDF, 0xF7BF, 
    0xFFDF, 0xFFDF, 0xF7BF, 0xF7BF, 0xF7BF, 0xF7BF, 0xF7BF, 0xF7BF, 0xF7BF, 0xF7BF, 0xF7BF, 0xF7BE, 
    0xF7BE, 0xF7BF, 0xF7BF, 0xF7BF, 0xF7BF, 0xF7BF, 0xF7BF, 0xF7BF, 0xF7BE, 0xF7BE, 0xF7BE, 0xF7BF, 
    0xF7BF, 0xF7BF, 0xF7BF, 0xF7BE, 0xF7BE, 0xF79E, 0xF7BE, 0xE73D, 0xA577, 0x21AB, 0x094A, 0x096B, 
    0x09AC, 0x11AC, 0x0908, 0x324D, 0x8CF5, 0xEF7E, 0xF7BF, 0xF7BF, 0xF7BF, 0xF7BF, 0xF7BF, 0xF7BF, 
    0xF7BF, 0xF7BF, 0xF7BF, 0xF7BF, 0xF7BF, 0xF7BF, 0xF7BF, 0xF7BF, 0xF7BF, 0xF7BF, 0xF7BF, 0xF7BF, 
    0xF7BF, 0xF7BF, 0xF7BF, 0xF7BF, 0xF7BF, 0xF7BF, 0xF7BF, 
    0xF7BF, 0xF7BF, 0xF7BF, 0xF7BF, 0xF7BF, 0xF7BF, 0xF7BF, 0xF7BF, 0xF7BF, 0xF7BF, 0xF7BF, 0xF7BF, 
    0xF7BF, 0xF7BF, 0xF7BF, 0xF7BF, 0xF7BF, 0xF7BF, 0xF7BF, 0xF7BF, 0xF7BF, 0xF7BF, 0xF7BF, 0xF7BF, 
    0xFFDF, 0xBE39, 0x4AAD, 0x0908, 0x11AB, 0x09AB, 0x09CC, 0x0949, 0x218A, 0x8CF7, 0xE75D, 0xFFDF, 
    0xF7BF, 0xF7BF, 0xF7DF, 0xF7DF, 0xF7DF, 0xF7DF, 0xF7DF, 0xF7BF, 0xF7BF, 0xF7BF, 0xF7BF, 0xF7BF, 
    0xF7BF, 0xF7BF, 0xF7BF, 0xF7BE, 0xF7BE, 0xF7BE, 0xF7BE, 0xF7BE, 0xF7BF, 0xF7BF, 0xF7BF, 0xF7BF, 
    0xF7BF, 0xF7BF, 0xF7BF, 0xF7BF, 0xF7BF, 0xF7BF, 0xF7BF, 0xF7DF, 0xF7DF, 0xFFDF, 0xFFDF, 0xFFDF, 
    0xFFDF, 0xFFDF, 0xFFDF, 0xFFDF, 0xFFDF, 0xFFFF, 0xFFFF, 0xFFDF, 0xFFDF, 0xFFDF, 0xF7DF, 0xF7BF, 
    0xF7BF, 0xF7BE, 0xF7BE, 0xF7DF, 0xFFDF, 0xFFDF, 0xF7BF, 0xEF7D, 0xD6DC, 0xBE19, 0x9D36, 0x8494, 
    0x5B90, 0x42EE, 0x326D, 0x222C, 0x326C, 0x328D, 0x42EE, 0x5BB1, 0x7C94, 0x9D56, 0xADD8, 0xBE39, 
    0xE75D, 0xFFDF, 0xFFFF, 0xFFFF, 0xFFFF, 0xFFDF, 0xF7BE, 0xF7BE, 0xF7BF, 0xF7BE, 0xF79E, 0xF79E, 
    0xF79E, 0xF79E, 0xF79E, 0xF7BF, 0xF7BF, 0xF7BF, 0xF7BF, 0xF7DF, 0xF7DF, 0xFFDF, 0xFFDF, 0xFFDF, 
    0xFFDF, 0xF7BF, 0xF7BF, 0xF7BF, 0xF7BF, 0xF7BF, 0xF7BF, 0xF7BF, 0xF7BF, 0xF7BF, 0xF7BE, 0xF7BE, 
    0xF7BF, 0xF7BE, 0xF7BE, 0xF7BE, 0xF7BE, 0xF7BE, 0xF7BE, 0xF7BE, 0xF7BE, 0xF7BE, 0xF7BE, 0xF7BE, 
    0xF7BE, 0xF7BE, 0xF7BE, 0xF7BE, 0xF7BE, 0xF79E, 0xF79E, 0xF7BE, 0xDF1D, 0x7C94, 0x2169, 0x0908, 
    0x098B, 0x118B, 0x11CC, 0x0908, 0x42AD, 0xBE3A, 0xFFDF, 0xF7BF, 0xF7BF, 0xF7BF, 0xF7DF, 0xF7DF, 
    0xF7DF, 0xF7DF, 0xF7DF, 0xF7BF, 0xF7BF, 0xF7BF, 0xF7BF, 0xF7BF, 0xF7BF, 0xF7BF, 0xF7BF, 0xF7BF, 
    0xF7BF, 0xF7BF, 0xF7BF, 0xF7BF, 0xF7BF, 0xF7BF, 0xF7BF, 
    0xF7BF, 0xF7BF, 0xF7BF, 0xF7BF, 0xF7BF, 0xF7BF, 0xF7BF, 0xF7BF, 0xF7BF, 0xF7BF, 0xF7BF, 0xF7BF, 
    0xF7BF, 0xF7BF, 0xF7BF, 0xF7BF, 0xF7BF, 0xF7BF, 0xF7BF, 0xF7BF, 0xF7BE, 0xF7BE, 0xF7BF, 0xF7BE, 
    0xD6DC, 0x4AEF, 0x198A, 0x0969, 0x11CB, 0x11CB, 0x0949, 0x21EB, 0x6BD2, 0xE75D, 0xF7BF, 0xF7BF, 
    0xF7BF, 0xF7BF, 0xF7DF, 0xF7DF, 0xFFDF, 0xFFDF, 0xF7DF, 0xF7DF, 0xF7BF, 0xF7BF, 0xF7BF, 0xF7BF, 
    0xF7BF, 0xF7BF, 0xF7BF, 0xF7BF, 0xF7BF, 0xF7BF, 0xF7BF, 0xF7BF, 0xF7BF, 0xF7BF, 0xF7BF, 0xF7BF, 
    0xF7BF, 0xF7BF, 0xF7BF, 0xF7BF, 0xF7BF, 0xF7BF, 0xF7BF, 0xF7BF, 0xF7BF, 0xF7DF, 0xF7DF, 0xF7DF, 
    0xFFDF, 0xFFDF, 0xFFDF, 0xFFDF, 0xFFDF, 0xFFDF, 0xFFDF, 0xFFDF, 0xFFDF, 0xFFDF, 0xF7BF, 0xF7BE, 
    0xFFDF, 0xFFDF, 0xFFDF, 0xEF9E, 0xCE9A, 0x9D36, 0x6BF1, 0x42CE, 0x324C, 0x29EB, 0x21AA, 0x19AA, 
    0x1989, 0x1189, 0x118A, 0x098A, 0x11AA, 0x11AA, 0x11AB, 0x19EB, 0x21EB, 0x2A0B, 0x2A2C, 0x324C, 
    0x42CE, 0x63D1, 0x9516, 0xC67A, 0xF79E, 0xFFDF, 0xFFFF, 0xFFDF, 0xF7BE, 0xF79E, 0xF79E, 0xF79E, 
    0xF79E, 0xF79E, 0xF79E, 0xF7BF, 0xF7BF, 0xF7BF, 0xF7BF, 0xF7DF, 0xF7DF, 0xF7DF, 0xF7DF, 0xF7DF, 
    0xF7BF, 0xF7BF, 0xF7BF, 0xF7BF, 0xF7BF, 0xF7BF, 0xF7BF, 0xF7BF, 0xF7BE, 0xF7BE, 0xF7BE, 0xF7BE, 
    0xF7BF, 0xF7BE, 0xF7BE, 0xF7BE, 0xF7BE, 0xF7BE, 0xF7BE, 0xF7BE, 0xF7BE, 0xF7BE, 0xF7BE, 0xF7BE, 
    0xF7BE, 0xF7BE, 0xF7BE, 0xF7BE, 0xF7BE, 0xF79E, 0xF79E, 0xF79E, 0xEF9E, 0xDEFC, 0x5B70, 0x198A, 
    0x0929, 0x11AB, 0x11AB, 0x096A, 0x19AA, 0x532F, 0xE75D, 0xF7DF, 0xFFDF, 0xF7DF, 0xFFDF, 0xFFDF, 
    0xF7DF, 0xF7DF, 0xF7DF, 0xF7DF, 0xF7BF, 0xF7BF, 0xF7BF, 0xF7BF, 0xF7BF, 0xF7BF, 0xF7BF, 0xF7BF, 
    0xF7BF, 0xF7BF, 0xF7BF, 0xF7BF, 0xF7BF, 0xF7BF, 0xF7BF, 
    0xF7BF, 0xF7BF, 0xF7BF, 0xF7BF, 0xF7BF, 0xF7BF, 0xF7BF, 0xF7BF, 0xF7BF, 0xF7BF, 0xF7BF, 0xF7BF, 
    0xF7BF, 0xF7BF, 0xF7BF, 0xF7BF, 0xF7BF, 0xF7BF, 0xF7BE, 0xF7BE, 0xF7BE, 0xF7BE, 0xF7BF, 0xD6FC, 
    0x7433, 0x198A, 0x096A, 0x09AB, 0x11CB, 0x098A, 0x118A, 0x5B90, 0xC65A, 0xFFFF, 0xFFDF, 0xF7DF, 
    0xF7DF, 0xF7DF, 0xF7DF, 0xFFDF, 0xFFDF, 0xFFDF, 0xFFDF, 0xF7DF, 0xF7BF, 0xF7BF, 0xF7BF, 0xF7BF, 
    0xF7BF, 0xF7BF, 0xF7BF, 0xF7BF, 0xF7BF, 0xF7BF, 0xF7BF, 0xF7BF, 0xF7BF, 0xF7BF, 0xF7BF, 0xF7BF, 
    0xF7BF, 0xF7BF, 0xF7BF, 0xF7BF, 0xF7BF, 0xF7BF, 0xF7BF, 0xF7BF, 0xF7BF, 0xF7BF, 0xF7BF, 0xF7DF, 
    0xFFDF, 0xFFDF, 0xFFDF, 0xFFDF, 0xFFDF, 0xFFDF, 0xFFDF, 0xFFDF, 0xFFDF, 0xFFDF, 0xFFDF, 0xFFDF, 
    0xEF9E, 0xD6DB, 0xA576, 0x7C53, 0x5B2F, 0x3A4C, 0x21CA, 0x0949, 0x0928, 0x0928, 0x0928, 0x0949, 
    0x0969, 0x098A, 0x09AA, 0x09AA, 0x09AB, 0x09CB, 0x09CB, 0x09CB, 0x09AB, 0x09AB, 0x098A, 0x098A, 
    0x11AB, 0x220C, 0x3A8D, 0x5B50, 0x7453, 0x9D57, 0xCE9B, 0xEF7E, 0xFFDF, 0xF7BF, 0xF7BE, 0xF79E, 
    0xF79E, 0xF79E, 0xF79E, 0xF7BE, 0xF7BF, 0xF7BF, 0xF7BF, 0xF7BF, 0xF7BF, 0xF7BF, 0xF7BF, 0xF7BF, 
    0xF7BF, 0xF7BF, 0xF7BF, 0xF7BF, 0xF7BF, 0xF7BF, 0xF7BE, 0xF7BE, 0xF7BE, 0xF7BE, 0xF7BE, 0xF7BE, 
    0xF7BE, 0xF7BE, 0xF7BE, 0xF7BE, 0xF7BE, 0xF7BE, 0xF7BE, 0xF7BE, 0xF7BE, 0xF7BF, 0xF7BE, 0xF7BE, 
    0xF7BE, 0xF7BE, 0xF7BE, 0xF7BE, 0xF7BE, 0xF7BE, 0xF79E, 0xF79E, 0xF7BE, 0xFFDF, 0xB5D8, 0x4B0F, 
    0x0929, 0x096A, 0x118B, 0x11AB, 0x116A, 0x21CB, 0x8CF5, 0xE73D, 0xFFDF, 0xF7DF, 0xFFDF, 0xFFDF, 
    0xF7DF, 0xF7DF, 0xF7DF, 0xF7DF, 0xF7BF, 0xF7BF, 0xF7BF, 0xF7BF, 0xF7BF, 0xF7BF, 0xF7BF, 0xF7BF, 
    0xF7BF, 0xF7BF, 0xF7BF, 0xF7BF, 0xF7BF, 0xF7BF, 0xF7BF, 
    0xF7BF, 0xF7BF, 0xF7BF, 0xF7BF, 0xF7BF, 0xF7BF, 0xF7BF, 0xF7BF, 0xF7BF, 0xF7BF, 0xF7BF, 0xF7BF, 
    0xF7BF, 0xF7BF, 0xF7BF, 0xF7BF, 0xF7BF, 0xF7BE, 0xF7BE, 0xF7BE, 0xF79E, 0xF7BE, 0xE73D, 0x9D57, 
    0x19AA, 0x094A, 0x098B, 0x09CB, 0x09AB, 0x0929, 0x42CE, 0xA597, 0xFFDF, 0xFFDF, 0xFFDF, 0xFFDF, 
    0xFFDF, 0xFFDF, 0xFFDF, 0xFFDF, 0xFFDF, 0xFFDF, 0xFFDF, 0xF7DF, 0xF7BF, 0xF7BF, 0xF7BF, 0xF7BF, 
    0xF7BF, 0xF7BF, 0xF7BF, 0xF7BF, 0xF7BF, 0xF7BF, 0xF7BF, 0xF7BF, 0xF7BF, 0xF7BF, 0xF7BF, 0xF7BF, 
    0xF7BF, 0xF7BF, 0xF7BF, 0xF7BF, 0xF7BF, 0xF7BF, 0xF7BF, 0xF7BF, 0xF7BF, 0xF7BF, 0xF7BF, 0xF7BF, 
    0xF7DF, 0xFFDF, 0xFFDF, 0xFFDF, 0xFFDF, 0xFFDF, 0xFFDF, 0xFFDF, 0xFFDF, 0xFFDF, 0xF79E, 0xD6DB, 
    0xADB7, 0x7C32, 0x3A8C, 0x1189, 0x0107, 0x00E7, 0x0928, 0x0969, 0x118A, 0x11AA, 0x11CA, 0x11AA, 
    0x09AA, 0x09AA, 0x09AB, 0x09AB, 0x09CB, 0x11CB, 0x11EC, 0x11EC, 0x120C, 0x120D, 0x122D, 0x120D, 
    0x11EC, 0x09CB, 0x098A, 0x0969, 0x098A, 0x3A8D, 0x7412, 0xA577, 0xCE9B, 0xEF5D, 0xF79E, 0xF7BE, 
    0xF79E, 0xF79E, 0xF79E, 0xF7BE, 0xF7BE, 0xF7BF, 0xF7BF, 0xF7BF, 0xF7BF, 0xF7BF, 0xF7BF, 0xF7BF, 
    0xF7BF, 0xF7BF, 0xF7BF, 0xF7BF, 0xF7BF, 0xF7BF, 0xF7BE, 0xF7BE, 0xF7BE, 0xF7BE, 0xF7BE, 0xF7BE, 
    0xF7BE, 0xF7BE, 0xF7BE, 0xF7BE, 0xF7BE, 0xF7BE, 0xF7BE, 0xF7BE, 0xF7BF, 0xF7BF, 0xF7BF, 0xF7BE, 
    0xF7BE, 0xF7BE, 0xF7BE, 0xF7BE, 0xF7BE, 0xF7BE, 0xF7BE, 0xF7BE, 0xF7BE, 0xF7BF, 0xEF7E, 0x9516, 
    0x324D, 0x0109, 0x118B, 0x11AC, 0x118B, 0x116A, 0x324C, 0xB5D8, 0xEF9E, 0xFFDF, 0xFFDF, 0xFFDF, 
    0xF7DF, 0xF7DF, 0xF7DF, 0xF7DF, 0xF7BF, 0xF7BF, 0xF7BF, 0xF7BF, 0xF7BF, 0xF7BF, 0xF7BF, 0xF7BF, 
    0xF7BF, 0xF7BF, 0xF7BF, 0xF7BF, 0xF7BF, 0xF7BF, 0xF7BF, 
    0xF7BF, 0xF7BF, 0xF7BF, 0xF7BF, 0xF7BF, 0xF7BF, 0xF7BF, 0xF7BF, 0xF7BF, 0xF7BF, 0xF7BF, 0xF7BF, 
    0xF7BF, 0xF7BF, 0xF7BF, 0xF7BF, 0xF7BF, 0xF7BE, 0xF7BE, 0xF7BE, 0xF79E, 0xF7BF, 0xB5F9, 0x4B0F, 
    0x0087, 0x098B, 0x09AB, 0x09AB, 0x096A, 0x1169, 0x9D57, 0xEF7E, 0xFFFF, 0xF7BF, 0xF7DF, 0xFFDF, 
    0xFFDF, 0xFFDF, 0xFFDF, 0xFFDF, 0xFFDF, 0xFFDF, 0xF7DF, 0xF7DF, 0xF7BF, 0xF7BF, 0xF7BF, 0xF7BF, 
    0xF7BF, 0xF7BF, 0xF7BF, 0xF7BF, 0xF7BF, 0xF7BF, 0xF7BF, 0xF7BF, 0xF7BF, 0xF7BF, 0xF7BF, 0xF7BE, 
    0xF7BE, 0xF7BE, 0xF7BE, 0xF7BF, 0xF7BF, 0xF7BF, 0xF7BF, 0xF7BF, 0xF7BF, 0xF7BF, 0xF7BF, 0xF7BF, 
    0xF7BF, 0xFFDF, 0xFFDF, 0xFFDF, 0xFFDF, 0xFFDF, 0xFFBF, 0xFFDF, 0xFFDF, 0xF79E, 0xC65A, 0x6BF2, 
    0x29EB, 0x00C7, 0x00C7, 0x0949, 0x09AA, 0x11AA, 0x11CB, 0x11AA, 0x11AA, 0x11AA, 0x09AA, 0x098A, 
    0x096A, 0x0969, 0x0949, 0x0949, 0x096A, 0x096A, 0x098A, 0x09CB, 0x11EC, 0x120C, 0x120C, 0x120D, 
    0x120D, 0x122D, 0x122D, 0x120D, 0x09CC, 0x0149, 0x0129, 0x19CB, 0x5350, 0xADD8, 0xDF1C, 0xF79E, 
    0xF79E, 0xF79E, 0xF79E, 0xF79E, 0xF7BE, 0xF7BE, 0xF7BF, 0xF7BF, 0xF7BF, 0xF7BF, 0xF7BF, 0xF7BF, 
    0xF7BF, 0xF7BF, 0xF7BF, 0xF7BF, 0xF7BF, 0xF7BF, 0xF7BE, 0xF7BE, 0xF7BE, 0xF7BE, 0xF7BE, 0xF7BE, 
    0xF7BF, 0xF7BF, 0xF7BF, 0xF7BF, 0xF7BF, 0xF7BF, 0xF7BF, 0xF7BF, 0xF7BF, 0xF7BF, 0xF7BF, 0xF7BF, 
    0xF7BF, 0xF7BE, 0xF7BE, 0xF7BE, 0xF7BE, 0xF7BE, 0xF7BE, 0xF7BE, 0xF7BE, 0xF79E, 0xFFDF, 0xDEFC, 
    0x8494, 0x0908, 0x096A, 0x118B, 0x11CC, 0x11AC, 0x00A7, 0x73F2, 0xCE9B, 0xFFFF, 0xF7DF, 0xFFDF, 
    0xF7DF, 0xF7DF, 0xF7DF, 0xF7DF, 0xF7BF, 0xF7BF, 0xF7BF, 0xF7BF, 0xF7BF, 0xF7BF, 0xF7BF, 0xF7BF, 
    0xF7BF, 0xF7BF, 0xF7BF, 0xF7BF, 0xF7BF, 0xF7BF, 0xF7BF, 
    0xF7BF, 0xF7BF, 0xF7BF, 0xF7BF, 0xF7BF, 0xF7BF, 0xF7BF, 0xF7BF, 0xF7BF, 0xF7BF, 0xF7BF, 0xF7BF, 
    0xF7BF, 0xF7BF, 0xF7BE, 0xF7BE, 0xF7BE, 0xF7BE, 0xF79E, 0xF79E, 0xFFDF, 0xDF1C, 0x7412, 0x1149, 
    0x0949, 0x098A, 0x09AB, 0x096A, 0x1149, 0x7C74, 0xD6DC, 0xF7DF, 0xF7BE, 0xF7DF, 0xF7DF, 0xFFDF, 
    0xFFDF, 0xFFDF, 0xFFDF, 0xFFDF, 0xF7DF, 0xF7DF, 0xF7DF, 0xF7DF, 0xF7BF, 0xF7BF, 0xF7BF, 0xF7BF, 
    0xF7BF, 0xF7BF, 0xF7BF, 0xF7BF, 0xF7BF, 0xF7BF, 0xF7BF, 0xF7BF, 0xF7BF, 0xF7BF, 0xF7BF, 0xF7BE, 
    0xF7BF, 0xF7BF, 0xF7BF, 0xF7BF, 0xF7BF, 0xF7BF, 0xF7BF, 0xF7BF, 0xF7BF, 0xF7BF, 0xF7BF, 0xF7BF, 
    0xF7DF, 0xFFDF, 0xFFDF, 0xFFDF, 0xFFDF, 0xFFDF, 0xFFFF, 0xFFFF, 0xDF1C, 0x8494, 0x31EB, 0x1149, 
    0x0949, 0x098A, 0x098A, 0x098A, 0x09AA, 0x09AA, 0x096A, 0x0108, 0x00C7, 0x00C7, 0x00E8, 0x0969, 
    0x19EB, 0x2A4D, 0x32AE, 0x3ACE, 0x42EF, 0x3AEF, 0x32AE, 0x2A6D, 0x11CB, 0x098A, 0x096A, 0x096A, 
    0x09AB, 0x11CB, 0x120C, 0x120D, 0x120D, 0x120C, 0x11CC, 0x09AB, 0x118A, 0x21CB, 0x63B1, 0xB5F9, 
    0xF7BE, 0xF7BE, 0xF79E, 0xF79E, 0xF7BE, 0xF7BE, 0xF7BE, 0xF7BE, 0xF7BE, 0xF7BF, 0xF7BF, 0xF7BF, 
    0xF7BF, 0xF7BF, 0xF7BF, 0xF7BF, 0xF7BE, 0xF7BE, 0xF7BF, 0xF7BF, 0xF7BF, 0xF7BF, 0xF7BF, 0xF7BF, 
    0xF7BF, 0xF7BF, 0xF7BF, 0xF7BE, 0xF7BE, 0xF7BF, 0xF7BF, 0xF7BF, 0xF7BF, 0xF7BF, 0xF7BF, 0xF7BF, 
    0xF7BF, 0xF7BE, 0xF7BE, 0xF7BE, 0xF7BE, 0xF7BE, 0xF7BF, 0xF7BE, 0xF7BE, 0xF7BE, 0xF7BE, 0xF7BE, 
    0xC67A, 0x5350, 0x114A, 0x096B, 0x11CC, 0x11CC, 0x098B, 0x21EC, 0x8CD5, 0xF7BF, 0xFFDF, 0xF7DF, 
    0xF7DF, 0xF7DF, 0xF7DF, 0xF7DF, 0xF7BF, 0xF7BF, 0xF7BF, 0xF7BF, 0xF7BF, 0xF7BF, 0xF7BF, 0xF7BF, 
    0xF7BF, 0xF7BF, 0xF7BF, 0xF7BF, 0xF7BF, 0xF7BF, 0xF7BF, 
    0xF7BF, 0xF7BF, 0xF7BF, 0xF7BF, 0xF7BF, 0xF7BF, 0xF7BF, 0xF7BF, 0xF7BF, 0xF7BF, 0xF7BF, 0xF7BF, 
    0xF7BF, 0xF7BE, 0xF7BE, 0xF7BE, 0xF7BE, 0xF79E, 0xF79E, 0xF79E, 0xFFDF, 0x8CF5, 0x326D, 0x0908, 
    0x098A, 0x09AB, 0x096A, 0x118A, 0x42CE, 0xCE9B, 0xEF9E, 0xF7BF, 0xF7BE, 0xF7DF, 0xF7DF, 0xF7DF, 
    0xF7DF, 0xF7DF, 0xF7DF, 0xF7DF, 0xF7BF, 0xF7BF, 0xF7BF, 0xF7BF, 0xF7BF, 0xF7BF, 0xF7BF, 0xF7BF, 
    0xF7BF, 0xF7BF, 0xF7BF, 0xF7BF, 0xF7BF, 0xF7BF, 0xF7BF, 0xF7BF, 0xF7BF, 0xF7BF, 0xF7BE, 0xF7BF, 
    0xF7BF, 0xF7BF, 0xF7BF, 0xF7BF, 0xF7BF, 0xF7BF, 0xF7BF, 0xF7BF, 0xF7BF, 0xF7BF, 0xF7BF, 0xF7BF, 
    0xF7DF, 0xF7DF, 0xFFDF, 0xFFDF, 0xFFDF, 0xFFFF, 0xFFDF, 0xC65A, 0x7432, 0x31EB, 0x116A, 0x096A, 
    0x09AB, 0x11CB, 0x11CB, 0x098A, 0x0149, 0x0128, 0x0969, 0x21EB, 0x3AAD, 0x5350, 0x6BF2, 0x8D16, 
    0x9D97, 0xADD8, 0xB5F9, 0xB619, 0xBE39, 0xBE39, 0xB619, 0xADD8, 0x9D56, 0x8CD5, 0x7433, 0x5370, 
    0x32AE, 0x1A0C, 0x09AB, 0x098A, 0x09AB, 0x11EC, 0x11EC, 0x11EC, 0x09AB, 0x096A, 0x19CB, 0x4B0F, 
    0x9516, 0xEF7E, 0xF79E, 0xF7BE, 0xF7BE, 0xF7BE, 0xF7BE, 0xF7BE, 0xF7BE, 0xF7BE, 0xF7BE, 0xF7BE, 
    0xF7BE, 0xF7BE, 0xF7BE, 0xF7BE, 0xF7BE, 0xF7BE, 0xF7BF, 0xF7BF, 0xF7BF, 0xF7BF, 0xF7BF, 0xF7BF, 
    0xF7BF, 0xF7BF, 0xF7BE, 0xF7BE, 0xF7BE, 0xF7BF, 0xF7BF, 0xF7BF, 0xF7BE, 0xF7BE, 0xF7BE, 0xF7BE, 
    0xF7BE, 0xF7BF, 0xF7BF, 0xF7BF, 0xF7BF, 0xF7BF, 0xF7BF, 0xF7BF, 0xF7BF, 0xF7BF, 0xF7BE, 0xFFDF, 
    0xEF7E, 0xB5F9, 0x324D, 0x118B, 0x09AB, 0x11CC, 0x11CD, 0x096A, 0x5330, 0xB619, 0xFFFF, 0xF7DF, 
    0xF7DF, 0xF7DF, 0xF7BF, 0xF7BF, 0xF7BF, 0xF7BF, 0xF7BF, 0xF7BF, 0xF7BF, 0xF7BF, 0xF7BF, 0xF7BF, 
    0xF7BF, 0xF7BF, 0xF7BF, 0xF7BF, 0xF7BF, 0xF7BF, 0xF7BF, 
    0xF7BF, 0xF7BF, 0xF7BF, 0xF7BF, 0xF7BF, 0xF7BF, 0xF7BF, 0xF7BF, 0xF7BF, 0xF7BF, 0xF7BF, 0xF7BF, 
    0xF7BF, 0xF7BF, 0xF7BE, 0xF7BE, 0xF7BE, 0xF79E, 0xF79E, 0xEF9E, 0xCEBB, 0x4AEE, 0x1169, 0x094A, 
    0x098A, 0x098A, 0x0129, 0x324C, 0x9516, 0xF79E, 0xF7BF, 0xF7BE, 0xF7BF, 0xF7DF, 0xF7DF, 0xF7DF, 
    0xF7DF, 0xF7DF, 0xF7DF, 0xF7BF, 0xF7BF, 0xF7BF, 0xF7BF, 0xF7BF, 0xF7BF, 0xF7BF, 0xF7BF, 0xF7BF, 
    0xF7BF, 0xF7BF, 0xF7BF, 0xF7BF, 0xF7BF, 0xF7BF, 0xF7BF, 0xF7BF, 0xF7BF, 0xF7BF, 0xF7BF, 0xF7BF, 
    0xF7BF, 0xF7BF, 0xF7BF, 0xF7BF, 0xF7BF, 0xF7BF, 0xF7BF, 0xF7BF, 0xF7BF, 0xF7BF, 0xF7BF, 0xF7DF, 
    0xF7DF, 0xF7DF, 0xF7DF, 0xF7DF, 0xFFDF, 0xFFFF, 0xE71C, 0x8453, 0x29EB, 0x0929, 0x11CC, 0x120C, 
    0x11EC, 0x09CB, 0x0969, 0x098A, 0x220B, 0x42CE, 0x63D1, 0x84B4, 0x9D77, 0xB619, 0xCE9B, 0xE77E, 
    0xEF9E, 0xF7BE, 0xF7BE, 0xF7BE, 0xF7BF, 0xFFDF, 0xFFDF, 0xFFDF, 0xF79E, 0xE73D, 0xD6BB, 0xB5F9, 
    0x9536, 0x7453, 0x5B91, 0x42CE, 0x220C, 0x11CB, 0x09AB, 0x11CC, 0x11EC, 0x09CB, 0x0949, 0x116A, 
    0x3A8D, 0xA556, 0xDF1D, 0xF7BE, 0xF79E, 0xF79E, 0xF7BE, 0xF7BE, 0xF7BE, 0xF7BE, 0xF7BE, 0xF7BE, 
    0xF7BE, 0xF7BE, 0xF7BE, 0xF7BE, 0xF7BE, 0xF7BE, 0xF7BF, 0xF7BF, 0xF7BF, 0xF7BF, 0xF7BF, 0xF7BF, 
    0xF7BF, 0xF7BE, 0xF7BE, 0xF7BE, 0xF7BE, 0xF7BF, 0xF7BF, 0xF7BE, 0xF7BE, 0xF7BE, 0xF7BE, 0xF7BE, 
    0xF7BE, 0xF7BF, 0xF7BF, 0xF7BF, 0xF7BF, 0xF7BF, 0xF7BF, 0xF7BF, 0xF7BF, 0xF7DF, 0xFFDF, 0xFFDF, 
    0xFFDF, 0xEF7E, 0x7C74, 0x2A2D, 0x096A, 0x11CC, 0x11ED, 0x098B, 0x220C, 0x6BF3, 0xEF9E, 0xF7DF, 
    0xF7DF, 0xF7BF, 0xF7BF, 0xF7BF, 0xF7BF, 0xF7BF, 0xF7BF, 0xF7BF, 0xF7BF, 0xF7BF, 0xF7BF, 0xF7BF, 
    0xF7BF, 0xF7BF, 0xF7BF, 0xF7BF, 0xF7BF, 0xF7BF, 0xF7BF, 
    0xF7BF, 0xF7BF, 0xF7BF, 0xF7BF, 0xF7BF, 0xF7BF, 0xF7BF, 0xF7BF, 0xF7BF, 0xF7BF, 0xF7BF, 0xF7BF, 
    0xF7BF, 0xF7BF, 0xF7BE, 0xF7BE, 0xF79E, 0xF79E, 0xF7BE, 0xE73D, 0x7C94, 0x218A, 0x0108, 0x09AB, 
    0x098A, 0x0149, 0x116A, 0x63B1, 0xE77E, 0xF7DF, 0xF7BF, 0xF7BF, 0xF7DF, 0xF7BF, 0xF7BF, 0xF7BF, 
    0xF7BF, 0xF7BF, 0xF7BF, 0xF7DF, 0xF7DF, 0xF7DF, 0xF7BF, 0xF7BF, 0xF7BF, 0xF7BF, 0xF7BF, 0xF7BF, 
    0xF7BF, 0xF7BF, 0xF7BF, 0xF7BF, 0xF7BF, 0xF7BF, 0xF7BF, 0xF7BF, 0xF7BF, 0xF7BF, 0xF7BF, 0xF7BF, 
    0xF7BF, 0xF7BF, 0xF7BF, 0xF7BF, 0xF7BF, 0xF7BF, 0xF7BF, 0xF7BF, 0xF7BF, 0xF7BF, 0xF7BF, 0xF7DF, 
    0xF7DF, 0xF7BF, 0xF7BF, 0xF7BF, 0xF7DF, 0xFFFF, 0xC639, 0x52EE, 0x0908, 0x120D, 0x120D, 0x120C, 
    0x09CC, 0x09AB, 0x1989, 0x3AAE, 0x7453, 0xB619, 0xEF9E, 0xF7BE, 0xF7BF, 0xF7DF, 0xF7BE, 0xF7BE, 
    0xF79E, 0xEF7E, 0xF77E, 0xF77E, 0xF79E, 0xF79E, 0xF79E, 0xF7BE, 0xFFDF, 0xFFFF, 0xFFFF, 0xFFFF, 
    0xFFFF, 0xF7BE, 0xDEFC, 0xADB8, 0x6BF2, 0x3A8D, 0x19CB, 0x11AA, 0x11CB, 0x11CB, 0x11EB, 0x0969, 
    0x1128, 0x428D, 0xC67A, 0xF79E, 0xF79E, 0xF79E, 0xF7BE, 0xF7BE, 0xF7BE, 0xF7BE, 0xF7BF, 0xF7BF, 
    0xF7BF, 0xF7BF, 0xF7BE, 0xF7BE, 0xF7BE, 0xF7BE, 0xF7BF, 0xF7BF, 0xF7BF, 0xF7BF, 0xF7BF, 0xF7BF, 
    0xF7BF, 0xF7BF, 0xF7BE, 0xF7BE, 0xF7BF, 0xF7BF, 0xF7BF, 0xF7BE, 0xF7BE, 0xF7BE, 0xF7BE, 0xF7BE, 
    0xF7BE, 0xF7BF, 0xF7BF, 0xF7BF, 0xF7BF, 0xF7BF, 0xF7BF, 0xF7BF, 0xF7BF, 0xF7DF, 0xFFDF, 0xFFDF, 
    0xFFDF, 0xFFDF, 0xD6DC, 0x5B71, 0x118A, 0x09AB, 0x11CC, 0x11ED, 0x096B, 0x324D, 0xBE5A, 0xF79E, 
    0xFFDF, 0xF7BF, 0xF7BF, 0xF7BF, 0xF7BF, 0xF7BF, 0xF7BF, 0xF7BF, 0xF7BF, 0xF7BF, 0xF7BF, 0xF7BF, 
    0xF7BF, 0xF7BF, 0xF7BF, 0xF7BF, 0xF7BF, 0xF7BF, 0xF7BF, 
    0xF7BF, 0xF7BF, 0xF7BF, 0xF7BF, 0xF7BF, 0xF7BF, 0xF7BF, 0xF7BF, 0xF7BF, 0xF7BF, 0xF7BF, 0xF7BF, 
    0xF7BF, 0xF7BF, 0xF7BF, 0xF7BE, 0xF79E, 0xF79E, 0xF79E, 0xC65A, 0x21AB, 0x0949, 0x096A, 0x09AB, 
    0x098A, 0x00A6, 0x4B0E, 0xADF8, 0xFFDF, 0xF79E, 0xF7BE, 0xF7BF, 0xF7BF, 0xF7BF, 0xF7BF, 0xF7BF, 
    0xF7BF, 0xF7BF, 0xF7BF, 0xF7BF, 0xF7BF, 0xF7BF, 0xF7BF, 0xF7BF, 0xF7BF, 0xF7BF, 0xF7BF, 0xF7BF, 
    0xF7BF, 0xF7BF, 0xF7BF, 0xF7BF, 0xF7BF, 0xF7BF, 0xF7BF, 0xF7BF, 0xF7BF, 0xF7BF, 0xF7BF, 0xF7BF, 
    0xF7BF, 0xF7BF, 0xF7BF, 0xF7BF, 0xF7BF, 0xF7BF, 0xF7BF, 0xF7BF, 0xF7BF, 0xF7BF, 0xF7BF, 0xF7BF, 
    0xF7DF, 0xF7BF, 0xF7BF, 0xF7BE, 0xF7BF, 0xFFFF, 0xE73D, 0x6BF2, 0x118A, 0x09CC, 0x120D, 0x096A, 
    0x096A, 0x2A8E, 0x9556, 0xD71C, 0xF7BE, 0xF7DF, 0xF7BE, 0xEF9E, 0xEF7E, 0xEF7E, 0xEF9E, 0xEF7E, 
    0xEF9E, 0xF79E, 0xF79E, 0xF79E, 0xF79E, 0xF79E, 0xF79E, 0xF7BE, 0xF7BE, 0xF7BE, 0xF7BE, 0xF7BE, 
    0xFFBF, 0xFFFF, 0xFFFF, 0xFFDF, 0xF7BE, 0xCE9B, 0x7412, 0x21EB, 0x0908, 0x118A, 0x11CB, 0x0969, 
    0x1149, 0x4ACE, 0xCE9B, 0xF7BE, 0xF79E, 0xF79E, 0xF79E, 0xF7BE, 0xF7BE, 0xF7BE, 0xF7BF, 0xF7BF, 
    0xF7BF, 0xF7BF, 0xF7BF, 0xF7BE, 0xF7BE, 0xF7BE, 0xF7BF, 0xF7BF, 0xF7BF, 0xF7BF, 0xF7BF, 0xF7BF, 
    0xF7BF, 0xF7BF, 0xF7BF, 0xF7BE, 0xF7BF, 0xF7BF, 0xF7BF, 0xF7BF, 0xF7BF, 0xF7BF, 0xF7BF, 0xF7BF, 
    0xF7BF, 0xF7BF, 0xF7BF, 0xF7BF, 0xF7BF, 0xF7BF, 0xF7BF, 0xF7BF, 0xF7BF, 0xF7DF, 0xFFDF, 0xFFDF, 
    0xFFDF, 0xFFDF, 0xFFDF, 0x9536, 0x3A8E, 0x0929, 0x11CC, 0x11EC, 0x098B, 0x19CC, 0x5351, 0xDF1C, 
    0xFFDF, 0xF7BE, 0xF7BE, 0xF7BE, 0xF7BF, 0xF7BF, 0xF7BF, 0xF7BF, 0xF7BF, 0xF7BF, 0xF7BF, 0xF7BF, 
    0xF7BF, 0xF7BF, 0xF7BF, 0xF7BF, 0xF7BF, 0xF7BF, 0xF7BF, 
    0xF7BF, 0xF7BF, 0xF7BF, 0xF7BF, 0xF7BF, 0xF7BF, 0xF7BF, 0xF7BF, 0xF7BF, 0xF7BF, 0xF7BF, 0xF7BF, 
    0xF7BF, 0xF7BF, 0xF7BF, 0xF7BE, 0xF79E, 0xF7BE, 0xCE9B, 0x7413, 0x0909, 0x096A, 0x09AB, 0x098A, 
    0x0108, 0x1989, 0x8CD5, 0xE75D, 0xF7BE, 0xF79E, 0xF7BF, 0xF7BF, 0xF7BF, 0xF7BF, 0xF7BF, 0xF7BF, 
    0xF7BF, 0xF7BF, 0xF7BF, 0xF7BF, 0xF7BF, 0xF7BF, 0xF7BF, 0xF7BF, 0xF7BF, 0xF7BF, 0xF7BF, 0xF7BF, 
    0xF7BF, 0xF7BF, 0xF7BF, 0xF7BF, 0xF7BF, 0xF7BF, 0xF7BF, 0xF7BF, 0xF7BF, 0xF7BF, 0xF7BF, 0xF7BF, 
    0xF7BF, 0xF7BF, 0xF7BF, 0xF7BF, 0xF7BF, 0xF7BF, 0xF7BF, 0xF7BF, 0xF7BF, 0xF7BF, 0xF7BF, 0xF7BF, 
    0xF7DF, 0xF7BF, 0xF7BF, 0xF7DF, 0xFFDF, 0xFFDF, 0xF7BF, 0xC67A, 0x7433, 0x11AA, 0x0929, 0x3A8E, 
    0x7C94, 0xC67A, 0xE75D, 0xF7BE, 0xF7BF, 0xF7BE, 0xF7BE, 0xF79E, 0xF79E, 0xEF9E, 0xEF9E, 0xEF9E, 
    0xEF9E, 0xF79E, 0xF79E, 0xF79E, 0xF79E, 0xF79E, 0xF7BE, 0xF7BE, 0xF7BE, 0xF7BF, 0xF7DF, 0xF7DF, 
    0xFFDF, 0xFFDF, 0xFFDF, 0xFFDF, 0xFFDF, 0xF79E, 0xD6DC, 0xA577, 0x5B70, 0x19AA, 0x0908, 0x1149, 
    0x42CE, 0xB5F9, 0xE75D, 0xF79E, 0xF79E, 0xF79E, 0xF79E, 0xF7BE, 0xF7BE, 0xF7BE, 0xF7BF, 0xF7BF, 
    0xF7BF, 0xF7BF, 0xF7BF, 0xF7BF, 0xF7BF, 0xF7BF, 0xF7BF, 0xF7BF, 0xF7BF, 0xF7BF, 0xF7BF, 0xF7BF, 
    0xF7BF, 0xF7BF, 0xF7BF, 0xF7BF, 0xF7BF, 0xF7BF, 0xF7BF, 0xF7BF, 0xF7BF, 0xF7BF, 0xF7BF, 0xF7BF, 
    0xF7BF, 0xF7BF, 0xF7BF, 0xF7BF, 0xF7BF, 0xF7BF, 0xF7BF, 0xF7BF, 0xF7BF, 0xF7DF, 0xF7DF, 0xF7DF, 
    0xF7DF, 0xF7BF, 0xFFFF, 0xDEFC, 0x7C74, 0x116A, 0x098B, 0x11AB, 0x11CC, 0x11AB, 0x198A, 0xA577, 
    0xE75D, 0xF7DF, 0xF7BE, 0xF7BF, 0xF7BF, 0xF7BF, 0xF7BF, 0xF7BF, 0xF7BF, 0xF7BF, 0xF7BF, 0xF7BF, 
    0xF7BF, 0xF7BF, 0xF7BF, 0xF7BF, 0xF7BF, 0xF7BF, 0xF7BF, 
    0xF7BF, 0xF7BF, 0xF7BF, 0xF7BF, 0xF7BF, 0xF7BF, 0xF7BF, 0xF7BF, 0xF7BF, 0xF7BF, 0xF7BF, 0xF7BF, 
    0xF7BF, 0xF7BF, 0xF7BF, 0xF7BE, 0xF7BE, 0xEF7E, 0xA557, 0x322D, 0x0929, 0x098B, 0x09AB, 0x096A, 
    0x00E7, 0x6391, 0xC65A, 0xF7BF, 0xF79E, 0xF7BE, 0xF7BE, 0xF7BF, 0xF7BF, 0xF7BF, 0xF7BF, 0xF7BF, 
    0xF7BF, 0xF7BF, 0xF7BF, 0xF7BF, 0xF7BF, 0xF7BF, 0xF7BF, 0xF7BF, 0xF7BF, 0xF7BF, 0xF7BF, 0xF7BF, 
    0xF7BF, 0xF7BF, 0xF7BF, 0xF7BF, 0xF7BF, 0xF7BF, 0xF7BF, 0xF7BF, 0xF7BF, 0xF7BF, 0xF7BF, 0xF7BF, 
    0xF7BF, 0xF7BF, 0xF7BF, 0xF7BF, 0xF7BF, 0xF7BF, 0xF7BF, 0xF7BF, 0xF7BF, 0xF7BF, 0xF7BF, 0xF7BF, 
    0xF7DF, 0xF7DF, 0xF7DF, 0xF7DF, 0xFFDF, 0xFFDF, 0xFFDF, 0xF79E, 0xC67A, 0x7432, 0x532F, 0x9516, 
    0xD6DC, 0xFFDF, 0xFFDF, 0xFFDF, 0xF7BE, 0xF79E, 0xF79E, 0xF79E, 0xF79E, 0xF79E, 0xF79E, 0xF79E, 
    0xF79E, 0xF79E, 0xF79E, 0xF79E, 0xF79E, 0xF7BE, 0xF7BE, 0xF7BE, 0xF7BF, 0xF7DF, 0xF7DF, 0xFFDF, 
    0xFFDF, 0xFFDF, 0xFFDF, 0xFFDF, 0xFFBF, 0xFFDF, 0xFFDF, 0xE75D, 0xBE19, 0x7433, 0x4AAE, 0x5B2F, 
    0x9D37, 0xEF7E, 0xF79E, 0xF79E, 0xEF9E, 0xF79E, 0xF79E, 0xF7BE, 0xF7BE, 0xF7BE, 0xF7BE, 0xF7BF, 
    0xF7BF, 0xF7BF, 0xF7BF, 0xF7BF, 0xF7BF, 0xF7BF, 0xF7BF, 0xF7BF, 0xF7BF, 0xF7BF, 0xF7BF, 0xF7BF, 
    0xF7BF, 0xF7BF, 0xF7BF, 0xF7BF, 0xF7BF, 0xF7BF, 0xF7BF, 0xF7BF, 0xF7BF, 0xF7BF, 0xF7BF, 0xF7BF, 
    0xF7BF, 0xF7BF, 0xF7BF, 0xF7BF, 0xF7BF, 0xF7BF, 0xF7BF, 0xF7BF, 0xF7BF, 0xF7BF, 0xF7BF, 0xF7BF, 
    0xF7BF, 0xF7BF, 0xFFDF, 0xF7BF, 0xB5F9, 0x42EF, 0x0949, 0x098B, 0x11CC, 0x09AB, 0x0929, 0x5B91, 
    0xBE5A, 0xF7DF, 0xF7BE, 0xF7BE, 0xF7BF, 0xF7BF, 0xF7BF, 0xF7BF, 0xF7BF, 0xF7BF, 0xF7BF, 0xF7BF, 
    0xF7BF, 0xF7BF, 0xF7BF, 0xF7BF, 0xF7BF, 0xF7BF, 0xF7BF, 
    0xF7BF, 0xF7BF, 0xF7BF, 0xF7BF, 0xF7BF, 0xF7BF, 0xF7BF, 0xF7BF, 0xF7BF, 0xF7DF, 0xF7BF, 0xF7BF, 
    0xF7BF, 0xF7BF, 0xF7BF, 0xF79E, 0xFFDF, 0xD6BB, 0x73F2, 0x0929, 0x098B, 0x09AB, 0x098B, 0x096A, 
    0x2189, 0xB5D8, 0xEF5E, 0xF7BE, 0xF79E, 0xF7BE, 0xF7BE, 0xF7BF, 0xF7BF, 0xF7BF, 0xF7BF, 0xF7BF, 
    0xF7BF, 0xF7BF, 0xF7BF, 0xF7BF, 0xF7BF, 0xF7BF, 0xF7BF, 0xF7BF, 0xF7BF, 0xF7BF, 0xF7BF, 0xF7BF, 
    0xF7BF, 0xF7BF, 0xF7BF, 0xF7BF, 0xF7BF, 0xF7BF, 0xF7BF, 0xF7BF, 0xF7BF, 0xF7BF, 0xF7BF, 0xF7BF, 
    0xF7BF, 0xF7BF, 0xF7BF, 0xF7BF, 0xF7BF, 0xF7BF, 0xF7BF, 0xF7BF, 0xF7BF, 0xF7BF, 0xF7BF, 0xF7BF, 
    0xF7DF, 0xF7BF, 0xF7BF, 0xF7DF, 0xF7DF, 0xFFDF, 0xF7BE, 0xFFDF, 0xF7BE, 0xDF1C, 0xBE5A, 0xE75D, 
    0xFFFF, 0xFFDF, 0xF7BF, 0xF7BF, 0xF7BF, 0xF7BE, 0xF7BE, 0xF7BE, 0xF7BE, 0xF79E, 0xF79E, 0xF79E, 
    0xF79E, 0xF79E, 0xF79E, 0xF79E, 0xF79E, 0xF7BE, 0xF7BE, 0xF7BE, 0xF7BF, 0xF7DF, 0xF7DF, 0xFFDF, 
    0xFFDF, 0xFFDF, 0xFFDF, 0xFFDF, 0xFFDF, 0xF7BE, 0xF7BE, 0xF7BF, 0xF7BF, 0xDEFC, 0xAD98, 0xB5F9, 
    0xE75E, 0xF7BF, 0xF79E, 0xEF9E, 0xF79E, 0xF79E, 0xF79E, 0xF7BE, 0xF7BE, 0xF7BE, 0xF7BE, 0xF7BF, 
    0xF7BF, 0xF7BF, 0xF7BF, 0xF7BE, 0xF7BE, 0xF7BE, 0xF7BE, 0xF7BE, 0xF7BE, 0xF7BE, 0xF7BF, 0xF7BF, 
    0xF7BF, 0xF7BF, 0xF7BF, 0xF7BF, 0xF7BF, 0xF7BF, 0xF7BF, 0xF7BF, 0xF7BF, 0xF7BF, 0xF7BF, 0xF7BF, 
    0xF7BF, 0xF7BF, 0xF7BF, 0xF7BF, 0xF7BF, 0xF7BF, 0xF7BF, 0xF7BF, 0xF7BF, 0xF7BF, 0xF7BF, 0xF7BF, 
    0xF7BF, 0xF7BF, 0xF7BE, 0xFFDF, 0xDF1C, 0x9516, 0x1969, 0x098A, 0x09AB, 0x09AB, 0x098B, 0x19CB, 
    0x8CF5, 0xE75D, 0xF7BE, 0xF7BE, 0xF7BE, 0xF7BE, 0xF7BF, 0xF7BF, 0xF7BF, 0xF7BF, 0xF7BF, 0xF7BF, 
    0xF7BF, 0xF7BF, 0xF7BF, 0xF7BF, 0xF7BF, 0xF7BF, 0xF7BE, 
    0xF7BF, 0xF7BF, 0xF7BF, 0xF7BF, 0xF7BF, 0xF7BF, 0xF7BF, 0xF7BF, 0xF7BF, 0xF7BF, 0xF7DF, 0xF7BF, 
    0xF7BF, 0xF7BF, 0xF7BF, 0xF7BF, 0xFFDF, 0x9536, 0x3A8D, 0x0929, 0x11AB, 0x11CB, 0x0949, 0x198A, 
    0x5BD2, 0xDF1D, 0xF7BE, 0xF79E, 0xF7BE, 0xF7BE, 0xF7BF, 0xF7BF, 0xF7BF, 0xF7BF, 0xF7BF, 0xF7BF, 
    0xF7BF, 0xF7BF, 0xF7BF, 0xF7BF, 0xF7BF, 0xF7BF, 0xF7BF, 0xF7BF, 0xF7BF, 0xF7BF, 0xF7BF, 0xF7BF, 
    0xF7BF, 0xF7BF, 0xF7BF, 0xF7BF, 0xF7BF, 0xF7BF, 0xF7BF, 0xF7BF, 0xF7BF, 0xF7BF, 0xF7BF, 0xF7BF, 
    0xF7BF, 0xF7BF, 0xF7BF, 0xF7BF, 0xF7BF, 0xF7BF, 0xF7BF, 0xF7BF, 0xF7BF, 0xF7BF, 0xF7BF, 0xF7BF, 
    0xF7BF, 0xF7BF, 0xF7BF, 0xF7BF, 0xF7DF, 0xF7DF, 0xFFDF, 0xF7BE, 0xF7DE, 0xFFFF, 0xFFFF, 0xFFDF, 
    0xF7BF, 0xF7BE, 0xF7DF, 0xF7BF, 0xF7BF, 0xF7BF, 0xF7BF, 0xF7BF, 0xF7BE, 0xF7BE, 0xF7BE, 0xF7BE, 
    0xF7BE, 0xF7BE, 0xF7BE, 0xF7BE, 0xF7BE, 0xF7BE, 0xF7BE, 0xF7BF, 0xF7BF, 0xF7DF, 0xF7DF, 0xF7DF, 
    0xFFDF, 0xFFDF, 0xFFDF, 0xFFDF, 0xFFDF, 0xFFDF, 0xF7BF, 0xF7BE, 0xF79E, 0xF7BF, 0xF7BF, 0xF7BF, 
    0xF7BF, 0xF79E, 0xF79E, 0xF79E, 0xF79E, 0xF79E, 0xF7BE, 0xF7BE, 0xF7BE, 0xF7BF, 0xF7BF, 0xF7BF, 
    0xF7BF, 0xF7BF, 0xF7BF, 0xF7BE, 0xF7BE, 0xF7BE, 0xF7BE, 0xF7BE, 0xF7BE, 0xF7BE, 0xF7BF, 0xF7BE, 
    0xF7BF, 0xF7BF, 0xF7BF, 0xF7BF, 0xF7BE, 0xF7BF, 0xF7BF, 0xF7BF, 0xF7BF, 0xF7BF, 0xF7BF, 0xF7BF, 
    0xF7BF, 0xF7BF, 0xF7BF, 0xF7BF, 0xF7BF, 0xF7BF, 0xF7BF, 0xF7BF, 0xF7BF, 0xF7BF, 0xF7BF, 0xF7BF, 
    0xF7BF, 0xF7BF, 0xF7BF, 0xF7BF, 0xFFDF, 0xD6FC, 0x3A8D, 0x118A, 0x096A, 0x09CC, 0x09EC, 0x00E8, 
    0x5B50, 0xBE19, 0xFFDF, 0xF79E, 0xF7BE, 0xF7BE, 0xF7BF, 0xF7BF, 0xF7BF, 0xF7BF, 0xF7BF, 0xF7BF, 
    0xF7BF, 0xF7BF, 0xF7BF, 0xF7BF, 0xF7BF, 0xF7BE, 0xF7BE, 
    0xF7BF, 0xF7BF, 0xF7BF, 0xF7BF, 0xF7BF, 0xF7BF, 0xF7BF, 0xF7BF, 0xF7BF, 0xF7BF, 0xF7BF, 0xF7BF, 
    0xF7BF, 0xF7BF, 0xF7BF, 0xFFDF, 0xE73D, 0x63B1, 0x11AB, 0x098B, 0x11AB, 0x09AB, 0x0949, 0x3A6C, 
    0xC67B, 0xEF9E, 0xF7BF, 0xF7BE, 0xF7BE, 0xF7BE, 0xF7BF, 0xF7BF, 0xF7BF, 0xF7BF, 0xF7BF, 0xF7BF, 
    0xF7BF, 0xF7BF, 0xF7BF, 0xF7BF, 0xF7BF, 0xF7BF, 0xF7BF, 0xF7BF, 0xF7BF, 0xF7BF, 0xF7BF, 0xF7BF, 
    0xF7BF, 0xF7BF, 0xF7BF, 0xF7BF, 0xF7BF, 0xF7BF, 0xF7BF, 0xF7BF, 0xF7BF, 0xF7BF, 0xF7BF, 0xF7BF, 
    0xF7BF, 0xF7BF, 0xF7BF, 0xF7BF, 0xF7BF, 0xF7BF, 0xF7BF, 0xF7BF, 0xF7BF, 0xF7BF, 0xF7BF, 0xF7BF, 
    0xF7BF, 0xF7BF, 0xF7BF, 0xF7BF, 0xF7BF, 0xF7BF, 0xF7BF, 0xF7BF, 0xF7BE, 0xF7BE, 0xF7BE, 0xF7BF, 
    0xF7BF, 0xF7BF, 0xF7BF, 0xF7BF, 0xF7BF, 0xF7BF, 0xF7BF, 0xF7BF, 0xF7BF, 0xF7BE, 0xF7BE, 0xF7BE, 
    0xF7BE, 0xF7BE, 0xF7BF, 0xF7BF, 0xF7BF, 0xF7BF, 0xF7BF, 0xF7BF, 0xF7BF, 0xF7BF, 0xF7BF, 0xF7BF, 
    0xF7BF, 0xF7BF, 0xF7BF, 0xF7BF, 0xF7BF, 0xF7BF, 0xF7BF, 0xF7BE, 0xF7BE, 0xF79E, 0xF79E, 0xF79E, 
    0xF79E, 0xF79E, 0xF79E, 0xF79E, 0xF7BE, 0xF7BE, 0xF7BE, 0xF7BE, 0xF7BE, 0xF7BE, 0xF7BE, 0xF7BE, 
    0xF7BE, 0xF7BE, 0xF7BF, 0xF7BF, 0xF7BF, 0xF7BF, 0xF7BF, 0xF7BF, 0xF7BF, 0xF7BF, 0xF7BE, 0xF7BE, 
    0xF7BF, 0xF7BF, 0xF7BF, 0xF7BF, 0xF7BF, 0xF7BF, 0xF7BF, 0xF7BF, 0xF7BF, 0xF7BF, 0xF7BF, 0xF7BF, 
    0xF7BF, 0xF7BF, 0xF7BF, 0xF7BF, 0xF7BF, 0xF7BF, 0xF7BF, 0xF7BF, 0xF7BF, 0xF7BF, 0xF7BF, 0xF7BF, 
    0xF7BF, 0xF7BF, 0xF7BF, 0xF7BE, 0xF7BF, 0xEF7D, 0x9516, 0x2A0B, 0x014A, 0x09AC, 0x09CC, 0x014A, 
    0x19EB, 0x7453, 0xF7BE, 0xF79E, 0xF7BE, 0xF7BE, 0xF7BF, 0xF7BF, 0xF7BF, 0xF7BF, 0xF7BF, 0xF7BF, 
    0xF7BF, 0xF7BF, 0xF7BF, 0xF7BF, 0xF7BE, 0xF7BE, 0xF7BE, 
    0xF7BF, 0xF7BF, 0xF7BF, 0xF7BF, 0xF7BF, 0xF7BF, 0xF7BF, 0xF7BF, 0xF7BF, 0xF7BF, 0xF7BF, 0xF7BF, 
    0xF7BF, 0xF7BF, 0xFFDF, 0xF7BF, 0xA597, 0x3A8E, 0x096A, 0x11CC, 0x11CB, 0x096A, 0x21EB, 0x6BF2, 
    0xEF9E, 0xF7BE, 0xF7BE, 0xF7BE, 0xF7BF, 0xF7BF, 0xF7BF, 0xF7BF, 0xF7BF, 0xF7BF, 0xF7BF, 0xF7BF, 
    0xF7BF, 0xF7BF, 0xF7BF, 0xF7BF, 0xF7BF, 0xF7BF, 0xF7BF, 0xF7BF, 0xF7BF, 0xF7BF, 0xF7BF, 0xF7BF, 
    0xF7BF, 0xF7BF, 0xF7BF, 0xF7BF, 0xF7BF, 0xF7BF, 0xF7BF, 0xF7BF, 0xF7BF, 0xF7BF, 0xF7BF, 0xF7BF, 
    0xF7BF, 0xF7BF, 0xF7BF, 0xF7BF, 0xF7BF, 0xF7BF, 0xF7BF, 0xF7BF, 0xF7BF, 0xF7BF, 0xF7BF, 0xF7BF, 
    0xF7BF, 0xF7BF, 0xF7BF, 0xF7BF, 0xF7BF, 0xF7BF, 0xF7BF, 0xF7BF, 0xF7BF, 0xF7BE, 0xF7BE, 0xF7BF, 
    0xF7BF, 0xF7BF, 0xF7BF, 0xF7BF, 0xF7BF, 0xF7BF, 0xF7BF, 0xF7BF, 0xF7BF, 0xF7BF, 0xF7BE, 0xF7BE, 
    0xF7BE, 0xF7BE, 0xF7BF, 0xF7BF, 0xF7BF, 0xF7BF, 0xF7BF, 0xF7BF, 0xF7BF, 0xF7BF, 0xF7BF, 0xF7BF, 
    0xF7BF, 0xF7BF, 0xF7BF, 0xF7BF, 0xF7BF, 0xF7BF, 0xF7BF, 0xF7BF, 0xF7BE, 0xF79E, 0xF79E, 0xF79E, 
    0xF79E, 0xF7BE, 0xF7BE, 0xF7BF, 0xF7BF, 0xF7BF, 0xF7BF, 0xF7BF, 0xF7BF, 0xF7BE, 0xF7BE, 0xF7BE, 
    0xF7BE, 0xF7BE, 0xF7BF, 0xF7BF, 0xF7BF, 0xF7BF, 0xF7BF, 0xF7BF, 0xF7BF, 0xF7BF, 0xF7BF, 0xF7BF, 
    0xF7BF, 0xF7BF, 0xF7BF, 0xF7BF, 0xF7BF, 0xF7BF, 0xF7BF, 0xF7BF, 0xF7BF, 0xF7BF, 0xF7BF, 0xF7BF, 
    0xF7BF, 0xF7BF, 0xF7BF, 0xF7BF, 0xF7BF, 0xF7BF, 0xF7BF, 0xF7BF, 0xF7BF, 0xF7BF, 0xF7BF, 0xF7BF, 
    0xF7BF, 0xF7BF, 0xF7BF, 0xF7BE, 0xF7BE, 0xF79E, 0xD6FC, 0x4B0F, 0x118A, 0x018B, 0x09AB, 0x09AB, 
    0x0949, 0x4AEE, 0xC67A, 0xF79E, 0xF7BE, 0xF7BE, 0xF7BF, 0xF7BF, 0xF7BF, 0xF7BF, 0xF7BF, 0xF7BF, 
    0xF7BF, 0xF7BF, 0xF7BF, 0xF7BE, 0xF7BE, 0xF7BE, 0xF7BF, 
    0xF7BF, 0xF7BF, 0xF7BF, 0xF7BF, 0xF7BF, 0xF7BF, 0xF7BF, 0xF7BF, 0xF7BF, 0xF7BF, 0xF7BF, 0xF7BF, 
    0xF7BF, 0xFFDF, 0xFFDF, 0xE75D, 0x5BB1, 0x19EC, 0x098B, 0x11EC, 0x09CC, 0x094A, 0x4B10, 0xADD9, 
    0xFFFF, 0xF7BE, 0xF7BE, 0xF7BF, 0xF7BF, 0xF7BF, 0xF7BF, 0xF7BF, 0xF7BF, 0xF7BF, 0xF7BF, 0xF7BF, 
    0xF7BF, 0xF7BF, 0xF7BF, 0xF7BF, 0xF7BF, 0xF7BF, 0xF7BF, 0xF7BF, 0xF7BF, 0xF7BF, 0xF7BF, 0xF7BF, 
    0xF7BF, 0xF7BF, 0xF7BF, 0xF7BF, 0xF7BF, 0xF7BF, 0xF7BF, 0xF7BF, 0xF7BF, 0xF7BF, 0xF7BF, 0xF7BF, 
    0xF7BF, 0xF7BF, 0xF7BF, 0xF7BF, 0xF7BF, 0xF7BF, 0xF7BF, 0xF7BF, 0xF7BF, 0xF7BF, 0xF7BF, 0xF7BF, 
    0xF7BF, 0xF7BF, 0xF7BF, 0xF7BF, 0xF7BF, 0xF7BF, 0xF7BF, 0xF7BF, 0xF7BF, 0xF7BF, 0xF7BF, 0xF7BF, 
    0xF7BF, 0xF7BF, 0xF7BF, 0xF7BF, 0xF7BF, 0xF7BF, 0xF7BF, 0xF7BF, 0xF7BF, 0xF7BF, 0xF7BE, 0xF7BE, 
    0xF7BE, 0xF7BE, 0xF7BE, 0xF7BF, 0xF7BF, 0xF7BF, 0xF7BF, 0xF7BF, 0xF7BF, 0xF7BF, 0xF7BF, 0xF7BF, 
    0xF7BF, 0xF7BF, 0xF7BF, 0xF7BF, 0xF7BF, 0xF7BF, 0xF7BF, 0xF7BF, 0xF7BE, 0xF7BE, 0xF7BE, 0xF7BF, 
    0xF7BF, 0xF7BF, 0xF7BF, 0xF7BF, 0xF7BF, 0xF7BF, 0xF7BF, 0xF7BF, 0xF7BF, 0xF7BF, 0xF7BE, 0xF7BE, 
    0xF7BE, 0xF7BE, 0xF7BF, 0xF7BF, 0xF7BF, 0xF7BF, 0xF7BF, 0xF7BF, 0xF7BF, 0xF7BF, 0xF7BF, 0xF7BF, 
    0xF7BF, 0xF7BF, 0xF7BF, 0xF7BF, 0xF7BF, 0xF7BF, 0xF7BF, 0xF7BF, 0xF7BF, 0xF7BF, 0xF7BF, 0xF7BF, 
    0xF7BF, 0xF7BF, 0xF7BF, 0xF7BF, 0xF7BF, 0xF7BF, 0xF7BF, 0xF7BF, 0xF7BF, 0xF7BF, 0xF7BF, 0xF7BF, 
    0xF7BF, 0xF7BF, 0xF7BF, 0xF7BF, 0xF7BE, 0xF7BE, 0xFFDF, 0x8494, 0x2A2D, 0x0129, 0x09AB, 0x09CC, 
    0x0149, 0x2A0B, 0x8494, 0xEF7E, 0xF7BE, 0xF79E, 0xF7BF, 0xF7BF, 0xF7BF, 0xF7BF, 0xF7BF, 0xF7BF, 
    0xF7BF, 0xF7BF, 0xF7BF, 0xF7BE, 0xF7BE, 0xF7BF, 0xF7BF, 
    0xF7BF, 0xF7BF, 0xF7BF, 0xF7BF, 0xF7BF, 0xF7BF, 0xF7BF, 0xF7BF, 0xF7BF, 0xF7BF, 0xF7BF, 0xF7DF, 
    0xF7BF, 0xFFDF, 0xF79E, 0xC65A, 0x2A0C, 0x098B, 0x09CC, 0x09CC, 0x09AB, 0x11AB, 0x7C94, 0xEF9E, 
    0xFFDF, 0xF7BF, 0xF7BF, 0xF7BF, 0xF7BF, 0xF7BF, 0xF7BF, 0xF7BF, 0xF7BF, 0xF7BF, 0xF7BF, 0xF7BF, 
    0xF7BF, 0xF7BF, 0xF7BF, 0xF7BF, 0xF7BF, 0xF7BF, 0xF7BF, 0xF7BF, 0xF7BF, 0xF7BF, 0xF7BF, 0xF7BF, 
    0xF7BF, 0xF7BF, 0xF7BF, 0xF7BF, 0xF7BF, 0xF7BF, 0xF7BF, 0xF7BF, 0xF7BF, 0xF7BF, 0xF7BF, 0xF7BF, 
    0xF7BF, 0xF7BF, 0xF7BF, 0xF7BF, 0xF7BF, 0xF7BF, 0xF7BF, 0xF7BF, 0xF7BF, 0xF7BF, 0xF7BE, 0xF7BE, 
    0xF7BF, 0xF7BF, 0xF7BF, 0xF7BF, 0xF7BF, 0xF7BF, 0xF7BF, 0xF7BF, 0xF7BF, 0xF7BF, 0xF7BF, 0xF7BE, 
    0xF7BE, 0xF7BF, 0xF7BF, 0xF7BF, 0xF7BF, 0xF7BF, 0xF7BF, 0xF7BF, 0xF7BF, 0xF7BF, 0xF7BF, 0xF7BF, 
    0xF7BF, 0xF7BF, 0xF7BF, 0xF7BF, 0xF7BF, 0xF7BF, 0xF7BF, 0xF7BF, 0xF7BF, 0xF7BF, 0xF7BF, 0xF7BF, 
    0xF7BF, 0xF7BE, 0xF7BE, 0xF7BE, 0xF7BE, 0xF7BE, 0xF7BF, 0xF7BF, 0xF7BF, 0xF7BE, 0xF7BF, 0xF7BF, 
    0xF7BF, 0xF7BF, 0xF7BF, 0xF7BF, 0xF7BF, 0xF7BF, 0xF7BF, 0xF7BF, 0xF7BF, 0xF7BF, 0xF7BE, 0xF7BE, 
    0xF7BE, 0xF7BE, 0xF7BF, 0xF7BF, 0xF7BF, 0xF7BF, 0xF7BF, 0xF7BF, 0xF7BF, 0xF7BF, 0xF7BF, 0xF7BF, 
    0xF7BF, 0xF7BF, 0xF7BF, 0xF7BF, 0xF7BF, 0xF7BF, 0xF7BF, 0xF7BF, 0xF7BF, 0xF7BF, 0xF7BF, 0xF7BF, 
    0xF7BF, 0xF7BF, 0xF7BF, 0xF7BF, 0xF7BF, 0xF7BF, 0xF7BF, 0xF7BF, 0xF7BF, 0xF7BF, 0xF7BF, 0xF7BF, 
    0xF7BF, 0xF7BF, 0xF7BF, 0xF7BF, 0xF7BE, 0xF7BE, 0xFFDF, 0xC65A, 0x5B50, 0x0109, 0x09AB, 0x09AB, 
    0x098A, 0x098A, 0x3AAE, 0xDEFC, 0xF79E, 0xF7BE, 0xF7BF, 0xF7BF, 0xF7BF, 0xF7BF, 0xF7BF, 0xF7BF, 
    0xF7BF, 0xF7BF, 0xF7BF, 0xF7BF, 0xF7BF, 0xF7BF, 0xF7BF, 
    0xF7BF, 0xF7BF, 0xF7BF, 0xF7BF, 0xF7BF, 0xF7BF, 0xF7BF, 0xF7BF, 0xF7BF, 0xF7BF, 0xF7BF, 0xF7DF, 
    0xF7BF, 0xFFDF, 0xDEFC, 0x7C74, 0x116A, 0x098B, 0x11EC, 0x09CB, 0x0149, 0x42CF, 0xADB8, 0xFFDF, 
    0xF7BE, 0xF7BF, 0xF7BF, 0xF7BF, 0xF7BF, 0xF7BF, 0xF7BF, 0xF7BF, 0xF7BF, 0xF7BF, 0xF7BF, 0xF7BF, 
    0xF7BF, 0xF7BF, 0xF7BF, 0xF7BF, 0xF7BF, 0xF7BF, 0xF7BF, 0xF7BF, 0xF7BF, 0xF7BF, 0xF7BF, 0xF7BF, 
    0xF7BF, 0xF7BF, 0xF7BF, 0xF7BF, 0xF7BF, 0xF7BF, 0xF7BF, 0xF7BF, 0xF7BF, 0xF7BF, 0xF7BF, 0xF7BF, 
    0xF7BF, 0xF7BF, 0xF7BF, 0xF7BF, 0xF7BF, 0xF7BF, 0xF7BF, 0xF7BF, 0xF7BF, 0xF7BF, 0xF7BF, 0xF7BF, 
    0xF7BF, 0xF7BF, 0xF7BF, 0xF7BF, 0xF7BF, 0xF7BF, 0xF7BF, 0xF7BF, 0xF7BF, 0xF7BE, 0xF7BE, 0xF7BE, 
    0xF7BE, 0xF7BE, 0xF7BF, 0xF7BF, 0xF7BF, 0xF7BF, 0xF7BF, 0xF7BF, 0xF7BF, 0xF7BF, 0xF7BF, 0xF7BF, 
    0xF7BF, 0xF7BF, 0xF7BF, 0xF7BF, 0xF7BF, 0xF7BF, 0xF7BF, 0xF7BF, 0xF7BF, 0xF7BF, 0xF7BF, 0xF7BF, 
    0xF7BF, 0xF7BE, 0xF7BE, 0xF7BE, 0xF7BF, 0xF7BF, 0xF7BF, 0xF7BF, 0xF7BF, 0xF7BF, 0xF7BE, 0xF7BE, 
    0xF7BF, 0xF7BF, 0xF7BF, 0xF7BF, 0xF7BF, 0xF7BF, 0xF7BF, 0xF7BF, 0xF7BF, 0xF7BF, 0xF7BE, 0xF7BE, 
    0xF7BE, 0xF7BE, 0xF7BF, 0xF7BF, 0xF7BF, 0xF7BF, 0xF7BF, 0xF7BF, 0xF7BF, 0xF7BF, 0xF7BF, 0xF7BF, 
    0xF7BF, 0xF7BF, 0xF7BF, 0xF7BF, 0xF7BF, 0xF7BF, 0xF7BF, 0xF7BF, 0xF7BF, 0xF7BF, 0xF7BF, 0xF7BF, 
    0xF7BF, 0xF7BF, 0xF7BF, 0xF7BF, 0xF7BF, 0xF7BF, 0xF7BF, 0xF7BF, 0xF7BF, 0xF7BF, 0xF7BF, 0xF7BF, 
    0xF7BF, 0xF7BF, 0xF7BF, 0xF7BF, 0xF7BF, 0xF7BE, 0xF7BE, 0xEF9E, 0x8CD5, 0x19AB, 0x0929, 0x098A, 
    0x09AB, 0x096A, 0x1989, 0xADB8, 0xE75D, 0xF7BF, 0xF7BE, 0xF7BF, 0xF7BF, 0xF7BF, 0xF7BF, 0xF7BF, 
    0xF7BF, 0xF7BF, 0xF7BF, 0xF7BF, 0xF7BF, 0xF7BF, 0xF7BF, 
    0xF7BF, 0xF7BF, 0xF7BF, 0xF7BF, 0xF7BF, 0xF7BF, 0xF7BF, 0xF7BF, 0xF7BF, 0xF7BF, 0xF7BF, 0xF7BF, 
    0xFFDF, 0xFFDF, 0xBE3A, 0x3AAE, 0x096A, 0x098B, 0x09CC, 0x09AB, 0x0949, 0x8494, 0xD6DC, 0xFFDF, 
    0xF7BE, 0xF7BF, 0xF7BF, 0xF7BF, 0xF7BF, 0xF7BF, 0xF7BF, 0xF7BF, 0xF7BF, 0xF7BF, 0xF7BF, 0xF7BF, 
    0xF7BF, 0xF7BF, 0xF7BF, 0xF7BF, 0xF7BF, 0xF7BF, 0xF7BE, 0xF7BF, 0xF7BF, 0xF7BF, 0xF7BF, 0xF7BF, 
    0xF7BF, 0xF7BF, 0xF7BF, 0xF7BF, 0xF7BF, 0xF7BF, 0xF7BF, 0xF7BE, 0xF7BF, 0xF7BF, 0xF7BF, 0xF7BF, 
    0xF7BF, 0xF7BF, 0xF7BF, 0xF7BF, 0xF7BF, 0xF7BF, 0xF7BF, 0xF7BF, 0xF7BF, 0xF7BF, 0xF7BF, 0xF7BF, 
    0xF7BF, 0xF7BF, 0xF7BF, 0xF7BF, 0xF7BF, 0xF7BF, 0xF7BF, 0xF7BF, 0xF7BF, 0xF7BE, 0xF7BE, 0xF7BE, 
    0xF7BE, 0xF7BE, 0xF7BE, 0xF7BF, 0xF7BF, 0xF7BF, 0xF7BF, 0xF7BF, 0xF7BF, 0xF7BF, 0xF7DF, 0xF7DF, 
    0xF7DF, 0xF7DF, 0xF7DF, 0xF7DF, 0xF7BF, 0xF7BF, 0xF7BF, 0xF7BF, 0xF7BF, 0xF7BF, 0xF7BF, 0xF7BF, 
    0xF7BF, 0xF7BE, 0xF7BE, 0xF7BF, 0xF7BF, 0xF7BF, 0xF7BF, 0xF7BF, 0xF7BF, 0xF7BF, 0xF7BE, 0xF7BE, 
    0xF7BE, 0xF7BE, 0xF7BF, 0xF7BF, 0xF7BF, 0xF7BF, 0xF7BF, 0xF7BF, 0xF7BF, 0xF7BF, 0xF7BE, 0xF7BE, 
    0xF7BE, 0xF7BE, 0xF7BF, 0xF7BF, 0xF7BF, 0xF7BF, 0xF7BF, 0xF7BF, 0xF7BF, 0xF7BF, 0xF7BF, 0xF7BF, 
    0xF7BF, 0xF7BF, 0xF7BF, 0xF7BF, 0xF7BF, 0xF7BF, 0xF7BF, 0xF7BF, 0xF7BF, 0xF7BF, 0xF7BF, 0xF7BF, 
    0xF7BF, 0xF7BF, 0xF7BF, 0xF7BF, 0xF7BF, 0xF7BF, 0xF7BF, 0xF7BF, 0xF7BF, 0xF7DF, 0xF7DF, 0xF7BF, 
    0xF7BF, 0xF7BF, 0xF7BF, 0xF7BF, 0xF7BF, 0xF7BE, 0xF79E, 0xF7DF, 0xB5F9, 0x532F, 0x00C7, 0x098A, 
    0x09CB, 0x098A, 0x1169, 0x5BB1, 0xCE9B, 0xF7DF, 0xF7BE, 0xF7BF, 0xF7BF, 0xF7BF, 0xF7BF, 0xF7BF, 
    0xF7BF, 0xF7BF, 0xF7BF, 0xF7BF, 0xF7BF, 0xF7BF, 0xF7BF, 
    0xF7BF, 0xF7BF, 0xF7BF, 0xF7BF, 0xF7BF, 0xF7BF, 0xF7BF, 0xF7BF, 0xF7BF, 0xF7BF, 0xF7BF, 0xF7BF, 
    0xFFDF, 0xE75D, 0x9516, 0x1169, 0x098A, 0x09AB, 0x09AB, 0x118A, 0x2A0C, 0xB5F9, 0xEF9E, 0xF7DF, 
    0xF7BE, 0xF7BF, 0xF7BF, 0xF7BF, 0xF7BF, 0xF7BF, 0xF7BF, 0xF7BF, 0xF7BF, 0xF7BF, 0xF7BF, 0xF7BF, 
    0xF7BF, 0xF7BF, 0xF7BF, 0xF7BF, 0xF7BF, 0xF7BF, 0xF7BE, 0xF7BF, 0xF7BF, 0xF7BF, 0xF7BF, 0xF7BF, 
    0xF7BF, 0xF7BF, 0xF7BF, 0xF7BF, 0xF7BF, 0xF7BF, 0xF7BF, 0xF7BE, 0xF7BF, 0xF7BF, 0xF7BF, 0xF7BF, 
    0xF7BF, 0xF7BF, 0xF7BF, 0xF7BF, 0xF7BF, 0xF7BF, 0xF7BF, 0xF7BF, 0xF7BF, 0xF7BF, 0xF7BF, 0xF7BF, 
    0xF7BF, 0xF7BF, 0xF7BF, 0xF7BF, 0xF7BF, 0xF7BF, 0xF7BF, 0xF7BF, 0xF7BE, 0xF7BE, 0xF7BE, 0xF7BE, 
    0xF7BE, 0xF7BE, 0xF7BE, 0xF7BF, 0xF7BF, 0xF7BF, 0xF7BF, 0xF7BF, 0xF7BF, 0xF7DF, 0xF7DF, 0xF7DF, 
    0xFFDF, 0xFFDF, 0xFFDF, 0xFFDF, 0xFFDF, 0xFFBF, 0xF7BF, 0xF7BF, 0xF7BF, 0xF7BF, 0xF7BF, 0xF7BF, 
    0xF7BF, 0xF7BF, 0xF7BE, 0xF7BF, 0xF7BF, 0xF7BF, 0xF7BF, 0xF7BF, 0xF7BF, 0xF7BF, 0xF7BE, 0xF7BE, 
    0xF7BE, 0xF7BE, 0xF7BE, 0xF7BF, 0xF7BF, 0xF7BF, 0xF7BF, 0xF7BF, 0xF7BF, 0xF7BF, 0xF7BE, 0xF7BE, 
    0xF7BE, 0xF7BE, 0xF7BF, 0xF7BF, 0xF7BF, 0xF7BF, 0xF7BF, 0xF7BF, 0xF7BF, 0xF7BF, 0xF7BF, 0xF7BF, 
    0xF7BF, 0xF7BF, 0xF7BF, 0xF7BF, 0xF7BF, 0xF7BF, 0xF7BF, 0xF7BF, 0xF7BF, 0xF7BF, 0xF7BF, 0xF7BF, 
    0xF7BF, 0xF7BF, 0xF7BF, 0xF7BF, 0xF7BF, 0xF7BF, 0xF7BF, 0xF7BF, 0xF7BF, 0xF7DF, 0xF7DF, 0xF7BF, 
    0xF7BF, 0xF7BF, 0xF7BF, 0xF7BF, 0xF7BF, 0xF7BF, 0xF7BE, 0xFFDF, 0xDF1C, 0x8CD5, 0x0908, 0x096A, 
    0x09AB, 0x098A, 0x098A, 0x220B, 0xADB8, 0xF79E, 0xF7BF, 0xF7BF, 0xF7BF, 0xF7BF, 0xF7BF, 0xF7BF, 
    0xF7BF, 0xF7BF, 0xF7BF, 0xF7BF, 0xF7BF, 0xF7BF, 0xF7BF, 
    0xF7BF, 0xF7BF, 0xF7BF, 0xF7BF, 0xF7BF, 0xF7BF, 0xF7BF, 0xF7BF, 0xF7BF, 0xF7BF, 0xF7BF, 0xF7BE, 
    0xFFFF, 0xC67A, 0x63B1, 0x00E8, 0x09AB, 0x09CB, 0x098A, 0x19AA, 0x63D2, 0xD6DC, 0xFFDF, 0xF7BE, 
    0xF7BF, 0xF7BF, 0xF7BF, 0xF7BF, 0xF7BF, 0xF7BF, 0xF7BF, 0xF7BF, 0xF7BF, 0xF7BF, 0xF7BF, 0xF7BF, 
    0xF7BF, 0xF7BF, 0xF7BF, 0xF7BF, 0xF7BF, 0xF7BF, 0xF7BF, 0xF7BF, 0xF7BF, 0xF7BF, 0xF7BF, 0xF7BF, 
    0xF7BF, 0xF7BF, 0xF7BF, 0xF7BF, 0xF7BF, 0xF7BF, 0xF7BF, 0xF7BE, 0xF7BF, 0xF7BF, 0xF7BF, 0xF7BF, 
    0xF7BF, 0xF7BF, 0xF7BF, 0xF7BF, 0xF7BF, 0xF7BF, 0xF7BF, 0xF7BF, 0xF7BF, 0xF7BF, 0xF7BF, 0xF7BF, 
    0xF7BF, 0xF7BF, 0xF7BF, 0xF7BF, 0xF7BF, 0xF7BF, 0xF7BF, 0xF7BF, 0xF7BE, 0xF7BE, 0xF7BE, 0xF7BE, 
    0xF7BE, 0xF7BE, 0xF7BF, 0xF7BF, 0xF7BF, 0xF7BF, 0xF7BF, 0xF7BF, 0xFFDF, 0xFFDF, 0xFFDF, 0xFFDF, 
    0xFFDF, 0xFFDF, 0xFFDF, 0xFFDF, 0xFFDF, 0xFFDF, 0xFFDF, 0xF7DF, 0xF7BF, 0xF7BF, 0xF7BF, 0xF7BF, 
    0xF7BF, 0xF7BF, 0xF7BE, 0xF7BE, 0xF7BE, 0xF7BE, 0xF7BE, 0xF7BE, 0xF7BE, 0xF7BE, 0xF7BE, 0xF7BE, 
    0xF7BE, 0xF7BE, 0xF7BE, 0xF7BF, 0xF7BF, 0xF7BF, 0xF7BF, 0xF7BF, 0xF7BF, 0xF7BF, 0xF7BF, 0xF7BF, 
    0xF7BF, 0xF7BF, 0xF7BE, 0xF7BE, 0xF7BF, 0xF7BF, 0xF7BF, 0xF7BF, 0xF7BF, 0xF7BF, 0xF7BF, 0xF7BF, 
    0xF7BF, 0xF7BF, 0xF7BF, 0xF7BF, 0xF7BF, 0xF7BF, 0xF7BF, 0xF7BF, 0xF7BF, 0xF7BF, 0xF7BF, 0xF7BF, 
    0xF7BF, 0xF7BF, 0xF7BF, 0xF7BF, 0xF7BF, 0xF7BF, 0xF7BF, 0xF7BF, 0xF7BF, 0xF7BF, 0xF7BF, 0xF7BF, 
    0xF7DF, 0xF7DF, 0xF7BF, 0xF7BF, 0xF7BF, 0xF7BF, 0xF7BE, 0xF7DF, 0xF7BE, 0xBE39, 0x19EB, 0x098A, 
    0x098A, 0x09AB, 0x09AB, 0x0108, 0x8CB4, 0xE73D, 0xFFDF, 0xF7BF, 0xF7BF, 0xF7BF, 0xF7BF, 0xF7BF, 
    0xF7BF, 0xF7BF, 0xF7BF, 0xF7BF, 0xF7BF, 0xF7BF, 0xF7BF, 
    0xF7BF, 0xF7DF, 0xF7BF, 0xF7BF, 0xF7BF, 0xF7BF, 0xF7BF, 0xF7BF, 0xF7BF, 0xF7BF, 0xF7BF, 0xF7BF, 
    0xFFFF, 0x9516, 0x2A2C, 0x0108, 0x09AB, 0x09CB, 0x0969, 0x29EB, 0xB619, 0xEF7E, 0xF7BF, 0xF79E, 
    0xF7BF, 0xF7BF, 0xF7BF, 0xF7BF, 0xF7BF, 0xF7BF, 0xF7BF, 0xF7BF, 0xF7BF, 0xF7BF, 0xF7BF, 0xF7BF, 
    0xF7BF, 0xF7BF, 0xF7BF, 0xF7BF, 0xF7BF, 0xF7BF, 0xF7BF, 0xF7BF, 0xF7BF, 0xF7BF, 0xF7BF, 0xF7BF, 
    0xF7BF, 0xF7BF, 0xF7BF, 0xF7BF, 0xF7BF, 0xF7BF, 0xF7BF, 0xF7BF, 0xF7BF, 0xF7BF, 0xF7BF, 0xF7BF, 
    0xF7BF, 0xF7BF, 0xF7BF, 0xF7BF, 0xF7BF, 0xF7BF, 0xF7BF, 0xF7BF, 0xF7BF, 0xF7BF, 0xF7BF, 0xF7BF, 
    0xF7BF, 0xF7BF, 0xF7BF, 0xF7BF, 0xF7BF, 0xF7BF, 0xF7BF, 0xF7BF, 0xF7BF, 0xF7BE, 0xF7BF, 0xF7BE, 
    0xF7BE, 0xF7BE, 0xF7BF, 0xF7BF, 0xF7BF, 0xF7BF, 0xF7BF, 0xF7BF, 0xFFDF, 0xFFDF, 0xFFDF, 0xFFDF, 
    0xFFDF, 0xFFDF, 0xFFDF, 0xFFDF, 0xFFDF, 0xFFDF, 0xFFDF, 0xFFDF, 0xF7BF, 0xF7BF, 0xF7BF, 0xF7BE, 
    0xF7BE, 0xF7BE, 0xF7BE, 0xF7BE, 0xF7BE, 0xF7BE, 0xF7BE, 0xF7BE, 0xF7BE, 0xF7BE, 0xF7BF, 0xF7BF, 
    0xF7BF, 0xF7BF, 0xF7BF, 0xF7BF, 0xF7BF, 0xF7BF, 0xF7BF, 0xF7BF, 0xF7BF, 0xF7BF, 0xF7BF, 0xF7BF, 
    0xF7BF, 0xF7BF, 0xF7BF, 0xF7BF, 0xF7BF, 0xF7BF, 0xF7BE, 0xF7BF, 0xF7BF, 0xF7BF, 0xF7BF, 0xF7BF, 
    0xF7BF, 0xF7BF, 0xF7BF, 0xF7BF, 0xF7BE, 0xF7BF, 0xF7BF, 0xF7BF, 0xF7BF, 0xF7BF, 0xF7BF, 0xF7BF, 
    0xF7BF, 0xF7BF, 0xF7BF, 0xF7BF, 0xF7BF, 0xF7BF, 0xF7BF, 0xF7BF, 0xF7BF, 0xF7BF, 0xF7BF, 0xF7BF, 
    0xF7BF, 0xF7BF, 0xF7BF, 0xF7BF, 0xF7BF, 0xF7BF, 0xF7BE, 0xF7BE, 0xFFDF, 0xD6DC, 0x5391, 0x116A, 
    0x096A, 0x09CC, 0x09AB, 0x00C7, 0x5B70, 0xBE3A, 0xFFDF, 0xF79E, 0xF7BF, 0xF7BF, 0xF7BF, 0xF7BF, 
    0xF7BF, 0xF7BF, 0xF7BF, 0xF7BF, 0xF7BF, 0xF7BF, 0xF7BF, 
    0xF7DF, 0xF7DF, 0xF7BF, 0xF7BF, 0xF7BF, 0xF7BF, 0xF7BF, 0xF7BF, 0xF7BF, 0xF7BF, 0xF7BF, 0xFFFF, 
    0xE75D, 0x6C12, 0x096A, 0x098A, 0x09AB, 0x098A, 0x11AA, 0x4B0F, 0xE73D, 0xF7BE, 0xF7BE, 0xF7BE, 
    0xF7BF, 0xF7BF, 0xF7BF, 0xF7BF, 0xF7BE, 0xF7BF, 0xF7BF, 0xF7BF, 0xF7BF, 0xF7BF, 0xF7BF, 0xF7BF, 
    0xF7BF, 0xF7BF, 0xF7BF, 0xF7BF, 0xF7BF, 0xF7BF, 0xF7BF, 0xF7BF, 0xF7BF, 0xF7BF, 0xF7BF, 0xF7BF, 
    0xF7BF, 0xF7BF, 0xF7BF, 0xF7BF, 0xF7BF, 0xF7BF, 0xF7BF, 0xF7BF, 0xF7BF, 0xF7BF, 0xF7BF, 0xF7BF, 
    0xF7BF, 0xF7BF, 0xF7BF, 0xF7BF, 0xF7BF, 0xF7BF, 0xF7BF, 0xF7BF, 0xF7BF, 0xF7BF, 0xF7BF, 0xF7BF, 
    0xF7BF, 0xF7BF, 0xF7BF, 0xF7BF, 0xF7BF, 0xF7BF, 0xF7BF, 0xF7BF, 0xF7BF, 0xF7BF, 0xF7BF, 0xF7BE, 
    0xF7BE, 0xF7BE, 0xF7BF, 0xF7BF, 0xF7BF, 0xF7BF, 0xF7DF, 0xFFDF, 0xFFDF, 0xFFDF, 0xF7DF, 0xF7DF, 
    0xFFDF, 0xFFDF, 0xFFDF, 0xFFDF, 0xFFDF, 0xFFDF, 0xF7BF, 0xF7BF, 0xF7BF, 0xF7BF, 0xF7BF, 0xF7BF, 
    0xF7BF, 0xF7BF, 0xF7BF, 0xF7BF, 0xF7BE, 0xF7BE, 0xF7BE, 0xF7BE, 0xF7BE, 0xF7BE, 0xF7BF, 0xF7BF, 
    0xF7BF, 0xF7BF, 0xF7BF, 0xF7BF, 0xF7BF, 0xF7BF, 0xF7BF, 0xF7BF, 0xF7BF, 0xF7BF, 0xF7BF, 0xF7BF, 
    0xF7BF, 0xF7BF, 0xF7BF, 0xF7BF, 0xF7BF, 0xF7BF, 0xF7BF, 0xF7BF, 0xF7BF, 0xF7BF, 0xF7BF, 0xF7BF, 
    0xF7BF, 0xF7BF, 0xF7BE, 0xF7BE, 0xF7BE, 0xF7BF, 0xF7BF, 0xF7BF, 0xF7BF, 0xF7BF, 0xF7BF, 0xF7BF, 
    0xF7BF, 0xF7BF, 0xF7BF, 0xF7BF, 0xF7BF, 0xF7BF, 0xF7BF, 0xF7BF, 0xF7BF, 0xF7BF, 0xF7BF, 0xF7BF, 
    0xF7BF, 0xF7BF, 0xF7BF, 0xF7BF, 0xF7BF, 0xF7BF, 0xF7BF, 0xF7BE, 0xFFDF, 0xEF7D, 0xADB8, 0x21EB, 
    0x096A, 0x09CC, 0x09AB, 0x0169, 0x2A2C, 0x8CF5, 0xFFDF, 0xF7BF, 0xF7BF, 0xF7BF, 0xF7BF, 0xF7BF, 
    0xF7BF, 0xF7BF, 0xF7BF, 0xF7BF, 0xF7BF, 0xF7BF, 0xF7BF, 
    0xF7BF, 0xF7BF, 0xF7BF, 0xF7BF, 0xF7BF, 0xF7BF, 0xF7BF, 0xF7BF, 0xF7BF, 0xF7BE, 0xF7BF, 0xFFFF, 
    0xBE3A, 0x4B0F, 0x0109, 0x09AB, 0x09AB, 0x0149, 0x220C, 0x7C54, 0xF7BF, 0xF7BF, 0xF7BE, 0xF7BE, 
    0xF7BF, 0xF7BF, 0xF7BF, 0xF7BF, 0xF7BF, 0xF7BF, 0xF7BF, 0xF7BF, 0xF7BF, 0xF7BF, 0xF7BF, 0xF7BF, 
    0xF7BF, 0xF7BF, 0xF7BF, 0xF7BF, 0xF7BE, 0xF7BE, 0xF7BE, 0xF7BF, 0xF7BF, 0xF7BE, 0xF7BE, 0xF7BE, 
    0xF7BF, 0xF7BF, 0xF7BF, 0xF7BF, 0xF7BF, 0xF7BF, 0xF7BF, 0xF7BF, 0xF7BF, 0xF7BF, 0xF7BF, 0xF7BF, 
    0xF7BF, 0xF7BF, 0xF7BF, 0xF7BF, 0xF7BF, 0xF7BF, 0xF7BF, 0xF7BF, 0xF7BF, 0xF7BF, 0xF7BF, 0xF7BF, 
    0xF7BF, 0xF7BF, 0xF7BF, 0xF7BF, 0xF7BF, 0xF7BF, 0xF7BF, 0xF7BF, 0xF7BF, 0xF7BF, 0xF7BF, 0xF7BE, 
    0xF7BE, 0xF7BE, 0xF7BF, 0xF7BF, 0xF7BF, 0xF7BF, 0xFFDF, 0xFFDF, 0xFFDF, 0xFFDF, 0xFFDF, 0xFFDF, 
    0xFFFF, 0xFFFF, 0xFFFF, 0xFFFF, 0xFFFF, 0xFFDF, 0xFFDF, 0xFFDF, 0xFFDF, 0xF7BF, 0xF7BE, 0xF7BF, 
    0xF7BF, 0xF7BF, 0xF7BE, 0xF7BE, 0xF7BE, 0xF7BE, 0xF7BE, 0xF7BE, 0xF7BE, 0xF7BE, 0xF7BF, 0xF7BF, 
    0xF7BF, 0xF7BF, 0xF7BF, 0xF7BF, 0xF7BF, 0xF7BF, 0xF7BF, 0xF7BF, 0xF7BF, 0xF7BE, 0xF7BE, 0xF7BF, 
    0xF7BF, 0xF7BF, 0xF7BF, 0xF7BF, 0xF7BF, 0xF7BF, 0xF7BF, 0xF7BF, 0xF7BF, 0xF7BF, 0xF7BF, 0xF7BF, 
    0xF7BF, 0xF7BE, 0xF7BE, 0xF7BE, 0xF7BE, 0xF7BF, 0xF7BF, 0xF7BF, 0xF7BF, 0xF7BF, 0xF7BF, 0xF7BF, 
    0xF7BF, 0xF7BF, 0xF7BF, 0xF7BF, 0xF7BF, 0xF7BF, 0xF7BF, 0xF7BF, 0xF7BF, 0xF7BF, 0xF7BF, 0xF7BF, 
    0xF7BF, 0xF7BF, 0xF7BF, 0xF7BF, 0xF7BF, 0xF7BF, 0xF7BF, 0xF7BE, 0xFFDF, 0xF7BE, 0xDF1C, 0x42CE, 
    0x118A, 0x098B, 0x09AB, 0x09AB, 0x096A, 0x6BF2, 0xEF5E, 0xFFDF, 0xF7BF, 0xF7BF, 0xF7BF, 0xF7BF, 
    0xF7BF, 0xF7BF, 0xF7BF, 0xF7BF, 0xF7BF, 0xF7BF, 0xF7BF, 
    0xF7BF, 0xF7BF, 0xF7BF, 0xF7BF, 0xF7BF, 0xF7BF, 0xF7BF, 0xF7BF, 0xF7BF, 0xF7BE, 0xF7BE, 0xFFFF, 
    0x84D5, 0x2A4D, 0x0129, 0x09CB, 0x09AB, 0x0129, 0x42AE, 0xADD9, 0xFFDF, 0xF7BF, 0xF7BE, 0xF7BE, 
    0xF7BF, 0xF7BF, 0xF7BF, 0xF7BF, 0xF7BF, 0xF7BF, 0xF7BF, 0xF7BF, 0xF7BF, 0xF7BF, 0xF7BF, 0xF7BF, 
    0xF7BF, 0xF7BF, 0xF7BF, 0xF7BF, 0xF7BE, 0xF7BE, 0xF7BE, 0xF7BE, 0xF7BE, 0xF7BE, 0xF7BE, 0xF7BE, 
    0xF7BF, 0xF7BF, 0xF7BF, 0xF7BF, 0xF7BF, 0xF7BF, 0xF7BF, 0xF7BF, 0xF7BF, 0xF7BF, 0xF7BF, 0xF7BF, 
    0xF7BF, 0xF7BF, 0xF7BF, 0xF7BF, 0xF7BF, 0xF7BF, 0xF7BF, 0xF7BF, 0xF7BF, 0xF7BF, 0xF7BF, 0xF7BF, 
    0xF7BF, 0xF7BF, 0xF7BF, 0xF7BF, 0xF7BF, 0xF7BF, 0xF7BF, 0xF7BF, 0xF7BF, 0xF7BF, 0xF7BF, 0xF7BE, 
    0xF7BE, 0xF7BE, 0xF7BF, 0xF7BF, 0xF7BF, 0xF7BF, 0xFFDF, 0xFFDF, 0xFFDF, 0xFFDF, 0xFFDF, 0xF79E, 
    0xE75D, 0xDF1C, 0xDEFC, 0xD6DB, 0xD6BB, 0xDEDC, 0xE71C, 0xF77E, 0xFFBF, 0xFFDF, 0xF7BF, 0xF7BF, 
    0xF7BE, 0xF7BE, 0xF7BE, 0xF7BE, 0xF7BE, 0xF7BE, 0xF7BE, 0xF7BE, 0xF7BE, 0xF7BE, 0xF7BF, 0xF7BF, 
    0xF7BF, 0xF7BF, 0xF7BF, 0xF7BF, 0xF7BF, 0xF7BF, 0xF7BF, 0xF7BF, 0xF7BF, 0xF7BE, 0xF7BE, 0xF7BF, 
    0xF7BF, 0xF7BF, 0xF7BF, 0xF7BF, 0xF7BF, 0xF7BF, 0xF7BF, 0xF7BF, 0xF7BF, 0xF7BF, 0xF7BF, 0xF7BF, 
    0xF7BF, 0xF7BE, 0xF7BE, 0xF7BF, 0xF7BE, 0xF7BF, 0xF7BF, 0xF7BF, 0xF7BF, 0xF7BF, 0xF7BF, 0xF7BF, 
    0xF7BF, 0xF7BF, 0xF7BF, 0xF7BF, 0xF7BF, 0xF7BF, 0xF7BF, 0xF7BF, 0xF7BF, 0xF7BF, 0xF7BF, 0xF7BF, 
    0xF7BF, 0xF7BF, 0xF7BF, 0xF7BF, 0xF7BF, 0xF7BF, 0xF7BF, 0xF7BF, 0xF7BE, 0xFFDF, 0xF7DF, 0x7433, 
    0x220C, 0x014A, 0x09CB, 0x11EC, 0x0129, 0x532F, 0xC67B, 0xFFFF, 0xF7BF, 0xF7BF, 0xF7BF, 0xF7BF, 
    0xF7BF, 0xF7BF, 0xF7BF, 0xF7BF, 0xF7BF, 0xF7BF, 0xF7BF, 
    0xF7BF, 0xF7BF, 0xF7BF, 0xF7BF, 0xF7BF, 0xF7BF, 0xF7BF, 0xF7BF, 0xF7BF, 0xF7BF, 0xFFBF, 0xFFDF, 
    0x5BB1, 0x19CB, 0x016A, 0x09AB, 0x09AA, 0x0949, 0x5B91, 0xDF3D, 0xFFDF, 0xF7BF, 0xF7BF, 0xF7BF, 
    0xF7BE, 0xF7BF, 0xF7BF, 0xF7BF, 0xF7BF, 0xF7BF, 0xF7BF, 0xF7BF, 0xF7BF, 0xF7BF, 0xF7BF, 0xF7BF, 
    0xF7BF, 0xF7BF, 0xF7BF, 0xF7BF, 0xF7BF, 0xF7BE, 0xF7BE, 0xF7BE, 0xF7BF, 0xF7BF, 0xF7BF, 0xF7BF, 
    0xF7BF, 0xF7BF, 0xF7BF, 0xF7BF, 0xF7BF, 0xF7BF, 0xF7BF, 0xF7BF, 0xF7BF, 0xF7BF, 0xF7BF, 0xF7BF, 
    0xF7BF, 0xF7BF, 0xF7BF, 0xF7BF, 0xF7BF, 0xF7BF, 0xF7BF, 0xF7BF, 0xF7BF, 0xF7BF, 0xF7BF, 0xF7BF, 
    0xF7BF, 0xF7BF, 0xF7BF, 0xF7BF, 0xF7BF, 0xF7BF, 0xF7BF, 0xF7BF, 0xF7BF, 0xF7BF, 0xF7BE, 0xF7BE, 
    0xF7BE, 0xF7BF, 0xF7BF, 0xF7BF, 0xF7BF, 0xF7BF, 0xF7BF, 0xFFDF, 0xFFDF, 0xFFDF, 0xEF7E, 0xCE7A, 
    0xA557, 0x8CB4, 0x7C53, 0x6BD1, 0x6BB1, 0x7C12, 0x94D5, 0xBDF9, 0xE71C, 0xF79E, 0xF7BF, 0xF7BF, 
    0xF7BE, 0xF7BE, 0xF7BE, 0xF7BE, 0xF7BE, 0xF7BE, 0xF7BE, 0xF7BE, 0xF7BF, 0xF7BF, 0xF7BF, 0xF7BF, 
    0xF7BF, 0xF7BF, 0xF7BF, 0xF7BF, 0xF7BF, 0xF7BF, 0xF7BF, 0xF7BE, 0xF7BE, 0xF7BF, 0xF7BE, 0xF7BF, 
    0xF7BF, 0xF7BF, 0xF7BF, 0xF7BF, 0xF7BF, 0xF7BF, 0xF7BF, 0xF7BF, 0xF7BF, 0xF7BF, 0xF7BF, 0xF7BE, 
    0xF7BE, 0xF7BE, 0xF7BE, 0xF7BF, 0xF7BF, 0xF7BF, 0xF7BF, 0xF7BF, 0xF7BF, 0xF7BF, 0xF7BF, 0xF7BF, 
    0xF7BF, 0xF7BF, 0xF7BF, 0xF7BF, 0xF7BF, 0xF7BF, 0xF7BF, 0xF7BF, 0xF7BF, 0xF7BF, 0xF7BF, 0xF7BF, 
    0xF7BF, 0xF7BF, 0xF7BF, 0xF7BF, 0xF7BF, 0xF7BF, 0xF7BF, 0xF7BF, 0xF7BE, 0xF7DE, 0xFFFF, 0xADB7, 
    0x42AD, 0x0129, 0x09CC, 0x09EC, 0x0149, 0x326D, 0x9516, 0xFFFF, 0xF7BE, 0xF7BE, 0xF7BF, 0xF7BF, 
    0xF7BF, 0xF7BF, 0xF7BF, 0xF7BF, 0xF7BF, 0xF7BF, 0xF7BF, 
    0xF7BF, 0xF7BF, 0xF7BF, 0xF7BF, 0xF7BF, 0xF7BF, 0xF7BF, 0xF7BF, 0xF7BE, 0xFFBF, 0xF7BE, 0xDF1C, 
    0x3A8E, 0x096A, 0x09AB, 0x09AB, 0x0149, 0x222C, 0x84D5, 0xF7DF, 0xF7BE, 0xF7BF, 0xF7BF, 0xF7BF, 
    0xF7BF, 0xF7BF, 0xF7BF, 0xF7BF, 0xF7BF, 0xF7BF, 0xF7BF, 0xF7BF, 0xF7BF, 0xF7BF, 0xF7BF, 0xF7BF, 
    0xF7BF, 0xF7BF, 0xF7BE, 0xF7BF, 0xF7BF, 0xF7BF, 0xF7BF, 0xF7BF, 0xF7BF, 0xF7BF, 0xF7BF, 0xF7BF, 
    0xF7BF, 0xF7BF, 0xF7BF, 0xF7BF, 0xF7BE, 0xF7BE, 0xF7BE, 0xF7BE, 0xF7BF, 0xF7BF, 0xF7BF, 0xF7BF, 
    0xF7BF, 0xF7BF, 0xF7BF, 0xF7BE, 0xF7BE, 0xF7BF, 0xF7BF, 0xF7BF, 0xF7BF, 0xF7BF, 0xF7BF, 0xF7BF, 
    0xF7BF, 0xF7BF, 0xF7BF, 0xF7BF, 0xF7BF, 0xF7BF, 0xF7BE, 0xF7BE, 0xF7BE, 0xF7BE, 0xF7BE, 0xF7BF, 
    0xF7BF, 0xF7BF, 0xF7BF, 0xF7BF, 0xF7BF, 0xF7BE, 0xFFDF, 0xFFFF, 0xE75D, 0xB5D8, 0x6BD1, 0x3A6D, 
    0x21EB, 0x19AB, 0x19AB, 0x118A, 0x11AA, 0x19AA, 0x19CA, 0x2A0B, 0x42AD, 0x8453, 0xC65A, 0xFFDF, 
    0xFFDF, 0xF7BE, 0xF7BE, 0xF7BE, 0xF7BE, 0xF7BE, 0xF7BE, 0xF7BE, 0xF7BF, 0xF7BF, 0xF7BF, 0xF7BF, 
    0xF7BF, 0xF7BF, 0xF7BF, 0xF7BF, 0xF7BF, 0xF7BF, 0xF7BE, 0xF7BE, 0xF7BE, 0xF7BE, 0xF7BF, 0xF7BF, 
    0xF7BF, 0xF7BF, 0xF7BF, 0xF7BE, 0xF7BF, 0xF7BF, 0xF7BE, 0xF7BF, 0xF7BE, 0xF7BE, 0xF7BE, 0xF7BF, 
    0xF7BF, 0xF7BF, 0xF7BF, 0xF7BF, 0xF7BF, 0xF7BF, 0xF7BF, 0xF7BF, 0xF7BF, 0xF7BF, 0xF7BF, 0xF7BF, 
    0xF7BF, 0xF7BF, 0xF7BF, 0xF7BF, 0xF7BF, 0xF7BF, 0xF7BF, 0xF7BF, 0xF7BF, 0xF7BF, 0xF7BF, 0xF7BF, 
    0xF7DF, 0xF7DF, 0xF7DF, 0xF7BF, 0xF7BF, 0xF7BF, 0xF7BF, 0xF7BF, 0xF7BE, 0xF7BF, 0xFFFF, 0xDEFC, 
    0x5B70, 0x0949, 0x09AB, 0x09CC, 0x016A, 0x19EC, 0x63B2, 0xFFDF, 0xF7BF, 0xF7BE, 0xF7BF, 0xF7BF, 
    0xF7BF, 0xF7BF, 0xF7BF, 0xF7BF, 0xF7BF, 0xF7BF, 0xF7BF, 
    0xF7BF, 0xF7BF, 0xF7BF, 0xF7BF, 0xF7BF, 0xF7BF, 0xF7BF, 0xF7DF, 0xF7BE, 0xFFDF, 0xE75E, 0x9D78, 
    0x21EC, 0x096A, 0x09CB, 0x09AB, 0x0128, 0x5350, 0xB619, 0xFFFF, 0xF7BE, 0xF7BF, 0xF7BF, 0xF7BF, 
    0xF7BF, 0xF7BF, 0xF7BF, 0xF7BF, 0xF7BF, 0xF7BF, 0xF7BF, 0xF7BF, 0xF7BF, 0xF7BF, 0xF7BF, 0xF7BF, 
    0xF7BF, 0xF7BF, 0xF7BF, 0xF7BE, 0xF7BF, 0xF7BF, 0xF7BF, 0xF7BF, 0xF7BF, 0xF7BF, 0xF7BF, 0xF7BF, 
    0xF7BF, 0xF7BF, 0xF7BF, 0xF7BF, 0xF7BF, 0xF7BF, 0xF7BE, 0xF7BE, 0xF7BF, 0xF7BF, 0xF7BF, 0xF7BF, 
    0xF7BF, 0xF7BF, 0xF7BE, 0xF7BE, 0xF7BF, 0xF7BF, 0xF7BF, 0xF7BF, 0xF7BF, 0xF7BF, 0xF7BF, 0xF7BF, 
    0xF7BF, 0xF7BF, 0xF7BF, 0xF7BF, 0xF7BF, 0xF7BF, 0xF7BE, 0xF7BE, 0xF7BE, 0xF7BE, 0xF7BE, 0xF7BF, 
    0xF7BF, 0xF7BF, 0xF7BF, 0xF7BF, 0xF7BE, 0xFFDF, 0xFFDF, 0xBE39, 0x7C33, 0x42AE, 0x21EC, 0x11CB, 
    0x09AB, 0x09AB, 0x09AB, 0x09AB, 0x09AB, 0x09AB, 0x09AB, 0x09AB, 0x11AB, 0x2A0C, 0x530F, 0x8CD5, 
    0xE75D, 0xF7BE, 0xF7BF, 0xF7BE, 0xF7BE, 0xF7BE, 0xF7BE, 0xF7BE, 0xF7BF, 0xF7BF, 0xF7BF, 0xF7BF, 
    0xF7BF, 0xF7BF, 0xF7BF, 0xF7BF, 0xF7BF, 0xF7BE, 0xF7BE, 0xF7BE, 0xF7BE, 0xF7BE, 0xF7BF, 0xF7BF, 
    0xF7BF, 0xF7BF, 0xF7BF, 0xF7BF, 0xF7BF, 0xF7BF, 0xF7BF, 0xF7BF, 0xF7BE, 0xF7BE, 0xF7BF, 0xF7BF, 
    0xF7BF, 0xF7BF, 0xF7BF, 0xF7BF, 0xF7BF, 0xF7BF, 0xF7BF, 0xF7BF, 0xF7BF, 0xF7BF, 0xF7BF, 0xF7BF, 
    0xF7BF, 0xF7BF, 0xF7BF, 0xF7BF, 0xF7BF, 0xF7BF, 0xF7BF, 0xF7BF, 0xF7BF, 0xF7BF, 0xF7BF, 0xF7DF, 
    0xF7DF, 0xF7DF, 0xF7BF, 0xF7BF, 0xF7BF, 0xF7BF, 0xF7BF, 0xF7BF, 0xF7BF, 0xF7BF, 0xFFDF, 0xF79E, 
    0x7C53, 0x19CB, 0x098A, 0x09AB, 0x09AB, 0x09AB, 0x42CE, 0xDF1D, 0xF7BE, 0xF7BF, 0xF7BF, 0xF7BF, 
    0xF7BF, 0xF7BF, 0xF7BF, 0xF7BF, 0xF7BF, 0xF7BF, 0xF7BF, 
    0xF7BF, 0xF7BF, 0xF7BF, 0xF7BF, 0xF7BF, 0xF7DF, 0xF7BF, 0xF7BF, 0xF7BE, 0xFFDF, 0xDF1C, 0x5BD2, 
    0x118A, 0x096A, 0x09CB, 0x09AA, 0x0128, 0x7C74, 0xD6FC, 0xFFDF, 0xF7BE, 0xF7BF, 0xF7BF, 0xF7BF, 
    0xF7BF, 0xF7BF, 0xF7BF, 0xF7BF, 0xF7BF, 0xF7BF, 0xF7BF, 0xF7BF, 0xF7BF, 0xF7BF, 0xF7BF, 0xF7BF, 
    0xF7BF, 0xF7BF, 0xF7BF, 0xF7BF, 0xF7BF, 0xF7BF, 0xF7BF, 0xF7BF, 0xF7BF, 0xF7BF, 0xF7BF, 0xF7BF, 
    0xF7BF, 0xF7BF, 0xF7BF, 0xF7BF, 0xF7BF, 0xF7BF, 0xF7BF, 0xF7BE, 0xF7BF, 0xF7BF, 0xF7BF, 0xF7BF, 
    0xF7BF, 0xF7BF, 0xF7BE, 0xF7BE, 0xF7BF, 0xF7BF, 0xF7BF, 0xF7BF, 0xF7BF, 0xF7BF, 0xF7BF, 0xF7BF, 
    0xF7BF, 0xF7BF, 0xF7BF, 0xF7BF, 0xF7BF, 0xF7BF, 0xF7BF, 0xF7BE, 0xF7BE, 0xF7BE, 0xF7BE, 0xF7BF, 
    0xF7BF, 0xF7BF, 0xF7BF, 0xF7BE, 0xFFDF, 0xEF7E, 0xC65A, 0x6390, 0x29EC, 0x096A, 0x098B, 0x09CC, 
    0x09EC, 0x09EC, 0x09EC, 0x09EC, 0x09EC, 0x09EC, 0x09EC, 0x09EC, 0x09AB, 0x096A, 0x118A, 0x324C, 
    0x8CB4, 0xD6DC, 0xF7BE, 0xF7BF, 0xF7BE, 0xF7BE, 0xF7BE, 0xF7BF, 0xF7BF, 0xF7BF, 0xF7BF, 0xF7BF, 
    0xF7BF, 0xF7BF, 0xF7BF, 0xF7BF, 0xF7BE, 0xF7BE, 0xF7BE, 0xF7BE, 0xF7BE, 0xF7BE, 0xF7BF, 0xF7BF, 
    0xF7BF, 0xF7BF, 0xF7BF, 0xF7BF, 0xF7BF, 0xF7BF, 0xF7BF, 0xF7BF, 0xF7BE, 0xF7BE, 0xF7BF, 0xF7BF, 
    0xF7BF, 0xF7BF, 0xF7BF, 0xF7BF, 0xF7BF, 0xF7BF, 0xF7BF, 0xF7BF, 0xF7BF, 0xF7BF, 0xF7BF, 0xF7BF, 
    0xF7BF, 0xF7BF, 0xF7BF, 0xF7BF, 0xF7BF, 0xF7BF, 0xF7BF, 0xF7BF, 0xF7BF, 0xF7BF, 0xF7DF, 0xF7DF, 
    0xF7DF, 0xF7DF, 0xF7BF, 0xF7BF, 0xF7BF, 0xF7BF, 0xF7BF, 0xF7BF, 0xF7BF, 0xF7BF, 0xF7BE, 0xFFDF, 
    0x9536, 0x328D, 0x0949, 0x09AB, 0x09CB, 0x098A, 0x2A0B, 0xAD98, 0xEF5D, 0xF7BF, 0xF79E, 0xF7BF, 
    0xF7BF, 0xF7BF, 0xF7BF, 0xF7BF, 0xF7BF, 0xF7BF, 0xF7BF, 
    0xF7BF, 0xF7DF, 0xF7DF, 0xF7BF, 0xF7BF, 0xF7BF, 0xF7BF, 0xF7BF, 0xF7BF, 0xFFDF, 0xCEBB, 0x326D, 
    0x096A, 0x098A, 0x09AB, 0x098A, 0x1189, 0x9D56, 0xEF9E, 0xF7DF, 0xF7BE, 0xF7BF, 0xF7BF, 0xF7BF, 
    0xF7BF, 0xF7BF, 0xF7BF, 0xF7BF, 0xF7BF, 0xF7BF, 0xF7BF, 0xF7BF, 0xF7BF, 0xF7BF, 0xF7BF, 0xF7BF, 
    0xF7BF, 0xF7BF, 0xF7BF, 0xF7BF, 0xF7BF, 0xF7BF, 0xF7BF, 0xF7BF, 0xF7BF, 0xF7BF, 0xF7BF, 0xF7BE, 
    0xF7BE, 0xF7BF, 0xF7BF, 0xF7BF, 0xF7BF, 0xF7BF, 0xF7BF, 0xF7BF, 0xF7BF, 0xF7BF, 0xF7BF, 0xF7BF, 
    0xF7BF, 0xF7BF, 0xF7BF, 0xF7BE, 0xF7BF, 0xF7BF, 0xF7BF, 0xF7BF, 0xF7BF, 0xF7BF, 0xF7BF, 0xF7BF, 
    0xF7BF, 0xF7BF, 0xF7BF, 0xF7BF, 0xF7BF, 0xF7BF, 0xF7BF, 0xF7BF, 0xF7BF, 0xF7BF, 0xF7BF, 0xF7BF, 
    0xF7BF, 0xF7BF, 0xF7BE, 0xF7BF, 0xF7BE, 0xCE7A, 0x5B50, 0x1929, 0x096A, 0x09EC, 0x09EC, 0x09EC, 
    0x09EC, 0x09CC, 0x09CC, 0x09CC, 0x09CC, 0x09CC, 0x09CB, 0x09CB, 0x09CB, 0x09EB, 0x09AA, 0x0949, 
    0x1169, 0x9515, 0xE73D, 0xFFDF, 0xF7BE, 0xF7BF, 0xF7BF, 0xF7BF, 0xF7BF, 0xF7BF, 0xF7BF, 0xF7BF, 
    0xF7BF, 0xF7BF, 0xF7BE, 0xF7BE, 0xF7BE, 0xF7BE, 0xF7BE, 0xF7BE, 0xF7BE, 0xF7BE, 0xF7BF, 0xF7BF, 
    0xF7BF, 0xF7BF, 0xF7BF, 0xF7BF, 0xF7BF, 0xF7BF, 0xF7BF, 0xF7BF, 0xF7BE, 0xF7BE, 0xF7BF, 0xF7BF, 
    0xF7BF, 0xF7BF, 0xF7BF, 0xF7BF, 0xF7BF, 0xF7BF, 0xF7BF, 0xF7BF, 0xF7BF, 0xF7BF, 0xF7BF, 0xF7BF, 
    0xF7BF, 0xF7BF, 0xF7BF, 0xF7BF, 0xF7BF, 0xF7BF, 0xF7BF, 0xF7BF, 0xF7BF, 0xF7BF, 0xF7DF, 0xF7BF, 
    0xF7BF, 0xF7BF, 0xF7BF, 0xF7BF, 0xF7BF, 0xF7BF, 0xF7BF, 0xF7BF, 0xF7DF, 0xF7BF, 0xF7BE, 0xFFFF, 
    0xBE19, 0x5B70, 0x0128, 0x09AA, 0x09CB, 0x0969, 0x1969, 0x6BD2, 0xDEFC, 0xF7BF, 0xF79E, 0xF7BF, 
    0xF7BF, 0xF7BF, 0xF7BF, 0xF7BF, 0xF7BF, 0xF7BF, 0xF7BF, 
    0xF7BF, 0xF7DF, 0xF7BF, 0xF7BF, 0xF7BF, 0xF7BF, 0xF7BF, 0xF7BF, 0xFFDF, 0xFFDF, 0xC65A, 0x118A, 
    0x098A, 0x09AB, 0x09AA, 0x096A, 0x2A4C, 0xB5F8, 0xFFDF, 0xF7DE, 0xF7BF, 0xF7BF, 0xF7BF, 0xF7BF, 
    0xF7BF, 0xF7BF, 0xF7BE, 0xF7BE, 0xF7BE, 0xF7BF, 0xF7BF, 0xF7BF, 0xF7BF, 0xF7BF, 0xF7BF, 0xF7BF, 
    0xF7BF, 0xF7BF, 0xF7BF, 0xF7BF, 0xF7BF, 0xF7BF, 0xF7BF, 0xF7BF, 0xF7BF, 0xF7BF, 0xF7BF, 0xF7BE, 
    0xF7BE, 0xF7BE, 0xF7BE, 0xF7BF, 0xF7BF, 0xF7BF, 0xF7BF, 0xF7BF, 0xF7BF, 0xF7BF, 0xF7BF, 0xF7BF, 
    0xF7BF, 0xF7BF, 0xF7BF, 0xF7BF, 0xF7BF, 0xF7BF, 0xF7BF, 0xF7BF, 0xF7BF, 0xF7BF, 0xF7BF, 0xF7BF, 
    0xF7BF, 0xF7BF, 0xF7BF, 0xF7BF, 0xF7BF, 0xF7BF, 0xF7BF, 0xF7BF, 0xF7BF, 0xF7BF, 0xF7BF, 0xF7BF, 
    0xF7BF, 0xF7BE, 0xF7BE, 0xFFDF, 0xD6DC, 0x8453, 0x08A7, 0x096A, 0x09CC, 0x09CC, 0x09CC, 0x09CC, 
    0x09CC, 0x09CC, 0x09CC, 0x09CB, 0x09CB, 0x09CB, 0x09CB, 0x09CB, 0x09AB, 0x09AB, 0x09CB, 0x09AA, 
    0x0107, 0x326C, 0x9D57, 0xFFDF, 0xF7BF, 0xF7BF, 0xF7BF, 0xF7BF, 0xF7BF, 0xF7BF, 0xF7BF, 0xF7BF, 
    0xF7BE, 0xF7BE, 0xF7BE, 0xF7BE, 0xF7BE, 0xF7BF, 0xF7BF, 0xF7BE, 0xF7BE, 0xF7BE, 0xF7BE, 0xF7BF, 
    0xF7BF, 0xF7BF, 0xF7BF, 0xF7BF, 0xF7BF, 0xF7BF, 0xF7BF, 0xF7BF, 0xF7BE, 0xF7BE, 0xF7BE, 0xF7BE, 
    0xF7BF, 0xF7BF, 0xF7BF, 0xF7BF, 0xF7BF, 0xF7BF, 0xF7BF, 0xF7BF, 0xF7BF, 0xF7BF, 0xF7BF, 0xF7BF, 
    0xF7BF, 0xF7BF, 0xF7BF, 0xF7BF, 0xF7BF, 0xF7BF, 0xF7BF, 0xF7BF, 0xF7BF, 0xF7BF, 0xF7BF, 0xF7BF, 
    0xF7BF, 0xF7BF, 0xF7BF, 0xF7BF, 0xF7BF, 0xF7BF, 0xF7BF, 0xF7DF, 0xF7DF, 0xF7BF, 0xF7BE, 0xFFDF, 
    0xE71D, 0x84B5, 0x0949, 0x09AB, 0x09CB, 0x096A, 0x116A, 0x4B30, 0xD6DC, 0xF7DF, 0xF7BE, 0xF7BF, 
    0xF7BF, 0xF7BF, 0xF7BF, 0xF7BF, 0xF7BF, 0xF7BF, 0xF7BF, 
    0xF7BF, 0xF7DF, 0xF7BF, 0xF7BF, 0xF7BF, 0xF7BF, 0xF7BF, 0xF7BE, 0xFFDF, 0xE73D, 0x9D36, 0x0908, 
    0x098A, 0x09CB, 0x09AA, 0x0948, 0x5350, 0xC67A, 0xFFDF, 0xF7BE, 0xF7BF, 0xF7BF, 0xF7BF, 0xF7BF, 
    0xF7BF, 0xF7BF, 0xF7BE, 0xF7BE, 0xF7BF, 0xF7BF, 0xF7BF, 0xF7BF, 0xF7BE, 0xF7BE, 0xF7BE, 0xF7BF, 
    0xF7BF, 0xF7BF, 0xF7BF, 0xF7BF, 0xF7BF, 0xF7BF, 0xF7BF, 0xF7BF, 0xF7BF, 0xF7BF, 0xF7BF, 0xF7BF, 
    0xF7BF, 0xF7BE, 0xF7BE, 0xF7BF, 0xF7BF, 0xF7BF, 0xF7BF, 0xF7BF, 0xF7BF, 0xF7BF, 0xF7BF, 0xF7BF, 
    0xF7BF, 0xF7BF, 0xF7BF, 0xF7BF, 0xF7BF, 0xF7BF, 0xF7BF, 0xF7BF, 0xF7BF, 0xF7BF, 0xF7BF, 0xF7BF, 
    0xF7BF, 0xF7BF, 0xF7BF, 0xF7BF, 0xF7BF, 0xF7BF, 0xF7BF, 0xF7BF, 0xF7BF, 0xF7BF, 0xF7BF, 0xF7BF, 
    0xF7BF, 0xF7BE, 0xF7BF, 0xF7BE, 0x9D36, 0x322C, 0x0109, 0x098B, 0x09AB, 0x09AB, 0x01AB, 0x09AB, 
    0x09AB, 0x09CB, 0x09CB, 0x09CB, 0x09CB, 0x09AB, 0x09AB, 0x09AB, 0x09AB, 0x09AB, 0x09AA, 0x09AA, 
    0x098A, 0x0949, 0x63B1, 0xCE9B, 0xFFDF, 0xF7BF, 0xF7BF, 0xF7BF, 0xF7BF, 0xF7BE, 0xF7BE, 0xF7BE, 
    0xF7BE, 0xF7BE, 0xF7BF, 0xF7BF, 0xF7BF, 0xF7BE, 0xF7BE, 0xF7BE, 0xF7BE, 0xF7BE, 0xF7BE, 0xF7BE, 
    0xF7BE, 0xF7BE, 0xF7BF, 0xF7BF, 0xF7BF, 0xF7BF, 0xF7BF, 0xF7BF, 0xF7BF, 0xF7BF, 0xF7BF, 0xF7BE, 
    0xF7BE, 0xF7BF, 0xF7BF, 0xF7BF, 0xF7BF, 0xF7BF, 0xF7BF, 0xF7BF, 0xF7BF, 0xF7BF, 0xF7BF, 0xF7BF, 
    0xF7BE, 0xF7BF, 0xF7BF, 0xF7BF, 0xF7BF, 0xF7BF, 0xF7BF, 0xF7BF, 0xF7BF, 0xF7BF, 0xF7BF, 0xF7BF, 
    0xF7BF, 0xF7BF, 0xF7BF, 0xF7BF, 0xF7BF, 0xF7BF, 0xF7BF, 0xF7DF, 0xF7DF, 0xF7DF, 0xF7BE, 0xFFBE, 
    0xF79E, 0xA577, 0x11AB, 0x096A, 0x09AB, 0x098B, 0x096A, 0x220C, 0xC67A, 0xF7BF, 0xF7BE, 0xF7BE, 
    0xF7BF, 0xF7BF, 0xF7BF, 0xF7BF, 0xF7BF, 0xF7BF, 0xF7BF, 
    0xF7BF, 0xF7DF, 0xF7BF, 0xF7BF, 0xF7BF, 0xF7BF, 0xF7BF, 0xF7BE, 0xFFFF, 0xCE7A, 0x6BF2, 0x0108, 
    0x09AA, 0x09CB, 0x098A, 0x1169, 0x84B5, 0xDEFC, 0xFFDF, 0xF7BE, 0xF7BF, 0xF7BF, 0xF7BF, 0xF7BF, 
    0xF7BF, 0xF7BF, 0xF7BF, 0xF7BF, 0xF7BF, 0xF7BF, 0xF7BF, 0xF7BE, 0xF7BE, 0xF7BE, 0xF7BE, 0xF7BF, 
    0xF7BF, 0xF7BF, 0xF7BF, 0xF7BF, 0xF7BF, 0xF7BF, 0xF7BF, 0xF7BF, 0xF7BF, 0xF7BF, 0xF7BF, 0xF7BF, 
    0xF7BF, 0xF7BF, 0xF7BF, 0xF7BF, 0xF7BF, 0xF7BF, 0xF7BF, 0xF7BF, 0xF7BF, 0xF7BF, 0xF7BF, 0xF7BF, 
    0xF7BF, 0xF7BF, 0xF7BF, 0xF7BF, 0xF7BF, 0xF7BF, 0xF7BF, 0xF7BF, 0xF7BF, 0xF7BF, 0xF7BF, 0xF7BF, 
    0xF7BF, 0xF7BF, 0xF7BF, 0xF7BF, 0xF7BF, 0xF7BF, 0xF7BF, 0xF7BF, 0xF7BF, 0xF7BF, 0xF7BF, 0xF7BF, 
    0xF7BF, 0xF7BE, 0xFFDF, 0xD6DB, 0x6BB1, 0x0908, 0x096B, 0x09AB, 0x09AB, 0x01AB, 0x01AB, 0x09AB, 
    0x09AB, 0x09AB, 0x09AB, 0x09AB, 0x09AB, 0x09AB, 0x09AB, 0x09AB, 0x09AB, 0x09AA, 0x09AA, 0x09AA, 
    0x09CB, 0x0128, 0x326C, 0x94F5, 0xFFFF, 0xF7BF, 0xF7BF, 0xF7BF, 0xF7BF, 0xF7BF, 0xF7BE, 0xF7BE, 
    0xF7BE, 0xF7BE, 0xF7BE, 0xF7BF, 0xF7BE, 0xF7BE, 0xF7BE, 0xF7BE, 0xF7BE, 0xF7BE, 0xF7BE, 0xF7BE, 
    0xF7BE, 0xF7BE, 0xF7BF, 0xF7BF, 0xF7BF, 0xF7BF, 0xF7BF, 0xF7BF, 0xF7BF, 0xF7BF, 0xF7BF, 0xF7BE, 
    0xF7BE, 0xF7BF, 0xF7BF, 0xF7BF, 0xF7BF, 0xF7BF, 0xF7BF, 0xF7BF, 0xF7BF, 0xF7BF, 0xF7BF, 0xF7BF, 
    0xF7BF, 0xF7BF, 0xF7BF, 0xF7BF, 0xF7BF, 0xF7BF, 0xF7BF, 0xF7BF, 0xF7BF, 0xF7BF, 0xF7BF, 0xF7BF, 
    0xF7BF, 0xF7BF, 0xF7BF, 0xF7BF, 0xF7BF, 0xF7BF, 0xF7BF, 0xF7BF, 0xF7DF, 0xF7DF, 0xF7BF, 0xF7BE, 
    0xFFDF, 0xB5F9, 0x2A6D, 0x096A, 0x09AB, 0x09AB, 0x098A, 0x0949, 0xADD9, 0xEF9E, 0xF7BF, 0xF7BE, 
    0xF7BF, 0xF7BF, 0xF7BF, 0xF7BF, 0xF7BF, 0xF7BF, 0xF7BF, 
    0xF7BF, 0xF7DF, 0xF7BF, 0xF7BF, 0xF7BF, 0xF7BF, 0xF7BE, 0xF7BE, 0xFFDF, 0xADB8, 0x3A8D, 0x0129, 
    0x09AA, 0x09CB, 0x098A, 0x19CA, 0xB5F9, 0xEF7E, 0xFFDF, 0xF7BE, 0xF7BF, 0xF7BF, 0xF7BF, 0xF7BF, 
    0xF7BF, 0xF7BF, 0xF7BF, 0xF7BF, 0xF7BF, 0xF7BE, 0xF7BE, 0xF7BE, 0xF7BE, 0xF7BF, 0xF7BF, 0xF7BF, 
    0xF7BF, 0xF7BF, 0xF7BF, 0xF7BF, 0xF7BF, 0xF7BF, 0xF7BF, 0xF7BF, 0xF7BF, 0xF7BF, 0xF7BF, 0xF7BF, 
    0xF7BF, 0xF7BF, 0xF7BF, 0xF7BF, 0xF7BF, 0xF7BF, 0xF7BF, 0xF7BF, 0xF7BF, 0xF7BF, 0xF7BF, 0xF7BF, 
    0xF7BF, 0xF7BF, 0xF7BF, 0xF7BF, 0xF7BF, 0xF7BF, 0xF7BF, 0xF7BF, 0xF7BF, 0xF7BF, 0xF7BF, 0xF7BF, 
    0xF7BF, 0xF7BF, 0xF7BF, 0xF7BF, 0xF7BF, 0xF7BF, 0xF7BF, 0xF7BF, 0xF7BF, 0xF7BF, 0xF7BF, 0xF7BF, 
    0xF7BE, 0xF7BE, 0xFFFF, 0xB5B8, 0x4AAE, 0x00C8, 0x09AB, 0x09AB, 0x01AB, 0x01AB, 0x01AB, 0x09AB, 
    0x09AB, 0x09AB, 0x09AB, 0x09AB, 0x09AB, 0x09AB, 0x09AB, 0x09AB, 0x09AB, 0x09AA, 0x09AA, 0x09AA, 
    0x09AA, 0x0169, 0x11AA, 0x5B90, 0xFFFF, 0xFFDF, 0xF7BF, 0xF7BF, 0xF7BF, 0xF7BF, 0xF7BF, 0xF7BF, 
    0xF7BF, 0xF7BF, 0xF7BE, 0xF7BE, 0xF7BE, 0xF7BE, 0xF7BE, 0xF7BE, 0xF7BE, 0xF7BE, 0xF7BE, 0xF7BE, 
    0xF7BE, 0xF7BE, 0xF7BF, 0xF7BF, 0xF7BF, 0xF7BF, 0xF7BF, 0xF7BF, 0xF7BF, 0xF7BF, 0xF7BF, 0xF7BF, 
    0xF7BF, 0xF7BF, 0xF7BF, 0xF7BF, 0xF7BF, 0xF7BF, 0xF7BF, 0xF7BF, 0xF7BF, 0xF7BF, 0xF7BF, 0xF7BF, 
    0xF7BF, 0xF7BF, 0xF7BF, 0xF7BF, 0xF7BF, 0xF7BF, 0xF7BF, 0xF7BF, 0xF7BF, 0xF7BF, 0xF7BF, 0xF7BF, 
    0xF7BF, 0xF7BF, 0xF7BF, 0xF7BF, 0xF7BF, 0xF7BF, 0xF7BF, 0xF7BF, 0xF7BF, 0xF7DF, 0xF7DF, 0xF7BE, 
    0xFFDF, 0xC67A, 0x4B50, 0x0949, 0x098A, 0x09CC, 0x09AB, 0x00C8, 0x8CD5, 0xDF1D, 0xFFDF, 0xF7BE, 
    0xF7BF, 0xF7BF, 0xF7BF, 0xF7BF, 0xF7BF, 0xF7BF, 0xF7BF, 
    0xF7BF, 0xF7BF, 0xF7BF, 0xF7DF, 0xF7BF, 0xF7BE, 0xF7BE, 0xFFDF, 0xF7BE, 0x94F5, 0x118A, 0x0169, 
    0x09AB, 0x09AA, 0x098A, 0x2A0B, 0xCEDB, 0xF7BF, 0xF7BF, 0xF7BE, 0xF7BF, 0xF7BF, 0xF7BF, 0xF7BF, 
    0xF7BF, 0xF7BF, 0xF7BF, 0xF7BF, 0xF7BF, 0xF7BE, 0xF7BE, 0xF7BE, 0xF7BE, 0xF7BF, 0xF7BF, 0xF7BF, 
    0xF7BF, 0xF7BF, 0xF7BF, 0xF7BE, 0xF7BE, 0xF7BE, 0xF7BE, 0xF7BF, 0xF7BF, 0xF7BF, 0xF7BF, 0xF7BF, 
    0xF7BF, 0xF7BF, 0xF7BF, 0xF7BF, 0xF7BF, 0xF7BF, 0xF7BF, 0xF7BF, 0xF7BF, 0xF7BF, 0xF7BF, 0xF7BF, 
    0xF7BF, 0xF7BE, 0xF7BE, 0xF7BE, 0xF7BF, 0xF7BF, 0xF7BF, 0xF7BF, 0xF7BF, 0xF7BF, 0xF7BF, 0xF7BF, 
    0xF7BF, 0xF7BF, 0xF7BF, 0xF7BF, 0xF7BF, 0xF7BF, 0xF7BF, 0xF7BF, 0xF7BF, 0xF7BF, 0xF7BF, 0xF7BF, 
    0xF7BE, 0xF7BE, 0xFFFF, 0x9D36, 0x3A4C, 0x00C8, 0x09AB, 0x098A, 0x018A, 0x018A, 0x01AA, 0x01AA, 
    0x01AA, 0x01AA, 0x09AA, 0x09AA, 0x09AA, 0x09AA, 0x09AA, 0x09AA, 0x09AA, 0x09AA, 0x09AA, 0x01AA, 
    0x01AA, 0x018A, 0x0969, 0x4AEE, 0xF7DF, 0xFFDF, 0xFFDF, 0xF7BF, 0xF7BF, 0xF7BF, 0xF7BF, 0xF7BF, 
    0xF7BF, 0xF7BF, 0xF7BF, 0xF7BF, 0xF7BF, 0xF7BF, 0xF7BF, 0xF7BF, 0xF7BF, 0xF7BF, 0xF7BF, 0xF7BF, 
    0xF7BF, 0xF7BE, 0xF7BF, 0xF7BF, 0xF7BF, 0xF7BF, 0xF7BF, 0xF7BF, 0xF7BF, 0xF7BF, 0xF7BF, 0xF7BF, 
    0xF7BF, 0xF7BF, 0xF7BF, 0xF7BF, 0xF7BF, 0xF7BF, 0xF7BF, 0xF7BF, 0xF7BF, 0xF7BF, 0xF7BF, 0xF7BF, 
    0xF7BF, 0xF7BF, 0xF7BF, 0xF7BF, 0xF7BF, 0xF7BF, 0xF7BF, 0xF7BF, 0xF7BF, 0xF7BF, 0xF7BF, 0xF7BF, 
    0xF7BF, 0xF7BF, 0xF7BF, 0xF7BF, 0xF7BF, 0xF7BF, 0xF7BF, 0xF7BF, 0xF7BF, 0xF7BF, 0xF7BF, 0xF7BE, 
    0xFFDF, 0xD6FC, 0x7C74, 0x1149, 0x096A, 0x09CC, 0x09AB, 0x00C8, 0x5B91, 0xC65A, 0xFFDF, 0xF79E, 
    0xF7BF, 0xF7BF, 0xF7BF, 0xF7BF, 0xF7BF, 0xF7BF, 0xF7BF, 
    0xF7BF, 0xF7BF, 0xF7BF, 0xF7BF, 0xF7BF, 0xF7BF, 0xF7BE, 0xFFDF, 0xEF5D, 0x8453, 0x0949, 0x098B, 
    0x09CB, 0x098A, 0x118A, 0x3AAD, 0xDF1C, 0xF7DF, 0xF7BE, 0xF7BF, 0xF7BF, 0xF7BF, 0xF7BF, 0xF7BF, 
    0xF7BF, 0xF7BF, 0xF7BF, 0xF7BE, 0xF7BF, 0xF7BE, 0xF7BF, 0xF7BE, 0xF7BE, 0xF7BE, 0xF7BF, 0xF7BF, 
    0xF7BF, 0xF7BF, 0xF7BF, 0xF7BE, 0xF7BE, 0xF7BE, 0xF7BE, 0xF7BF, 0xF7BF, 0xF7BE, 0xF7BE, 0xF7BF, 
    0xF7BF, 0xF7BF, 0xF7BF, 0xF7BF, 0xF7BF, 0xF7BF, 0xF7BF, 0xF7BF, 0xF7BF, 0xF7BF, 0xF7BF, 0xF7BF, 
    0xF7BF, 0xF7BF, 0xF7BE, 0xF7BE, 0xF7BF, 0xF7BF, 0xF7BF, 0xF7BF, 0xF7BF, 0xF7BF, 0xF7BF, 0xF7BF, 
    0xF7BF, 0xF7BF, 0xF7BF, 0xF7BF, 0xF7BF, 0xF7BF, 0xF7BF, 0xF7BF, 0xF7BF, 0xF7BF, 0xF7DF, 0xF7DF, 
    0xF7BE, 0xF7BE, 0xFFFF, 0x9D36, 0x3A6D, 0x00C8, 0x09AB, 0x018A, 0x018A, 0x018A, 0x018A, 0x018A, 
    0x018A, 0x018A, 0x098A, 0x098A, 0x098A, 0x098A, 0x098A, 0x098A, 0x098A, 0x098A, 0x098A, 0x018A, 
    0x018A, 0x018A, 0x0969, 0x4AEE, 0xF7DF, 0xFFFF, 0xFFDF, 0xF7DF, 0xF7DF, 0xF7BF, 0xF7BF, 0xF7BF, 
    0xF7BF, 0xF7BF, 0xF7BF, 0xF7BF, 0xF7BF, 0xF7BF, 0xF7BF, 0xF7BF, 0xF7BF, 0xF7BF, 0xF7BF, 0xF7BF, 
    0xF7BF, 0xF7BF, 0xF7BE, 0xF7BE, 0xF7BF, 0xF7BF, 0xF7BF, 0xF7BF, 0xF7BF, 0xF7BF, 0xF7BF, 0xF7BF, 
    0xF7BF, 0xF7BF, 0xF7BF, 0xF7BF, 0xF7BF, 0xF7BF, 0xF7BF, 0xF7BF, 0xF7BF, 0xF7BF, 0xF7BF, 0xF7BF, 
    0xF7BF, 0xF7BF, 0xF7BF, 0xF7BF, 0xF7BF, 0xF7BF, 0xF7BF, 0xF7BF, 0xF7BF, 0xF7BF, 0xF7BF, 0xF7BF, 
    0xF7BF, 0xF7BF, 0xF7BF, 0xF7BF, 0xF7BF, 0xF7BF, 0xF7BF, 0xF7BF, 0xF7BF, 0xF7BF, 0xF7BF, 0xF7BE, 
    0xFFDF, 0xEF9E, 0xBE39, 0x19EB, 0x098A, 0x09CC, 0x09AB, 0x0109, 0x42EF, 0xB5D8, 0xFFDF, 0xF79E, 
    0xF7BF, 0xF7BF, 0xF7BF, 0xF7BF, 0xF7BF, 0xF7BF, 0xF7BF, 
    0xF7BF, 0xF7BF, 0xF7BF, 0xF7BF, 0xF7BF, 0xF7BE, 0xF7BE, 0xFFFF, 0xDEDC, 0x6BF2, 0x0108, 0x01AB, 
    0x09CB, 0x0149, 0x19AA, 0x5B71, 0xE73D, 0xF7BE, 0xF7BE, 0xF7BF, 0xF7BF, 0xF7BF, 0xF7BF, 0xF7BF, 
    0xF7BF, 0xF7BF, 0xF7BE, 0xF7BE, 0xF7BE, 0xF7BF, 0xF7BF, 0xF7BF, 0xF7BF, 0xF7BF, 0xF7BF, 0xF7BF, 
    0xF7BE, 0xF7BE, 0xF7BF, 0xF7BF, 0xF7BF, 0xF7BF, 0xF7BF, 0xF7BF, 0xF7BE, 0xF7BE, 0xF7BF, 0xF7BF, 
    0xF7BF, 0xF7BF, 0xF7BF, 0xF7BE, 0xF7BF, 0xF7BF, 0xF7BF, 0xF7BF, 0xF7BF, 0xF7BF, 0xF7BF, 0xF7BF, 
    0xF7BF, 0xF7BF, 0xF7BF, 0xF7BE, 0xF7BF, 0xF7BF, 0xF7BF, 0xF7BF, 0xF7BF, 0xF7BF, 0xF7BF, 0xF7BF, 
    0xF7BF, 0xF7BF, 0xF7BF, 0xF7BF, 0xF7BF, 0xF7BF, 0xF7BF, 0xF7BF, 0xF7BF, 0xF7BF, 0xF7DF, 0xF7DF, 
    0xF7BE, 0xF7BE, 0xFFFF, 0x9D36, 0x3A4D, 0x00C8, 0x09AB, 0x018A, 0x018A, 0x018A, 0x018A, 0x018A, 
    0x018A, 0x018A, 0x018A, 0x018A, 0x018A, 0x018A, 0x018A, 0x018A, 0x098A, 0x098A, 0x018A, 0x018A, 
    0x018A, 0x018A, 0x0969, 0x4AEE, 0xFFDF, 0xFFFF, 0xFFDF, 0xFFDF, 0xF7DF, 0xF7BF, 0xF7BF, 0xF7BF, 
    0xF7BF, 0xF7BF, 0xF7BF, 0xF7BF, 0xF7BF, 0xF7BF, 0xF7BF, 0xF7BF, 0xF7BF, 0xF7BF, 0xF7BF, 0xF7BF, 
    0xF7BF, 0xF7BF, 0xF7BF, 0xF7BE, 0xF7BF, 0xF7BF, 0xF7BE, 0xF7BE, 0xF7BE, 0xF7BF, 0xF7BF, 0xF7BE, 
    0xF7BF, 0xF7BF, 0xF7BF, 0xF7BF, 0xF7BF, 0xF7BF, 0xF7BF, 0xF7BF, 0xF7BF, 0xF7BF, 0xF7BF, 0xF7BF, 
    0xF7BF, 0xF7BF, 0xF7BF, 0xF7BF, 0xF7BF, 0xF7BF, 0xF7BF, 0xF7BF, 0xF7BF, 0xF7BF, 0xF7BF, 0xF7BF, 
    0xF7BF, 0xF7BF, 0xF7BF, 0xF7BF, 0xF7BF, 0xF7BF, 0xF7BF, 0xF7BF, 0xF7BF, 0xF7BF, 0xF7BF, 0xF7BF, 
    0xF7BF, 0xF7BF, 0xDEFC, 0x326D, 0x098B, 0x09AB, 0x09CC, 0x012A, 0x2A2D, 0xA577, 0xFFDF, 0xF79E, 
    0xF7BF, 0xF7BF, 0xF7BF, 0xF7BF, 0xF7BF, 0xF7BF, 0xF7BF, 
    0xF7BF, 0xF7BF, 0xF7BF, 0xF7BF, 0xF7BF, 0xF7BE, 0xF79E, 0xFFFF, 0xC63A, 0x5B50, 0x0108, 0x01AB, 
    0x01CB, 0x0129, 0x29EB, 0x8CD5, 0xEF7E, 0xF7BE, 0xF79E, 0xF7BF, 0xF7BF, 0xF7BF, 0xF7BF, 0xF7BF, 
    0xF7BF, 0xF7BE, 0xF7BE, 0xF7BE, 0xF7BE, 0xF7BF, 0xF7BF, 0xF7BF, 0xF7BF, 0xF7BF, 0xF7BF, 0xF7BF, 
    0xF7BE, 0xF7BE, 0xF7BF, 0xF7BF, 0xF7BF, 0xF7BF, 0xF7BF, 0xF7BF, 0xF7BE, 0xF7BE, 0xF7BF, 0xF7BF, 
    0xF7BF, 0xF7BF, 0xF7BF, 0xF7BE, 0xF7BE, 0xF7BF, 0xF7BF, 0xF7BF, 0xF7BF, 0xF7BF, 0xF7BF, 0xF7BF, 
    0xF7BF, 0xF7BF, 0xF7BF, 0xF7BE, 0xF7BF, 0xF7BF, 0xF7BF, 0xF7BF, 0xF7BF, 0xF7BF, 0xF7BE, 0xF7BE, 
    0xF7BF, 0xF7BF, 0xF7BF, 0xF7BF, 0xF7BF, 0xF7BF, 0xF7BF, 0xF7BF, 0xF7BF, 0xF7BF, 0xF7DF, 0xFFDF, 
    0xF7BF, 0xF7BE, 0xFFFF, 0x9D36, 0x3A4C, 0x00C8, 0x09AB, 0x018A, 0x018A, 0x018A, 0x018A, 0x018A, 
    0x018A, 0x018A, 0x018A, 0x018A, 0x018A, 0x018A, 0x018A, 0x018A, 0x098A, 0x098A, 0x018A, 0x018A, 
    0x018A, 0x018A, 0x0969, 0x4B0E, 0xFFFF, 0xFFFF, 0xFFFF, 0xFFDF, 0xFFDF, 0xF7DF, 0xF7BF, 0xF7BF, 
    0xF7BF, 0xF7BF, 0xF7BF, 0xF7BF, 0xF7BF, 0xF7BF, 0xF7BF, 0xF7BF, 0xF7BF, 0xF7BF, 0xF7BF, 0xF7BF, 
    0xF7BF, 0xF7BF, 0xF7BF, 0xF7BE, 0xF7BE, 0xF7BE, 0xF7BE, 0xF7BE, 0xF7BE, 0xF7BE, 0xF7BF, 0xF7BE, 
    0xF7BF, 0xF7BF, 0xF7BF, 0xF7BF, 0xF7BF, 0xF7BF, 0xF7BF, 0xF7BF, 0xF7BF, 0xF7BF, 0xF7BF, 0xF7BF, 
    0xF7BF, 0xF7BF, 0xF7BF, 0xF7BF, 0xF7BF, 0xF7BF, 0xF7BF, 0xF7BF, 0xF7BF, 0xF7BF, 0xF7BF, 0xF7BF, 
    0xF7BF, 0xF7BF, 0xF7BF, 0xF7BF, 0xF7BF, 0xF7BF, 0xF7BF, 0xF7BF, 0xF7BF, 0xF7BF, 0xF7BF, 0xF7BF, 
    0xF7BF, 0xF7DF, 0xE73D, 0x42EF, 0x11AB, 0x098B, 0x09CC, 0x016A, 0x19CB, 0x9516, 0xF7DF, 0xF7BE, 
    0xF7BF, 0xF7BF, 0xF7BF, 0xF7BF, 0xF7BF, 0xF7BF, 0xF7BF, 
    0xF7DF, 0xF7DF, 0xF7BF, 0xF7BF, 0xF7BF, 0xF7BE, 0xF79E, 0xFFDF, 0x9D56, 0x3AAE, 0x0129, 0x09AB, 
    0x01AB, 0x0128, 0x3A6C, 0xC65A, 0xF7BE, 0xF7BF, 0xF7BE, 0xF7BF, 0xF7BF, 0xF7BF, 0xF7BF, 0xF7BF, 
    0xF7BF, 0xF7BF, 0xF7BF, 0xF7BF, 0xF7BE, 0xF7BF, 0xF7BF, 0xF7BF, 0xF7BF, 0xF7BF, 0xF7BF, 0xF7BF, 
    0xF7BF, 0xF7BF, 0xF7BF, 0xF7BF, 0xF7BF, 0xF7BF, 0xF7BF, 0xF7BF, 0xF7BE, 0xF7BE, 0xF7BF, 0xF7BF, 
    0xF7BF, 0xF7BF, 0xF7BF, 0xF7BE, 0xF7BE, 0xF7BE, 0xF7BE, 0xF7BF, 0xF7BF, 0xF7BF, 0xF7BF, 0xF7BF, 
    0xF7BF, 0xF7BF, 0xF7BF, 0xF7BF, 0xF7BE, 0xF7BF, 0xF7BF, 0xF7BF, 0xF7BF, 0xF7BE, 0xF7BE, 0xF7BE, 
    0xF7BF, 0xF7BF, 0xF7BF, 0xF7BF, 0xF7BF, 0xF7BF, 0xF7BF, 0xF7BF, 0xF7BF, 0xF7BF, 0xF7DF, 0xFFDF, 
    0xF7BF, 0xF7BE, 0xFFFF, 0x9D16, 0x3A4C, 0x00E8, 0x09AB, 0x018A, 0x018A, 0x018A, 0x018A, 0x018A, 
    0x018A, 0x018A, 0x018A, 0x098A, 0x018A, 0x018A, 0x018A, 0x098A, 0x098A, 0x098A, 0x098A, 0x018A, 
    0x098A, 0x018A, 0x0969, 0x4B0E, 0xFFFF, 0xFFFF, 0xFFFF, 0xFFDF, 0xFFDF, 0xF7DF, 0xF7DF, 0xF7DF, 
    0xF7BF, 0xF7BF, 0xF7BF, 0xF7BF, 0xF7BF, 0xF7BF, 0xF7BF, 0xF7BF, 0xF7BF, 0xF7BF, 0xF7BF, 0xF7BF, 
    0xF7BF, 0xF7BF, 0xF7BF, 0xF7BE, 0xF7BE, 0xF7BE, 0xF7BE, 0xF7BE, 0xF7BE, 0xF7BF, 0xF7BF, 0xF7BF, 
    0xF7BF, 0xF7BF, 0xF7BF, 0xF7BF, 0xF7BF, 0xF7BF, 0xF7BF, 0xF7BF, 0xF7BF, 0xF7BF, 0xF7BF, 0xF7BF, 
    0xF7BF, 0xF7BF, 0xF7BF, 0xF7BF, 0xF7BF, 0xF7BF, 0xF7BF, 0xF7BF, 0xF7BF, 0xF7BF, 0xF7BF, 0xF7BF, 
    0xF7BF, 0xF7BF, 0xF7BF, 0xF7BF, 0xF7BF, 0xF7BF, 0xF7BF, 0xF7BF, 0xF7BF, 0xF7BF, 0xF7BF, 0xF7DF, 
    0xF7BF, 0xF7DF, 0xE75D, 0x5350, 0x19CB, 0x098B, 0x09CC, 0x098B, 0x118A, 0x8CD5, 0xF7BE, 0xF7BF, 
    0xF7BF, 0xF7BF, 0xF7BF, 0xF7BF, 0xF7BF, 0xF7BF, 0xF7BF, 
    0xF7DF, 0xF7BF, 0xF7BF, 0xF7BF, 0xF7BF, 0xF7BE, 0xF7BE, 0xFFDF, 0x8474, 0x220C, 0x0129, 0x09CB, 
    0x01AB, 0x0129, 0x4AEE, 0xE73D, 0xF7BE, 0xF7BE, 0xF7BE, 0xF7BF, 0xF7BF, 0xF7BF, 0xF7BF, 0xF7BF, 
    0xF7BF, 0xF7BF, 0xF7BF, 0xF7BF, 0xF7BF, 0xF7BF, 0xF7BF, 0xF7BF, 0xF7BF, 0xF7BF, 0xF7BF, 0xF7BF, 
    0xF7BE, 0xF7BF, 0xF7BF, 0xF7BF, 0xF7BF, 0xF7BF, 0xF7BF, 0xF7BF, 0xF7BE, 0xF7BE, 0xF7BF, 0xF7BF, 
    0xF7BF, 0xF7BF, 0xF7BF, 0xF7BF, 0xF7BE, 0xF7BE, 0xF7BF, 0xF7BE, 0xF7BF, 0xF7BF, 0xF7BF, 0xF7BF, 
    0xF7BF, 0xF7BF, 0xF7BF, 0xF7BF, 0xF7BE, 0xF7BF, 0xF7BF, 0xF7BF, 0xF7BE, 0xF7BF, 0xF7BE, 0xF7BE, 
    0xF7BF, 0xF7BF, 0xF7BF, 0xF7BF, 0xF7BF, 0xF7BF, 0xF7BF, 0xF7BF, 0xF7BF, 0xF7BF, 0xF7DF, 0xFFDF, 
    0xF7BF, 0xF7BE, 0xFFFF, 0x9D16, 0x3A4C, 0x00E8, 0x09AB, 0x018A, 0x018A, 0x018A, 0x018A, 0x018A, 
    0x018A, 0x018A, 0x018A, 0x098A, 0x018A, 0x018A, 0x018A, 0x098A, 0x098A, 0x018A, 0x018A, 0x018A, 
    0x01AA, 0x018A, 0x0969, 0x4B0E, 0xFFFF, 0xFFFF, 0xFFFF, 0xFFDF, 0xFFDF, 0xF7DF, 0xF7DF, 0xF7DF, 
    0xF7BF, 0xF7BF, 0xF7BF, 0xF7BF, 0xF7BF, 0xF7BE, 0xF7BE, 0xF7BE, 0xF7BE, 0xF7BE, 0xF7BE, 0xF7BF, 
    0xF7BF, 0xF7BF, 0xF7BE, 0xF7BF, 0xF7BE, 0xF7BE, 0xF7BE, 0xF7BF, 0xF7BF, 0xF7BF, 0xF7BF, 0xF7BF, 
    0xF7BF, 0xF7BF, 0xF7BF, 0xF7BF, 0xF7BF, 0xF7BF, 0xF7BF, 0xF7BF, 0xF7BF, 0xF7BF, 0xF7BF, 0xF7BF, 
    0xF7BF, 0xF7BF, 0xF7BF, 0xF7BF, 0xF7BF, 0xF7BF, 0xF7BF, 0xF7BF, 0xF7BF, 0xF7BF, 0xF7BF, 0xF7BF, 
    0xF7BF, 0xF7BF, 0xF7BF, 0xF7BF, 0xF7BF, 0xF7BF, 0xF7BF, 0xF7BF, 0xF7BF, 0xF7BF, 0xF7BF, 0xF7DF, 
    0xF7BF, 0xF7BF, 0xEF5D, 0x63D2, 0x19CC, 0x096B, 0x09CC, 0x09AC, 0x0908, 0x7C12, 0xE73D, 0xFFDF, 
    0xF7BF, 0xF7BF, 0xF7BF, 0xF7BF, 0xF7BF, 0xF7BF, 0xF7BF, 
    0xF7BF, 0xF7BF, 0xF7BF, 0xF7BF, 0xF7BF, 0xF7BF, 0xF7BE, 0xFFDF, 0x7432, 0x19CB, 0x014A, 0x09CC, 
    0x018A, 0x118A, 0x5B90, 0xF7BE, 0xF7BE, 0xF7BE, 0xF7BE, 0xF7BF, 0xF7BF, 0xF7BF, 0xF7BF, 0xF7BF, 
    0xF7BF, 0xF7BF, 0xF7BF, 0xF7BF, 0xF7BE, 0xF7BF, 0xF7BF, 0xF7BF, 0xF7BF, 0xF7BF, 0xF7BF, 0xF7BF, 
    0xF7BF, 0xF7BF, 0xF7BF, 0xF7BF, 0xF7BF, 0xF7BF, 0xF7BE, 0xF7BE, 0xF7BE, 0xF7BF, 0xF7BF, 0xF7BF, 
    0xF7BF, 0xF7BF, 0xF7BF, 0xF7BF, 0xF7BF, 0xF7BF, 0xF7BF, 0xF7BF, 0xF7BF, 0xF7BF, 0xF7BF, 0xF7BF, 
    0xF7BF, 0xF7BF, 0xF7BF, 0xF7BF, 0xF7BF, 0xF7BF, 0xF7BF, 0xF7BF, 0xF7BF, 0xF7BF, 0xF7BF, 0xF7BF, 
    0xF7BF, 0xF7BF, 0xF7BF, 0xF7BF, 0xF7BF, 0xF7BF, 0xF7BF, 0xF7BF, 0xF7BF, 0xF7BF, 0xF7DF, 0xFFDF, 
    0xF7BF, 0xF7BE, 0xFFFF, 0x9D16, 0x3A4C, 0x00E8, 0x09AB, 0x098A, 0x018A, 0x018A, 0x018A, 0x018A, 
    0x018A, 0x018A, 0x018A, 0x098A, 0x018A, 0x018A, 0x018A, 0x098A, 0x098A, 0x018A, 0x018A, 0x018A, 
    0x018A, 0x018A, 0x0969, 0x4B0E, 0xFFFF, 0xFFFF, 0xFFFF, 0xFFDF, 0xFFDF, 0xF7DF, 0xF7DF, 0xF7DF, 
    0xF7BF, 0xF7BF, 0xF7BF, 0xF7BF, 0xF7BF, 0xF7BF, 0xF7BE, 0xF7BE, 0xF7BE, 0xF7BF, 0xF7BE, 0xF7BF, 
    0xF7BF, 0xF7BE, 0xF7BE, 0xF7BF, 0xF7BE, 0xF7BE, 0xF7BF, 0xF7BF, 0xF7BF, 0xF7BF, 0xF7BF, 0xF7BF, 
    0xF7BF, 0xF7BF, 0xF7BF, 0xF7BF, 0xF7BF, 0xF7BF, 0xF7BF, 0xF7BF, 0xF7BF, 0xF7BF, 0xF7BF, 0xF7BF, 
    0xF7BF, 0xF7BF, 0xF7BF, 0xF7BF, 0xF7BF, 0xF7BF, 0xF7BF, 0xF7BF, 0xF7BF, 0xF7BF, 0xF7BF, 0xF7BF, 
    0xF7BF, 0xF7BF, 0xF7BF, 0xF7BF, 0xF7BF, 0xF7BF, 0xF7BF, 0xF7BF, 0xF7BF, 0xF7BF, 0xF7BF, 0xF7DF, 
    0xF7BE, 0xF7BF, 0xF79E, 0x9D36, 0x326D, 0x096A, 0x09CC, 0x09ED, 0x0109, 0x6BD1, 0xD6DC, 0xFFFF, 
    0xF7BF, 0xF7BF, 0xF7BF, 0xF7BF, 0xF7BF, 0xF7BF, 0xF7BF, 
    0xF7BF, 0xF7BF, 0xF7BF, 0xF7BF, 0xF7BF, 0xF7BF, 0xFFBF, 0xFFDF, 0x6BD1, 0x11AA, 0x016A, 0x09CC, 
    0x016A, 0x19CB, 0x6C12, 0xFFDF, 0xF7BE, 0xF79E, 0xF7BE, 0xF7BF, 0xF7BF, 0xF7BF, 0xF7BF, 0xF7BF, 
    0xF7BF, 0xF7BF, 0xF7BF, 0xF7BE, 0xF7BE, 0xF7BF, 0xF7BF, 0xF7BF, 0xF7BF, 0xF7BF, 0xF7BF, 0xF7BF, 
    0xF7BF, 0xF7BF, 0xF7BF, 0xF7BF, 0xF7BF, 0xF7BF, 0xF7BE, 0xF7BE, 0xF7BF, 0xF7BF, 0xF7BF, 0xF7BF, 
    0xF7BF, 0xF7BF, 0xF7BF, 0xF7BF, 0xF7BF, 0xF7BF, 0xF7BF, 0xF7BF, 0xF7BF, 0xF7BF, 0xF7BF, 0xF7BF, 
    0xF7BF, 0xF7BF, 0xF7BF, 0xF7BF, 0xF7BF, 0xF7BF, 0xF7BF, 0xF7BF, 0xF7BF, 0xF7BF, 0xF7BF, 0xF7BF, 
    0xF7BF, 0xF7BF, 0xF7BF, 0xF7BF, 0xF7BF, 0xF7BF, 0xF7BF, 0xF7BF, 0xF7BF, 0xF7BF, 0xF7DF, 0xFFDF, 
    0xF7BF, 0xF7BE, 0xFFFF, 0x9D16, 0x3A4C, 0x00E8, 0x09AB, 0x098A, 0x018A, 0x018A, 0x018A, 0x018A, 
    0x018A, 0x018A, 0x018A, 0x098A, 0x098A, 0x018A, 0x098A, 0x098A, 0x098A, 0x018A, 0x018A, 0x018A, 
    0x018A, 0x018A, 0x0969, 0x4AEE, 0xFFDF, 0xFFFF, 0xFFFF, 0xFFDF, 0xF7DF, 0xF7DF, 0xF7DF, 0xF7DF, 
    0xF7BF, 0xF7BF, 0xF7BF, 0xF7BF, 0xF7BF, 0xF7BF, 0xF7BE, 0xF7BE, 0xF7BE, 0xF7BF, 0xF7BE, 0xF7BF, 
    0xF7BF, 0xF7BE, 0xF7BE, 0xF7BF, 0xF7BF, 0xF7BF, 0xF7BF, 0xF7BF, 0xF7BF, 0xF7BF, 0xF7BF, 0xF7BF, 
    0xF7BF, 0xF7BF, 0xF7BF, 0xF7BF, 0xF7BF, 0xF7BF, 0xF7BF, 0xF7BF, 0xF7BF, 0xF7BF, 0xF7BF, 0xF7BF, 
    0xF7BF, 0xF7BF, 0xF7BF, 0xF7BF, 0xF7BF, 0xF7BF, 0xF7BF, 0xF7BF, 0xF7BF, 0xF7BF, 0xF7BF, 0xF7BF, 
    0xF7BF, 0xF7BF, 0xF7BF, 0xF7BF, 0xF7BF, 0xF7BF, 0xF7BF, 0xF7BF, 0xF7BF, 0xF7BF, 0xF7BF, 0xF7BF, 
    0xF7BE, 0xF7BF, 0xF7BF, 0xC67A, 0x42CF, 0x096A, 0x09CC, 0x0A0D, 0x0129, 0x5B70, 0xC65A, 0xFFFF, 
    0xF7BE, 0xF7BF, 0xF7BF, 0xF7BF, 0xF7BF, 0xF7BF, 0xF7BF, 
    0xF7BF, 0xF7BF, 0xF7BF, 0xF7BF, 0xF7BF, 0xF7BF, 0xFFDF, 0xF79E, 0x5B70, 0x098A, 0x018B, 0x09EC, 
    0x0149, 0x21EC, 0x7C53, 0xFFDF, 0xF79E, 0xF79E, 0xF7BF, 0xF7BF, 0xF7BF, 0xF7BF, 0xF7BF, 0xF7BF, 
    0xF7BF, 0xF7BF, 0xF7BF, 0xF7BE, 0xF7BE, 0xF7BF, 0xF7BF, 0xF7BF, 0xF7BF, 0xF7BF, 0xF7BE, 0xF7BF, 
    0xF7BF, 0xF7BE, 0xF7BF, 0xF7BF, 0xF7BF, 0xF7BF, 0xF7BF, 0xF7BF, 0xF7BF, 0xF7BF, 0xF7BF, 0xF7BF, 
    0xF7BF, 0xF7BF, 0xF7BF, 0xF7BF, 0xF7BF, 0xF7BF, 0xF7BF, 0xF7BF, 0xF7BF, 0xF7BF, 0xF7BF, 0xF7BF, 
    0xF7BF, 0xF7BF, 0xF7BF, 0xF7BF, 0xF7BF, 0xF7BF, 0xF7BF, 0xF7BF, 0xF7BF, 0xF7BF, 0xF7BF, 0xF7BF, 
    0xF7BF, 0xF7BF, 0xF7BF, 0xF7BF, 0xF7BF, 0xF7BF, 0xF7BF, 0xF7DF, 0xF7DF, 0xF7DF, 0xF7BF, 0xFFDF, 
    0xF7BF, 0xF7BE, 0xFFDF, 0x9CF6, 0x3A2C, 0x00C8, 0x09AB, 0x098A, 0x018A, 0x018A, 0x018A, 0x018A, 
    0x018A, 0x018A, 0x018A, 0x098A, 0x098A, 0x098A, 0x098A, 0x098A, 0x018A, 0x018A, 0x018A, 0x018A, 
    0x018A, 0x018A, 0x0149, 0x4AEE, 0xFFDF, 0xFFFF, 0xFFDF, 0xF7DF, 0xF7DF, 0xF7DF, 0xF7DF, 0xF7DF, 
    0xF7BF, 0xF7BF, 0xF7BF, 0xF7BF, 0xF7BF, 0xF7BF, 0xF7BE, 0xF7BE, 0xF7BE, 0xF7BF, 0xF7BF, 0xF7BF, 
    0xF7BF, 0xF7BE, 0xF7BF, 0xF7BF, 0xF7BF, 0xF7BF, 0xF7BF, 0xF7BF, 0xF7BF, 0xF7BF, 0xF7BF, 0xF7BF, 
    0xF7BF, 0xF7BE, 0xF7BE, 0xF7BF, 0xF7BF, 0xF7BF, 0xF7BF, 0xF7BF, 0xF7BF, 0xF7BF, 0xF7BF, 0xF7BF, 
    0xF7BE, 0xF7BF, 0xF7BF, 0xF7BF, 0xF7BF, 0xF7BF, 0xF7BF, 0xF7BF, 0xF7BE, 0xF7BF, 0xF7BF, 0xF7BF, 
    0xF7BF, 0xF7BF, 0xF7BF, 0xF7BF, 0xF7BF, 0xF7BF, 0xF7BF, 0xF7BF, 0xF7BF, 0xF7BF, 0xF7BF, 0xF7BF, 
    0xF7BE, 0xF7BF, 0xFFDF, 0xE73D, 0x4B0F, 0x096A, 0x09CC, 0x0A0D, 0x0129, 0x4B0F, 0xB5F9, 0xFFFF, 
    0xF7BE, 0xF7BE, 0xF7BF, 0xF7BF, 0xF7BF, 0xF7BF, 0xF7BF, 
    0xF7BF, 0xF7BF, 0xF7BF, 0xF7BF, 0xF7BF, 0xFFDF, 0xFFDF, 0xE73D, 0x532F, 0x098A, 0x09AB, 0x09EC, 
    0x0149, 0x2A4D, 0x8CD5, 0xFFFF, 0xF7BE, 0xF7BE, 0xF7BF, 0xF7BF, 0xF7BF, 0xF7BF, 0xF7BF, 0xF7BF, 
    0xF7BF, 0xF7BF, 0xF7BF, 0xF7BF, 0xF7BE, 0xF7BF, 0xF7BF, 0xF7BF, 0xF7BF, 0xF7BF, 0xF7BF, 0xF7BE, 
    0xF7BE, 0xF7BF, 0xF7BF, 0xF7BF, 0xF7BF, 0xF7BF, 0xF7BF, 0xF7BF, 0xF7BF, 0xF7BF, 0xF7BF, 0xF7BF, 
    0xF7BF, 0xF7BF, 0xF7BF, 0xF7BF, 0xF7BF, 0xF7BF, 0xF7BF, 0xF7BF, 0xF7BF, 0xF7BF, 0xF7BF, 0xF7BF, 
    0xF7BF, 0xF7BF, 0xF7BF, 0xF7BF, 0xF7BF, 0xF7BF, 0xF7BF, 0xF7BF, 0xF7BF, 0xF7BF, 0xF7BF, 0xF7BF, 
    0xF7BF, 0xF7BF, 0xF7BF, 0xF7BF, 0xF7BF, 0xF7BF, 0xF7BF, 0xF7DF, 0xF7DF, 0xF7DF, 0xF7BF, 0xFFDF, 
    0xF7BF, 0xF79E, 0xFFDF, 0x94F5, 0x3A2C, 0x00C8, 0x09AB, 0x098A, 0x018A, 0x018A, 0x018A, 0x018A, 
    0x018A, 0x018A, 0x01AA, 0x09AA, 0x09AA, 0x09AA, 0x09AA, 0x09AB, 0x098B, 0x01AA, 0x01AA, 0x018A, 
    0x018A, 0x018A, 0x0149, 0x4AEE, 0xF7DF, 0xFFFF, 0xFFDF, 0xF7BF, 0xF7BF, 0xF7DF, 0xF7DF, 0xF7DF, 
    0xF7BF, 0xF7BF, 0xF7BF, 0xF7BF, 0xF7BF, 0xF7BE, 0xF7BE, 0xF7BE, 0xF7BE, 0xF7BF, 0xF7BF, 0xF7BF, 
    0xF7BF, 0xF7BF, 0xF7BF, 0xF7BF, 0xF7BF, 0xF7BF, 0xF7BF, 0xF7BF, 0xF7BF, 0xF7BF, 0xF7BF, 0xF7BF, 
    0xF7BE, 0xF7BE, 0xF7BE, 0xF7BF, 0xF7BF, 0xF7BF, 0xF7BF, 0xF7BF, 0xF7BF, 0xF7BF, 0xF7BF, 0xF7BF, 
    0xF7BF, 0xF7BF, 0xF7BF, 0xF7BF, 0xF7BF, 0xF7BF, 0xF7BF, 0xF7BF, 0xF7BF, 0xF7BF, 0xF7BF, 0xF7BF, 
    0xF7BF, 0xF7BF, 0xF7BF, 0xF7BF, 0xF7BF, 0xF7BF, 0xF7BF, 0xF7DF, 0xF7DF, 0xF7BF, 0xF7BF, 0xF7BF, 
    0xF7BE, 0xF7DF, 0xFFDF, 0xF79E, 0x5350, 0x098A, 0x09EC, 0x0A2E, 0x014A, 0x4B10, 0xADD9, 0xFFFF, 
    0xF7BE, 0xF7BF, 0xFFDF, 0xF7BF, 0xF7BF, 0xF7BF, 0xF7BF, 
    0xF7BF, 0xF7BF, 0xF7BF, 0xF7BF, 0xF7BF, 0xF7DF, 0xF7BF, 0xCE9B, 0x42CE, 0x096A, 0x09CC, 0x09EC, 
    0x0129, 0x3A8D, 0x9D36, 0xFFFF, 0xF7BE, 0xF7BE, 0xF7BF, 0xF7BF, 0xF7BF, 0xF7BF, 0xF7BF, 0xF7BF, 
    0xF7BF, 0xF7BF, 0xF7BF, 0xF7BF, 0xF7BF, 0xF7BF, 0xF7BF, 0xF7BF, 0xF7BF, 0xF7BF, 0xF7BF, 0xF7BF, 
    0xF7BF, 0xF7BF, 0xF7BF, 0xF7BF, 0xF7BF, 0xF7BF, 0xF7BF, 0xF7BF, 0xF7BF, 0xF7BF, 0xF7BF, 0xF7BF, 
    0xF7BF, 0xF7BF, 0xF7BF, 0xF7BE, 0xF7BE, 0xF7BE, 0xF7BE, 0xF7BE, 0xF7BF, 0xF7BF, 0xF7BE, 0xF7BF, 
    0xF7BF, 0xF7BF, 0xF7BF, 0xF7BF, 0xF7BF, 0xF7BF, 0xF7BF, 0xF7BF, 0xF7BF, 0xF7BF, 0xF7BF, 0xF7BF, 
    0xF7BF, 0xF7BF, 0xF7BF, 0xF7BF, 0xF7BF, 0xF7BF, 0xF7BF, 0xF7BF, 0xF7BF, 0xF7DF, 0xF7BF, 0xFFDF, 
    0xF7BF, 0xF79E, 0xFFDF, 0x94D5, 0x3A2C, 0x00C7, 0x09AB, 0x098A, 0x018A, 0x018A, 0x01AA, 0x01AA, 
    0x01AA, 0x01AA, 0x09AB, 0x09AB, 0x09AB, 0x09AB, 0x09AB, 0x09AB, 0x09AB, 0x01AB, 0x01AB, 0x01AA, 
    0x018A, 0x018A, 0x0149, 0x42EE, 0xF7BF, 0xFFDF, 0xFFDF, 0xF7BF, 0xF7BF, 0xF7BF, 0xF7BF, 0xF7BF, 
    0xF7BF, 0xF7BF, 0xF7BF, 0xF7BF, 0xF7BF, 0xF7BF, 0xF7BE, 0xF7BE, 0xF7BE, 0xF7BF, 0xF7BF, 0xF7BF, 
    0xF7BF, 0xF7BF, 0xF7BF, 0xF7BF, 0xF7BF, 0xF7BF, 0xF7BF, 0xF7BF, 0xF7BE, 0xF7BF, 0xF7BF, 0xF7BE, 
    0xF7BF, 0xF7BE, 0xF7BE, 0xF7BF, 0xF7BF, 0xF7BF, 0xF7BF, 0xF7BF, 0xF7BF, 0xF7BF, 0xF7BF, 0xF7BF, 
    0xF7BF, 0xF7BF, 0xF7BF, 0xF7BF, 0xF7BF, 0xF7BF, 0xF7BF, 0xF7BF, 0xF7BF, 0xF7BF, 0xF7BF, 0xF7BF, 
    0xF7BF, 0xF7BF, 0xF7BF, 0xF7BF, 0xF7DF, 0xF7DF, 0xF7DF, 0xF7DF, 0xF7DF, 0xF7BF, 0xF7BF, 0xF7BF, 
    0xF7BE, 0xF7BF, 0xFFDF, 0xF7BE, 0x5B91, 0x098A, 0x09CC, 0x0A2E, 0x014B, 0x3AAF, 0x9557, 0xFFFF, 
    0xF7DF, 0xF7DF, 0xFFDF, 0xF7BF, 0xF7BF, 0xF7BF, 0xF7BF, 
    0xF7BF, 0xF7BF, 0xF7BF, 0xF7BF, 0xF7BE, 0xF7DF, 0xF7BE, 0xBE19, 0x3A8E, 0x016A, 0x09EC, 0x09EC, 
    0x0129, 0x4B0F, 0xB5D9, 0xFFFF, 0xF7BE, 0xF7BE, 0xF7BF, 0xF7BF, 0xF7BF, 0xF7BF, 0xF7BF, 0xF7BF, 
    0xF7BF, 0xF7BF, 0xF7BF, 0xF7BF, 0xF7BF, 0xF7BF, 0xF7BE, 0xF7BF, 0xF7BF, 0xF7BF, 0xF7BF, 0xF7BF, 
    0xF7BF, 0xF7BF, 0xF7BF, 0xF7BF, 0xF7BF, 0xF7BF, 0xF7BF, 0xF7BF, 0xF7BF, 0xF7BF, 0xF7BF, 0xF7BF, 
    0xF7BF, 0xF7BF, 0xF7BF, 0xF7BE, 0xF7BE, 0xF7BE, 0xF7BE, 0xF7BE, 0xF7BF, 0xF7BF, 0xF7BF, 0xF7BF, 
    0xF7BF, 0xF7BF, 0xF7BF, 0xF7BF, 0xF7BF, 0xF7BF, 0xF7BF, 0xF7BF, 0xF7BF, 0xF7BF, 0xF7BF, 0xF7BF, 
    0xF7BF, 0xF7BF, 0xF7BF, 0xF7BF, 0xF7BF, 0xF7BF, 0xF7BF, 0xF7BF, 0xF7BF, 0xF7BF, 0xF7BF, 0xF7DF, 
    0xF7BF, 0xF79E, 0xFFDF, 0x94D5, 0x3A0C, 0x00C7, 0x09AB, 0x098A, 0x018A, 0x018A, 0x01AB, 0x01AB, 
    0x09AB, 0x09AB, 0x09AB, 0x09AB, 0x09AB, 0x09AB, 0x09AB, 0x09AB, 0x09AB, 0x01AB, 0x01AB, 0x01AB, 
    0x01AB, 0x018A, 0x0149, 0x42CD, 0xF7DF, 0xFFDF, 0xF7DF, 0xF7BF, 0xF7BF, 0xF7BF, 0xF7BF, 0xF7BF, 
    0xF7BF, 0xF7BF, 0xF7BF, 0xF7BF, 0xF7BF, 0xF7BF, 0xF7BF, 0xF7BF, 0xF7BF, 0xF7BF, 0xF7BF, 0xF7BF, 
    0xF7BF, 0xF7BF, 0xF7BF, 0xF7BF, 0xF7BF, 0xF7BF, 0xF7BF, 0xF7BF, 0xF7BF, 0xF7BF, 0xF7BF, 0xF7BE, 
    0xF7BE, 0xF7BE, 0xF7BF, 0xF7BF, 0xF7BF, 0xF7BF, 0xF7BF, 0xF7BF, 0xF7BF, 0xF7BF, 0xF7BF, 0xF7BF, 
    0xF7BF, 0xF7BF, 0xF7BF, 0xF7BF, 0xF7BF, 0xF7BF, 0xF7BF, 0xF7BF, 0xF7BF, 0xF7BF, 0xF7BF, 0xF7BF, 
    0xF7BF, 0xF7BF, 0xF7BF, 0xF7DF, 0xF7DF, 0xF7DF, 0xF7DF, 0xF7DF, 0xF7DF, 0xF7BF, 0xF7BF, 0xF7BF, 
    0xF7BF, 0xF7BF, 0xFFDF, 0xFFDF, 0x6BF2, 0x11CB, 0x09AC, 0x0A2E, 0x016B, 0x2A4D, 0x8495, 0xFFFF, 
    0xFFDF, 0xFFDF, 0xFFDF, 0xF7BF, 0xF7BF, 0xF7BF, 0xF7BF, 
    0xF7BF, 0xF7BF, 0xF7BF, 0xF7BF, 0xF7BE, 0xF7DF, 0xF7BE, 0xAD98, 0x326D, 0x016A, 0x09EC, 0x09EC, 
    0x0128, 0x6391, 0xCE7B, 0xFFFF, 0xF7BE, 0xF7BF, 0xF7BF, 0xF7BF, 0xF7BF, 0xF7BF, 0xF7BF, 0xF7BF, 
    0xF7BF, 0xF7BF, 0xF7BF, 0xF7BF, 0xF7BF, 0xF7BE, 0xF7BE, 0xF7BE, 0xF7BF, 0xF7BF, 0xF7BF, 0xF7BF, 
    0xF7BF, 0xF7BF, 0xF7BF, 0xF7BF, 0xF7BF, 0xF7BF, 0xF7BF, 0xF7BF, 0xF7BF, 0xF7BF, 0xF7BF, 0xF7BF, 
    0xF7BF, 0xF7BF, 0xF7BF, 0xF7BE, 0xF7BE, 0xF7BE, 0xF7BE, 0xF7BE, 0xF7BF, 0xF7BF, 0xF7BF, 0xF7BF, 
    0xF7BF, 0xF7BF, 0xF7BF, 0xF7BF, 0xF7BF, 0xF7BF, 0xF7BF, 0xF7BF, 0xF7BF, 0xF7BF, 0xF7BF, 0xF7BF, 
    0xF7BF, 0xF7BF, 0xF7BF, 0xF7BF, 0xF7BF, 0xF7BF, 0xF7BF, 0xF7BF, 0xF7BF, 0xF7BF, 0xF7BF, 0xF7BF, 
    0xF7BE, 0xF79E, 0xFFDF, 0x94D5, 0x3A0C, 0x00C7, 0x09AB, 0x098A, 0x018A, 0x01AA, 0x01AB, 0x09AB, 
    0x09AB, 0x09AB, 0x09AB, 0x09AB, 0x09AB, 0x09AB, 0x09AB, 0x09AB, 0x09AB, 0x01AB, 0x01AB, 0x01AB, 
    0x01AB, 0x018A, 0x0149, 0x42ED, 0xF7DF, 0xFFDF, 0xF7DF, 0xF7BF, 0xF7BF, 0xF7BF, 0xF7BF, 0xF7BF, 
    0xF7BF, 0xF7BF, 0xF7BF, 0xF7BF, 0xF7BF, 0xF7BF, 0xF7BF, 0xF7BF, 0xF7BF, 0xF7BF, 0xF7BF, 0xF7BF, 
    0xF7BF, 0xF7BF, 0xF7BF, 0xF7BF, 0xF7BF, 0xF7BF, 0xF7BF, 0xF7BF, 0xF7BF, 0xF7BF, 0xF7BF, 0xF7BE, 
    0xF7BE, 0xF7BF, 0xF7BF, 0xF7BF, 0xF7BF, 0xF7BF, 0xF7BF, 0xF7BF, 0xF7BF, 0xF7BF, 0xF7BF, 0xF7BF, 
    0xF7BF, 0xF7BF, 0xF7BF, 0xF7BF, 0xF7BF, 0xF7BF, 0xF7BF, 0xF7BF, 0xF7BE, 0xF7BF, 0xF7BF, 0xF7BF, 
    0xF7BF, 0xF7BF, 0xF7BF, 0xF7BF, 0xF7DF, 0xF7DF, 0xF7DF, 0xF7DF, 0xF7DF, 0xF7BF, 0xF7BF, 0xF7BF, 
    0xF7BF, 0xF7BF, 0xFFDF, 0xFFFF, 0x7453, 0x19EC, 0x098B, 0x0A2E, 0x018C, 0x19EC, 0x6C12, 0xFFFF, 
    0xFFDF, 0xFFDF, 0xFFDF, 0xF7DF, 0xF7BF, 0xF7BF, 0xF7BF, 
    0xF7BF, 0xF7BF, 0xF7BF, 0xF7BF, 0xF7BE, 0xF7DF, 0xF79E, 0x9D36, 0x324D, 0x016A, 0x09EC, 0x09EC, 
    0x0128, 0x7412, 0xDF1D, 0xFFFF, 0xF7BE, 0xF7BE, 0xF7BF, 0xF7BF, 0xF7BF, 0xF7BF, 0xF7BF, 0xF7BF, 
    0xF7BF, 0xF7BF, 0xF7BF, 0xF7BF, 0xF7BF, 0xF7BE, 0xF7BE, 0xF7BE, 0xF7BE, 0xF7BF, 0xF7BF, 0xF7BF, 
    0xF7BF, 0xF7BF, 0xF7BF, 0xF7BF, 0xF7BF, 0xF7BF, 0xF7BF, 0xF7BF, 0xF7BF, 0xF7BE, 0xF7BE, 0xF7BE, 
    0xF7BE, 0xF7BE, 0xF7BE, 0xF7BF, 0xF7BE, 0xF7BE, 0xF7BE, 0xF7BE, 0xF7BF, 0xF7BF, 0xF7BF, 0xF7BF, 
    0xF7BF, 0xF7BF, 0xF7BF, 0xF7BF, 0xF7BF, 0xF7BF, 0xF7BF, 0xF7BF, 0xF7BF, 0xF7BF, 0xF7BF, 0xF7BF, 
    0xF7BF, 0xF7BF, 0xF7BF, 0xF7BF, 0xF7BF, 0xF7BF, 0xF7BF, 0xF7BF, 0xF7BF, 0xF7BF, 0xF7BF, 0xF7BF, 
    0xF7BE, 0xF79E, 0xFFDF, 0x94F5, 0x3A2C, 0x00C7, 0x09CB, 0x09AB, 0x01AA, 0x01AA, 0x01AB, 0x09AB, 
    0x09AB, 0x09AB, 0x09AB, 0x09AB, 0x09AB, 0x09AB, 0x01CB, 0x01CB, 0x09AB, 0x01AB, 0x01AB, 0x01AB, 
    0x01AB, 0x018A, 0x0149, 0x42ED, 0xF7DF, 0xFFDF, 0xF7DF, 0xF7BF, 0xF7BE, 0xF7BF, 0xF7BF, 0xF7BF, 
    0xF7BF, 0xF7BF, 0xF7BF, 0xF7BF, 0xF7BF, 0xF7BE, 0xF7BF, 0xF7BF, 0xF7BF, 0xF7BF, 0xF7BF, 0xF7BF, 
    0xF7BF, 0xF7BF, 0xF7BF, 0xF7BF, 0xF7BF, 0xF7BF, 0xF7BF, 0xF7BF, 0xF7BF, 0xF7BF, 0xF7BE, 0xF7BE, 
    0xF7BE, 0xF7BF, 0xF7BF, 0xF7BF, 0xF7BF, 0xF7BF, 0xF7BF, 0xF7BF, 0xF7BF, 0xF7BF, 0xF7BF, 0xF7BF, 
    0xF7BF, 0xF7BF, 0xF7BF, 0xF7BF, 0xF7BF, 0xF7BE, 0xF7BF, 0xF7BF, 0xF7BF, 0xF7BF, 0xF7BF, 0xF7BF, 
    0xF7BF, 0xF7BF, 0xF7BF, 0xF7BF, 0xF7BF, 0xF7BF, 0xF7BF, 0xF7DF, 0xF7DF, 0xF7BF, 0xF7BF, 0xF7BF, 
    0xF7BF, 0xF7BF, 0xFFBF, 0xFFFF, 0x7C94, 0x222D, 0x016B, 0x0A0E, 0x01AC, 0x098B, 0x5B91, 0xFFFF, 
    0xFFDF, 0xFFDF, 0xFFDF, 0xF7DF, 0xF7BF, 0xF7BF, 0xF7BF, 
    0xF7BF, 0xF7BF, 0xF7BF, 0xF7DF, 0xF7BE, 0xF7DF, 0xEF9E, 0x9516, 0x2A4D, 0x018A, 0x09EC, 0x09CC, 
    0x0948, 0x7C73, 0xEF7E, 0xFFDF, 0xF7BF, 0xF7BF, 0xF7BF, 0xF7BF, 0xF7BF, 0xF7BF, 0xF7BF, 0xF7BF, 
    0xF7BF, 0xF7BF, 0xF7BF, 0xF7BF, 0xF7BE, 0xF7BE, 0xF7BE, 0xF7BE, 0xF7BE, 0xF7BF, 0xF7BF, 0xF7BF, 
    0xF7BF, 0xF7BF, 0xF7BF, 0xF7BF, 0xF7BF, 0xF7BF, 0xF7BF, 0xF7BF, 0xF7BF, 0xF7BF, 0xF7BF, 0xF7BE, 
    0xF7BE, 0xF7BE, 0xF7BE, 0xF7BF, 0xF7BE, 0xF7BE, 0xF7BE, 0xF7BE, 0xF7BF, 0xF7BF, 0xF7BF, 0xF7BF, 
    0xF7BF, 0xF7BF, 0xF7BF, 0xF7BF, 0xF7BF, 0xF7BF, 0xF7BF, 0xF7BF, 0xF7BF, 0xF7BF, 0xF7BF, 0xF7BF, 
    0xF7BF, 0xF7BF, 0xF7DF, 0xF7BF, 0xF7BF, 0xF7BF, 0xF7BF, 0xF7BF, 0xF7BF, 0xF7BF, 0xF7BF, 0xF7BF, 
    0xF7BE, 0xF79E, 0xFFDF, 0x94F5, 0x3A2C, 0x00C8, 0x09CB, 0x09AB, 0x09AA, 0x01AA, 0x01AB, 0x09AB, 
    0x01AB, 0x09AB, 0x09AB, 0x09AB, 0x09AB, 0x09AB, 0x09AB, 0x09CB, 0x09CB, 0x01AB, 0x01AB, 0x01AB, 
    0x01AB, 0x018A, 0x0149, 0x42EE, 0xF7DF, 0xFFDF, 0xF7DF, 0xF7BF, 0xF7BF, 0xF7BF, 0xF7BF, 0xF7BF, 
    0xF7BF, 0xF7BF, 0xF7BF, 0xF7BF, 0xF7BF, 0xF7BE, 0xF7BF, 0xF7BF, 0xF7BF, 0xF7BF, 0xF7BF, 0xF7BF, 
    0xF7BF, 0xF7BF, 0xF7BF, 0xF7BF, 0xF7BF, 0xF7BF, 0xF7BF, 0xF7BF, 0xF7BF, 0xF7BF, 0xF7BF, 0xF7BF, 
    0xF7BE, 0xF7BF, 0xF7BF, 0xF7BF, 0xF7BF, 0xF7BF, 0xF7BF, 0xF7BF, 0xF7BF, 0xF7BF, 0xF7BF, 0xF7BF, 
    0xF7BF, 0xF7BF, 0xF7BF, 0xF7BF, 0xF7BF, 0xF7BF, 0xF7BF, 0xF7BF, 0xF7BF, 0xF7BF, 0xF7BF, 0xF7BF, 
    0xF7BF, 0xF7BF, 0xF7BF, 0xF7BF, 0xF7BF, 0xF7BF, 0xF7BF, 0xF7DF, 0xF7DF, 0xF7BF, 0xF7BF, 0xF7DF, 
    0xF7DF, 0xF7BF, 0xF7BE, 0xFFFF, 0x8D16, 0x328E, 0x014A, 0x0A0D, 0x01AC, 0x098A, 0x5370, 0xFFFF, 
    0xFFDF, 0xFFDF, 0xFFDF, 0xF7DF, 0xF7DF, 0xF7BF, 0xF7BF, 
    0xF7BF, 0xF7BF, 0xF7BF, 0xF7DF, 0xF7BE, 0xF7DF, 0xEF7E, 0x84B5, 0x2A2D, 0x018B, 0x09EC, 0x09CC, 
    0x0949, 0x8494, 0xEF9E, 0xFFDF, 0xF7BF, 0xF7BF, 0xF7BF, 0xF7BF, 0xF7BF, 0xF7BF, 0xF7BF, 0xF7BF, 
    0xF7BF, 0xF7BF, 0xF7BF, 0xF7BF, 0xF7BF, 0xF7BF, 0xF7BE, 0xF7BE, 0xF7BE, 0xF7BE, 0xF7BE, 0xF7BE, 
    0xF7BF, 0xF7BF, 0xF7BF, 0xF7BF, 0xF7BF, 0xF7BF, 0xF7BF, 0xF7BF, 0xF7BF, 0xF7BF, 0xF7BF, 0xF7BF, 
    0xF7BE, 0xF7BE, 0xF7BF, 0xF7BF, 0xF7BF, 0xF7BF, 0xF7BF, 0xF7BF, 0xF7BF, 0xF7BF, 0xF7BF, 0xF7BF, 
    0xF7BF, 0xF7BF, 0xF7BF, 0xF7BF, 0xF7BF, 0xF7BF, 0xF7BF, 0xF7BF, 0xF7BF, 0xF7BF, 0xF7BF, 0xF7BF, 
    0xF7BF, 0xF7BF, 0xF7BF, 0xF7BF, 0xF7BF, 0xF7BF, 0xF7BF, 0xF7BF, 0xF7BF, 0xF7BF, 0xF7BF, 0xF7BF, 
    0xF7BE, 0xF7BE, 0xFFDF, 0x94F6, 0x3A2C, 0x00C8, 0x09CB, 0x09AB, 0x09AB, 0x01AB, 0x01AB, 0x01AB, 
    0x01AB, 0x01AB, 0x09AB, 0x09AB, 0x09AB, 0x09AB, 0x09AB, 0x09AB, 0x09AB, 0x01CB, 0x01AB, 0x01AB, 
    0x01AB, 0x018A, 0x0149, 0x4AEE, 0xFFDF, 0xFFDF, 0xF7DF, 0xF7BF, 0xF7BF, 0xF7BF, 0xF7BF, 0xF7BF, 
    0xF7BF, 0xF7BF, 0xF7BF, 0xF7BF, 0xF7BF, 0xF7BF, 0xF7BF, 0xF7BF, 0xF7BF, 0xF7BF, 0xF7BF, 0xF7BF, 
    0xF7BF, 0xF7BF, 0xF7BF, 0xF7BF, 0xF7BF, 0xF7BF, 0xF7BF, 0xF7BF, 0xF7BF, 0xF7BF, 0xF7BF, 0xF7BF, 
    0xF7BE, 0xF7BE, 0xF7BE, 0xF7BE, 0xF7BE, 0xF7BF, 0xF7BF, 0xF7BF, 0xF7BF, 0xF7BF, 0xF7BF, 0xF7BF, 
    0xF7BF, 0xF7BF, 0xF7BF, 0xF7BF, 0xF7BF, 0xF7BF, 0xF7BF, 0xF7BF, 0xF7BF, 0xF7BF, 0xF7BF, 0xF7BF, 
    0xF7BF, 0xF7BF, 0xF7BF, 0xF7BF, 0xF7BF, 0xF7BF, 0xF7BF, 0xF7BF, 0xF7BF, 0xF7BF, 0xF7BF, 0xF7BF, 
    0xF7DF, 0xF7BE, 0xF7BE, 0xFFFF, 0x9D57, 0x3AAE, 0x012A, 0x09ED, 0x01AC, 0x096A, 0x5350, 0xFFFF, 
    0xFFDF, 0xFFDF, 0xFFDF, 0xF7BF, 0xF7DF, 0xF7BF, 0xF7BF, 
    0xF7BF, 0xF7BF, 0xF7BF, 0xF7DF, 0xF7BE, 0xFFDF, 0xEF7E, 0x7C74, 0x222C, 0x018B, 0x09EC, 0x09CB, 
    0x0949, 0x8CB4, 0xF7BF, 0xFFDF, 0xF7BF, 0xF7BE, 0xF7BF, 0xF7BF, 0xF7BF, 0xF7BF, 0xF7BF, 0xF7BF, 
    0xF7BF, 0xF7BF, 0xF7BF, 0xF7BF, 0xF7BF, 0xF7BF, 0xF7BF, 0xF7BE, 0xF7BE, 0xF7BE, 0xF7BE, 0xF7BE, 
    0xF7BE, 0xF7BF, 0xF7BF, 0xF7BF, 0xF7BF, 0xF7BF, 0xF7BF, 0xF7BF, 0xF7BF, 0xF7BF, 0xF7BF, 0xF7BF, 
    0xF7BF, 0xF7BF, 0xF7BF, 0xF7BF, 0xF7BF, 0xF7BF, 0xF7BF, 0xF7BF, 0xF7BF, 0xF7BF, 0xF7BF, 0xF7BF, 
    0xF7BF, 0xF7BF, 0xF7BF, 0xF7BF, 0xF7BF, 0xF7BF, 0xF7BF, 0xF7BF, 0xF7BF, 0xF7BF, 0xF7BF, 0xF7BF, 
    0xF7BF, 0xF7BF, 0xF7BF, 0xF7BF, 0xF7BF, 0xF7BF, 0xF7BF, 0xF7BF, 0xF7BF, 0xF7BF, 0xF7BF, 0xF7DF, 
    0xF7BF, 0xF7BE, 0xFFDF, 0x9D16, 0x3A4C, 0x00C8, 0x09CC, 0x09AB, 0x09AB, 0x01AA, 0x01AA, 0x01AA, 
    0x01AA, 0x09AA, 0x09AB, 0x09AA, 0x09AB, 0x09AB, 0x09AB, 0x09AB, 0x09AB, 0x01AB, 0x01AB, 0x01AB, 
    0x01AB, 0x018A, 0x0149, 0x4AEE, 0xFFDF, 0xFFFF, 0xFFDF, 0xF7BF, 0xF7BF, 0xF7BF, 0xF7BF, 0xF7BF, 
    0xF7BF, 0xF7BF, 0xF7BF, 0xF7BF, 0xF7BF, 0xF7BF, 0xF7BF, 0xF7BF, 0xF7BF, 0xF7BF, 0xF7BF, 0xF7BF, 
    0xF7BF, 0xF7BF, 0xF7BF, 0xF7BF, 0xF7BF, 0xF7BF, 0xF7BF, 0xF7BF, 0xF7BF, 0xF7BF, 0xF7BF, 0xF7BF, 
    0xF7BF, 0xF7BE, 0xF7BE, 0xF7BE, 0xF7BE, 0xF7BE, 0xF7BF, 0xF7BF, 0xF7BF, 0xF7BF, 0xF7BF, 0xF7BF, 
    0xF7BF, 0xF7BF, 0xF7BF, 0xF7BF, 0xF7BF, 0xF7BF, 0xF7BF, 0xF7BF, 0xF7BF, 0xF7BF, 0xF7BF, 0xF7BF, 
    0xF7BF, 0xF7BF, 0xF7BF, 0xF7BF, 0xF7BF, 0xF7BF, 0xF7BF, 0xF7BF, 0xF7BF, 0xF7BF, 0xF7BF, 0xF7BF, 
    0xF7BF, 0xF7BE, 0xF79E, 0xFFDF, 0x9D57, 0x3AAE, 0x012A, 0x09ED, 0x01AC, 0x016A, 0x532F, 0xFFFF, 
    0xFFDF, 0xFFDF, 0xF7DF, 0xF7BF, 0xF7DF, 0xF7BF, 0xF7BF, 
    0xF7BF, 0xF7BF, 0xF7BF, 0xF7DF, 0xF7BE, 0xFFDF, 0xEF7E, 0x7433, 0x220C, 0x018B, 0x09EC, 0x01AB, 
    0x0969, 0x8CD5, 0xF7DF, 0xFFDF, 0xF7BF, 0xF7BE, 0xF7BE, 0xF7BF, 0xF7BF, 0xF7BF, 0xF7BF, 0xF7BF, 
    0xF7BF, 0xF7BF, 0xF7BF, 0xF7BF, 0xF7BF, 0xF7BF, 0xF7BF, 0xF7BF, 0xF7BF, 0xF7BF, 0xF7BE, 0xF7BE, 
    0xF7BE, 0xF7BF, 0xF7BF, 0xF7BF, 0xF7BF, 0xF7BF, 0xF7BF, 0xF7BF, 0xF7BF, 0xF7BF, 0xF7BF, 0xF7BF, 
    0xF7BF, 0xF7BF, 0xF7BF, 0xF7BF, 0xF7BF, 0xF7BF, 0xF7BF, 0xF7BF, 0xF7BF, 0xF7BF, 0xF7BF, 0xF7BF, 
    0xF7BF, 0xF7BF, 0xF7BF, 0xF7BF, 0xF7BF, 0xF7BF, 0xF7BF, 0xF7BF, 0xF7BF, 0xF7BF, 0xF7BE, 0xF7BE, 
    0xF7BF, 0xF7BF, 0xF7BF, 0xF7BF, 0xF7BF, 0xF7BF, 0xF7BF, 0xF7BF, 0xF7BF, 0xF7BF, 0xF7BF, 0xFFDF, 
    0xF7BF, 0xF7BE, 0xFFFF, 0x9D36, 0x3A4D, 0x00E8, 0x11CC, 0x09AB, 0x09AB, 0x01AA, 0x01AA, 0x09AA, 
    0x09AA, 0x098A, 0x098A, 0x0169, 0x098A, 0x098A, 0x09AA, 0x09AB, 0x01AB, 0x01AA, 0x01AA, 0x01AA, 
    0x01AB, 0x018A, 0x0149, 0x4AEE, 0xFFDF, 0xFFFF, 0xFFDF, 0xF7BF, 0xF7BF, 0xF7BF, 0xF7BF, 0xF7BF, 
    0xF7BF, 0xF7BF, 0xF7BF, 0xF7BF, 0xF7BF, 0xF7BF, 0xF7BF, 0xF7BF, 0xF7BF, 0xF7BF, 0xF7BF, 0xF7BF, 
    0xF7BF, 0xF7BF, 0xF7BF, 0xF7BF, 0xF7BF, 0xF7BF, 0xF7BF, 0xF7BF, 0xF7BF, 0xF7BF, 0xF7BE, 0xF7BF, 
    0xF7BF, 0xF7BE, 0xF7BE, 0xF7BE, 0xF7BE, 0xF7BE, 0xF7BE, 0xF7BF, 0xF7BF, 0xF7BF, 0xF7BF, 0xF7BF, 
    0xF7BF, 0xF7BF, 0xF7BF, 0xF7BF, 0xF7BF, 0xF7BF, 0xF7BF, 0xF7BF, 0xF7BF, 0xF7BF, 0xF7BF, 0xF7BF, 
    0xF7BF, 0xF7BF, 0xF7BF, 0xF7BF, 0xF7BF, 0xF7BF, 0xF7BF, 0xF7BF, 0xF7BF, 0xF7BF, 0xF7BF, 0xF7BF, 
    0xF7BF, 0xF7BE, 0xF79E, 0xFFDF, 0x9D77, 0x42CE, 0x0129, 0x09EC, 0x01AC, 0x014A, 0x532F, 0xFFDF, 
    0xFFDF, 0xFFDF, 0xF7BF, 0xF7BF, 0xF7BF, 0xF7BF, 0xF7BF, 
    0xF7BF, 0xF7BF, 0xF7BF, 0xF7BF, 0xF7BE, 0xF7BF, 0xEF5D, 0x6C13, 0x21EC, 0x018A, 0x09EC, 0x01AB, 
    0x0969, 0x8CD5, 0xF7DF, 0xFFDF, 0xF7BF, 0xF7BE, 0xF7BE, 0xF7BF, 0xF7BF, 0xF7BF, 0xF7BF, 0xF7BF, 
    0xF7BE, 0xF7BF, 0xF7BF, 0xF7BF, 0xF7BF, 0xF7BF, 0xF7BF, 0xF7BF, 0xF7BE, 0xF7BE, 0xF7BE, 0xF7BE, 
    0xF7BE, 0xF7BF, 0xF7BF, 0xF7BF, 0xF7BF, 0xF7BF, 0xF7BF, 0xF7BF, 0xF7BF, 0xF7BF, 0xF7BF, 0xF7BF, 
    0xF7BF, 0xF7BF, 0xF7BF, 0xF7BF, 0xF7BF, 0xF7BF, 0xF7BF, 0xF7BF, 0xF7BF, 0xF7BF, 0xF7BF, 0xF7BE, 
    0xF7BE, 0xF7BE, 0xF7BE, 0xF7BE, 0xF7BF, 0xF7BF, 0xF7BF, 0xF7BF, 0xF7BF, 0xF7BF, 0xF7BE, 0xF7BE, 
    0xF7BF, 0xF7BF, 0xF7BF, 0xF7BF, 0xF7BF, 0xF7BF, 0xF7BF, 0xF7BF, 0xF7BF, 0xF7BF, 0xF7BF, 0xFFDF, 
    0xF7DF, 0xF7DF, 0xFFFF, 0x9D36, 0x3A4D, 0x00E8, 0x11CC, 0x09AB, 0x098A, 0x018A, 0x098A, 0x09AA, 
    0x0149, 0x0107, 0x00C6, 0x00C6, 0x00C7, 0x00E7, 0x0128, 0x098B, 0x09AB, 0x01AA, 0x018A, 0x018A, 
    0x01AB, 0x018A, 0x0149, 0x4B0E, 0xFFFF, 0xFFFF, 0xFFDF, 0xF7DF, 0xF7BF, 0xF7BF, 0xF7BF, 0xF7BF, 
    0xF7BF, 0xF7BF, 0xF7BF, 0xF7BF, 0xF7BF, 0xF7BF, 0xF7BF, 0xF7BF, 0xF7BF, 0xF7BF, 0xF7BF, 0xF7BF, 
    0xF7BF, 0xF7BF, 0xF7BF, 0xF7BF, 0xF7BF, 0xF7BF, 0xF7BF, 0xF7BF, 0xF7BF, 0xF7BF, 0xF7BF, 0xF7BE, 
    0xF7BF, 0xF7BE, 0xF7BE, 0xF7BE, 0xF7BF, 0xF7BF, 0xF7BF, 0xF7BE, 0xF7BE, 0xF7BF, 0xF7BF, 0xF7BF, 
    0xF7BF, 0xF7BF, 0xF7BF, 0xF7BF, 0xF7BF, 0xF7BF, 0xF7BF, 0xF7BF, 0xF7BF, 0xF7BF, 0xF7BF, 0xF7BF, 
    0xF7BF, 0xF7BF, 0xF7BF, 0xF7BF, 0xF7BF, 0xF7BF, 0xF7BF, 0xF7BF, 0xF7BF, 0xF7BF, 0xF7BF, 0xF7BF, 
    0xF7BE, 0xF7BE, 0xF79E, 0xFFDF, 0x9D57, 0x3AAE, 0x0109, 0x09CC, 0x01AB, 0x0149, 0x530F, 0xFFDF, 
    0xFFDF, 0xFFDF, 0xF7BF, 0xF7BF, 0xF7BF, 0xF7BF, 0xF7BF, 
    0xF7BF, 0xF7BF, 0xF7BF, 0xF7BF, 0xF7BE, 0xF7BF, 0xE75D, 0x6BF2, 0x21EB, 0x018A, 0x09EC, 0x01AB, 
    0x0969, 0x8CD5, 0xF7DF, 0xFFDF, 0xF7BF, 0xF7BE, 0xF7BE, 0xF7BF, 0xF7BF, 0xF7BF, 0xF7BF, 0xF7BF, 
    0xF7BE, 0xF7BF, 0xF7BF, 0xF7BF, 0xF7BF, 0xF7BF, 0xF7BF, 0xF7BF, 0xF7BE, 0xF7BE, 0xF7BE, 0xF7BE, 
    0xF7BE, 0xF7BF, 0xF7BF, 0xF7BF, 0xF7BF, 0xF7BF, 0xF7BF, 0xF7BF, 0xF7BF, 0xF7BF, 0xF7BF, 0xF7BF, 
    0xF7BF, 0xF7BF, 0xF7BF, 0xF7BF, 0xF7BF, 0xF7BF, 0xF7BF, 0xF7BF, 0xF7BF, 0xF7BF, 0xF7BF, 0xF7BF, 
    0xF7BE, 0xF7BE, 0xF7BE, 0xF7BE, 0xF7BF, 0xF7BF, 0xF7BF, 0xF7BF, 0xF7BF, 0xF7BF, 0xF7BE, 0xF7BE, 
    0xF7BE, 0xF7BF, 0xF7BF, 0xF7BF, 0xF7BF, 0xF7BF, 0xF7DF, 0xF7DF, 0xF7BF, 0xF7BF, 0xF7BF, 0xFFDF, 
    0xFFDF, 0xF7DF, 0xFFFF, 0x9D36, 0x3A6D, 0x00E8, 0x11EC, 0x09AB, 0x098A, 0x098A, 0x098A, 0x0108, 
    0x1169, 0x3AAD, 0x7432, 0x94F5, 0x8CD5, 0x6BB1, 0x322C, 0x00E7, 0x0169, 0x018A, 0x018A, 0x018A, 
    0x018B, 0x018A, 0x0149, 0x4B0E, 0xFFFF, 0xFFFF, 0xFFDF, 0xF7DF, 0xF7BF, 0xF7BF, 0xF7BF, 0xF7BF, 
    0xF7BF, 0xF7BF, 0xF7BF, 0xF7BF, 0xF7BF, 0xF7BF, 0xF7BF, 0xF7BF, 0xF7BF, 0xF7BF, 0xF7BF, 0xF7BF, 
    0xF7BF, 0xF7BF, 0xF7BF, 0xF7BF, 0xF7BF, 0xF7BF, 0xF7BF, 0xF7BF, 0xF7BF, 0xF7BE, 0xF7BE, 0xF7BE, 
    0xF7BE, 0xF7BE, 0xF7BE, 0xF7BE, 0xF7BE, 0xF7BF, 0xF7BF, 0xF7BF, 0xF7BF, 0xF7BF, 0xF7BF, 0xF7BF, 
    0xF7BF, 0xF7BF, 0xF7BF, 0xF7BF, 0xF7BE, 0xF7BE, 0xF7BF, 0xF7BF, 0xF7BF, 0xF7BF, 0xF7BF, 0xF7BF, 
    0xF7BF, 0xF7BF, 0xF7BF, 0xF7BF, 0xF7BF, 0xF7BF, 0xF7BF, 0xF7BF, 0xF7BF, 0xF7BE, 0xF7BE, 0xF7BE, 
    0xF7BE, 0xF79E, 0xEF9E, 0xFFDF, 0x9D57, 0x3AAE, 0x0109, 0x09CC, 0x09AB, 0x0149, 0x4B0E, 0xF7DF, 
    0xFFDF, 0xFFDF, 0xF7BF, 0xF7BF, 0xF7BF, 0xF7BF, 0xF7BF, 
    0xF7BE, 0xF7BF, 0xF7BF, 0xF7BF, 0xF7BE, 0xF7BF, 0xE75D, 0x6BF2, 0x19EB, 0x016A, 0x09CB, 0x018B, 
    0x0969, 0x8CD5, 0xF7BF, 0xFFDF, 0xF7BF, 0xF7BE, 0xF7BE, 0xF7BF, 0xF7BF, 0xF7BF, 0xF7BF, 0xF7BF, 
    0xF7BE, 0xF7BE, 0xF7BF, 0xF7BF, 0xF7BF, 0xF7BF, 0xF7BF, 0xF7BF, 0xF7BE, 0xF7BE, 0xF7BE, 0xF7BE, 
    0xF7BF, 0xF7BF, 0xF7BF, 0xF7BE, 0xF7BE, 0xF7BF, 0xF7BF, 0xF7BF, 0xF7BF, 0xF7BF, 0xF7BF, 0xF7BF, 
    0xF7BF, 0xF7BE, 0xF7BE, 0xF7BE, 0xF7BF, 0xF7BF, 0xF7BF, 0xF7BF, 0xF7BF, 0xF7BF, 0xF7BF, 0xF7BF, 
    0xF7BF, 0xF7BE, 0xF7BE, 0xF7BF, 0xF7BF, 0xF7BF, 0xF7BF, 0xF7BF, 0xF7BF, 0xF7BF, 0xF7BE, 0xF7BE, 
    0xF7BF, 0xF7BF, 0xF7BF, 0xF7BF, 0xF7BF, 0xF7BF, 0xF7BF, 0xF7BF, 0xF7BF, 0xF7BF, 0xF7BF, 0xFFDF, 
    0xFFDF, 0xFFDF, 0xFFFF, 0x9D36, 0x3A6D, 0x00E8, 0x11EC, 0x09AB, 0x09AB, 0x098A, 0x0949, 0x19A9, 
    0x63B1, 0xA577, 0xCEBB, 0xDF1D, 0xDF1D, 0xC65A, 0x94D5, 0x4AEE, 0x1149, 0x0169, 0x018A, 0x018A, 
    0x018B, 0x018A, 0x0169, 0x4B0E, 0xFFFF, 0xFFFF, 0xFFDF, 0xFFDF, 0xF7BF, 0xF7BF, 0xF7BF, 0xF7BF, 
    0xF7BF, 0xF7BF, 0xF7BF, 0xF7BF, 0xF7BF, 0xF7BE, 0xF7BE, 0xF7BE, 0xF7BE, 0xF7BE, 0xF7BE, 0xF7BF, 
    0xF7BF, 0xF7BF, 0xF7BF, 0xF7BF, 0xF7BF, 0xF7BF, 0xF7BF, 0xF7BF, 0xF7BF, 0xF7BE, 0xF7BE, 0xF7BE, 
    0xF7BE, 0xF7BE, 0xF7BE, 0xF7BE, 0xF7BE, 0xF7BF, 0xF7BF, 0xF7BF, 0xF7BF, 0xF7BE, 0xF7BF, 0xF7BF, 
    0xF7BF, 0xF7BF, 0xF7BF, 0xF7BF, 0xF7BE, 0xF7BE, 0xF7BF, 0xF7BF, 0xF7BF, 0xF7BF, 0xF7BF, 0xF7BF, 
    0xF7BE, 0xF7BE, 0xF7BE, 0xF7BE, 0xF7BE, 0xF7BE, 0xF7BE, 0xF7BE, 0xF7BE, 0xF7BE, 0xF7BE, 0xF7BE, 
    0xF7BE, 0xF79E, 0xEF9E, 0xFFDF, 0x9D36, 0x3A8E, 0x0109, 0x09CC, 0x09AB, 0x0149, 0x4B0E, 0xF7BF, 
    0xFFDF, 0xF7DF, 0xF7BF, 0xF7BF, 0xF7BF, 0xF7BF, 0xF7BF, 
    0xF7BF, 0xF7BF, 0xF7BF, 0xF7BF, 0xF7BE, 0xF7BF, 0xE75D, 0x6BF3, 0x19CB, 0x016A, 0x01CB, 0x018A, 
    0x0949, 0x8CD4, 0xF7BF, 0xFFDF, 0xF7BF, 0xF7BE, 0xF7BF, 0xF7BF, 0xF7BF, 0xF7BF, 0xF7BF, 0xF7BF, 
    0xF7BF, 0xF7BE, 0xF7BE, 0xF7BE, 0xF7BE, 0xF7BE, 0xF7BE, 0xF7BE, 0xF7BE, 0xF7BF, 0xF7BF, 0xF7BF, 
    0xF7BF, 0xF7BF, 0xF7BF, 0xF7BF, 0xF7BE, 0xF7BF, 0xF7BF, 0xF7BF, 0xF7BF, 0xF7BF, 0xF7BF, 0xF7BF, 
    0xF7BE, 0xF7BE, 0xF7BE, 0xF7BE, 0xF7BE, 0xF7BF, 0xF7BF, 0xF7BF, 0xF7BF, 0xF7BF, 0xF7BF, 0xF7BF, 
    0xF7BF, 0xF7BF, 0xF7BF, 0xF7BF, 0xF7BF, 0xF7BF, 0xF7BF, 0xF7BF, 0xF7BF, 0xF7BF, 0xF7BF, 0xF7BF, 
    0xF7BF, 0xF7BF, 0xF7BF, 0xF7BF, 0xF7BF, 0xF7BF, 0xF7BF, 0xF7BF, 0xF7BF, 0xF7BF, 0xF7BF, 0xFFDF, 
    0xFFDF, 0xFFDF, 0xFFFF, 0x9D36, 0x3A6D, 0x00E8, 0x11CC, 0x09AB, 0x09AB, 0x0969, 0x1169, 0x5B90, 
    0xC67A, 0xF7BE, 0xF7BE, 0xF7BE, 0xF7BF, 0xF7DF, 0xE75D, 0xB5D8, 0x3A4C, 0x1169, 0x016A, 0x018A, 
    0x018B, 0x018A, 0x0149, 0x4B0E, 0xFFFF, 0xFFFF, 0xFFDF, 0xFFDF, 0xF7BF, 0xF7BF, 0xF7BF, 0xF7BF, 
    0xF7BF, 0xF7BF, 0xF7BF, 0xF7BF, 0xF7BF, 0xF7BE, 0xF7BE, 0xF7BE, 0xF7BE, 0xF7BE, 0xF7BE, 0xF7BF, 
    0xF7BF, 0xF7BF, 0xF7BF, 0xF7BF, 0xF7BF, 0xF7BF, 0xF7BF, 0xF7BF, 0xF7BF, 0xF7BF, 0xF7BF, 0xF7BF, 
    0xF7BF, 0xF7BF, 0xF7BF, 0xF7BF, 0xF7BF, 0xF7BF, 0xF7BF, 0xF7BF, 0xF7BE, 0xF7BE, 0xF7BE, 0xF7BF, 
    0xF7BE, 0xFFBF, 0xF7BF, 0xF7BF, 0xF7BF, 0xF7BF, 0xF7BF, 0xF7BE, 0xF7DE, 0xF7DE, 0xF7BE, 0xF7BE, 
    0xF7BE, 0xF7BE, 0xF7BE, 0xF7BE, 0xF7BE, 0xF7BE, 0xF7BE, 0xF7BE, 0xF7BE, 0xF7BE, 0xF7BE, 0xF7BE, 
    0xF79E, 0xF79E, 0xEF7E, 0xFFDF, 0x9536, 0x3A6D, 0x0109, 0x09CC, 0x09AB, 0x0129, 0x4AEE, 0xF7BF, 
    0xFFDF, 0xF7DF, 0xF7BF, 0xF7BF, 0xF7BF, 0xF7BF, 0xF7BF, 
    0xF7BF, 0xF7BF, 0xF7BF, 0xF7BF, 0xF7BE, 0xF7BF, 0xEF5D, 0x6C13, 0x21EB, 0x016A, 0x01CB, 0x018A, 
    0x0948, 0x84B4, 0xF7BE, 0xFFDF, 0xF7BE, 0xF7BF, 0xF7BF, 0xF7BF, 0xF7BF, 0xF7BF, 0xF7BF, 0xF7BF, 
    0xF7BF, 0xF7BE, 0xFFBE, 0xFFBE, 0xFFBE, 0xFFBE, 0xFFBE, 0xF7BE, 0xF7BF, 0xFFBF, 0xF7BF, 0xF7BF, 
    0xF7BF, 0xF7BF, 0xF7BF, 0xF7BF, 0xF7BF, 0xF7BE, 0xF7BE, 0xF7BE, 0xF7BE, 0xF7BE, 0xF7BE, 0xF7BE, 
    0xF7BE, 0xF7BE, 0xF7BE, 0xF7BE, 0xF7BE, 0xF7BE, 0xF7BE, 0xF7BF, 0xF7BF, 0xF7BF, 0xF7BF, 0xF7BF, 
    0xF7BF, 0xF7BF, 0xF7BF, 0xF7BF, 0xF7BF, 0xF7BF, 0xF7BF, 0xF7BF, 0xF7BF, 0xF7BF, 0xF7BF, 0xF7BF, 
    0xF7BF, 0xF7BF, 0xF7BF, 0xF7BF, 0xF7BF, 0xF7BF, 0xF7BF, 0xF7BF, 0xF7BF, 0xF7BF, 0xF7DF, 0xFFDF, 
    0xF7DF, 0xF7DF, 0xFFFF, 0x9D36, 0x3A4D, 0x00E8, 0x11EC, 0x09CC, 0x098A, 0x0969, 0x326C, 0xD6FC, 
    0xF7BE, 0xF79E, 0xEF7E, 0xEF9E, 0xF79E, 0xF79E, 0xF7BE, 0xF79E, 0x8D16, 0x2A2C, 0x0128, 0x01AB, 
    0x01AB, 0x018A, 0x0149, 0x4B0E, 0xFFFF, 0xFFFF, 0xFFDF, 0xFFDF, 0xF7DF, 0xF7BF, 0xF7BF, 0xF7BF, 
    0xF7BF, 0xF7BF, 0xF7BF, 0xF7BF, 0xF7BF, 0xF7BE, 0xF7BE, 0xF7BE, 0xF7BE, 0xF7BE, 0xF7BE, 0xF7BF, 
    0xF7BF, 0xF7BF, 0xF7BF, 0xF7BF, 0xF7BF, 0xF7BF, 0xF7BF, 0xF7BF, 0xF7BF, 0xF7BF, 0xF7BF, 0xF7BF, 
    0xF7BF, 0xF7BF, 0xF7BF, 0xF7BF, 0xF7BF, 0xF7DF, 0xF7DF, 0xF7DE, 0xFFDE, 0xFFDE, 0xFFDE, 0xFFDE, 
    0xFFBE, 0xFFBE, 0xFFBE, 0xF7BF, 0xF7BF, 0xF7BE, 0xF7BE, 0xF7BE, 0xF7BE, 0xFFBE, 0xFFBE, 0xFFBE, 
    0xFFBE, 0xFFBE, 0xF7BE, 0xF7BE, 0xF7BE, 0xF7BE, 0xF7BE, 0xF7BE, 0xF7BE, 0xF7BE, 0xF7BE, 0xF79E, 
    0xF79E, 0xF79E, 0xEF7E, 0xFFDF, 0x9516, 0x3A6D, 0x0109, 0x09CC, 0x09AB, 0x0149, 0x4B0E, 0xF7BF, 
    0xFFDF, 0xFFDF, 0xF7BF, 0xF7BF, 0xF7BF, 0xF7BF, 0xF7BF, 
    0xF7BF, 0xF7BF, 0xF7BF, 0xF7BF, 0xF7BE, 0xF7BF, 0xEF5D, 0x7433, 0x21EB, 0x0149, 0x01AB, 0x018A, 
    0x0128, 0x8493, 0xEF9E, 0xFFDF, 0xF7BE, 0xF7BE, 0xF7BF, 0xF7BF, 0xF7BF, 0xF7BF, 0xF7BF, 0xFFDF, 
    0xFFDF, 0xFFDF, 0xFFBF, 0xFFBE, 0xFFBE, 0xFFDF, 0xFFDF, 0xFFFF, 0xFFFF, 0xFFFF, 0xFFFF, 0xFFFF, 
    0xFFDF, 0xFFDF, 0xFFFF, 0xFFDF, 0xFFDF, 0xFFDF, 0xFFDF, 0xFFDF, 0xFFDF, 0xF7BE, 0xF7BE, 0xF7BE, 
    0xF7BE, 0xF7BE, 0xF7BE, 0xF7BE, 0xF7BE, 0xF7BE, 0xF7BE, 0xF7BE, 0xF7BF, 0xF7BF, 0xF7BF, 0xF7BF, 
    0xF7BF, 0xF7BF, 0xF7BF, 0xF7BF, 0xF7BF, 0xF7BF, 0xF7BF, 0xF7BF, 0xF7BF, 0xF7BF, 0xF7BF, 0xF7BF, 
    0xF7BF, 0xF7BF, 0xF7BE, 0xF7BE, 0xF7BE, 0xF7BF, 0xF7BF, 0xF7BF, 0xF7BF, 0xF7BF, 0xF7BF, 0xF7DF, 
    0xF7BE, 0xF7BE, 0xFFFF, 0x9516, 0x3A4D, 0x00E8, 0x11EC, 0x11EC, 0x0969, 0x21EB, 0x7433, 0xEF7E, 
    0xF7BE, 0xF79E, 0xEF9E, 0xF79E, 0xF7BE, 0xF7BE, 0xFFBF, 0xFFDF, 0xD6DC, 0x4B0F, 0x0149, 0x01AB, 
    0x01AB, 0x018B, 0x0149, 0x4B0E, 0xFFFF, 0xFFFF, 0xFFDF, 0xFFDF, 0xF7BF, 0xF7BF, 0xF7BF, 0xF7BF, 
    0xF7BF, 0xF7BE, 0xF7BE, 0xF7BE, 0xF7BE, 0xF7BE, 0xF7BF, 0xF7BE, 0xF7BE, 0xF7BF, 0xF7BF, 0xF7BF, 
    0xF7BF, 0xF7BF, 0xF7BF, 0xF7BF, 0xF7BF, 0xF7BF, 0xF7BF, 0xF7BF, 0xF7BF, 0xF7BF, 0xF7BF, 0xF7BF, 
    0xF7BF, 0xF7BF, 0xF7BF, 0xF7BF, 0xF7DF, 0xFFDF, 0xFFDF, 0xFFDF, 0xFFDE, 0xFFBE, 0xFFDE, 0xFFDF, 
    0xFFDF, 0xFFFF, 0xFFFF, 0xFFFF, 0xFFFF, 0xFFFF, 0xFFFF, 0xFFFF, 0xFFFF, 0xFFFF, 0xFFDF, 0xFFDF, 
    0xFFBE, 0xF7BE, 0xF7BE, 0xF7BE, 0xF7BE, 0xF7BE, 0xF7BE, 0xF7BE, 0xF7BE, 0xF7BE, 0xF7BE, 0xF79E, 
    0xF79E, 0xF79E, 0xF79E, 0xFFDF, 0x94F6, 0x324D, 0x0109, 0x09CC, 0x09AB, 0x0149, 0x4B0E, 0xF7BF, 
    0xFFDF, 0xFFDF, 0xF7BF, 0xF7BF, 0xF7BF, 0xF7BF, 0xF7BF, 
    0xF7BF, 0xF7BF, 0xF7BF, 0xF7BF, 0xF7BE, 0xF7BF, 0xEF5D, 0x7433, 0x21EB, 0x0149, 0x01AB, 0x01AA, 
    0x0128, 0x7C53, 0xE75D, 0xFFDF, 0xF7BE, 0xF7BE, 0xF7BE, 0xF7BF, 0xF7BF, 0xF7BF, 0xF7BF, 0xF7BF, 
    0xF7BF, 0xFFDF, 0xFFDF, 0xFFDF, 0xFFDF, 0xFFDF, 0xFFBD, 0xF759, 0xF6D5, 0xF652, 0xEE31, 0xEE31, 
    0xEE30, 0xEE10, 0xF630, 0xF630, 0xF651, 0xF6B4, 0xFF59, 0xFFBC, 0xFFDE, 0xFFDF, 0xFFDF, 0xF7BE, 
    0xF7BE, 0xF7BE, 0xF7BE, 0xF7BE, 0xF7BE, 0xF7BE, 0xF7BE, 0xF7BE, 0xF7BF, 0xF7BF, 0xF7BF, 0xF7BF, 
    0xF7BF, 0xF7BF, 0xF7BF, 0xF7BF, 0xF7BF, 0xF7BF, 0xF7BF, 0xF7BF, 0xF7BF, 0xF7BF, 0xF7BF, 0xF7BF, 
    0xF7BF, 0xF7BF, 0xF7BE, 0xF7BE, 0xF7BE, 0xF7BE, 0xF7BE, 0xF7BE, 0xF7BE, 0xF7BE, 0xF7BF, 0xF7BF, 
    0xF7BE, 0xF7BE, 0xFFFF, 0x9516, 0x3A4D, 0x00E9, 0x11EC, 0x120D, 0x096A, 0x2A2C, 0x8CD6, 0xF79E, 
    0xF7BE, 0xF79E, 0xF79E, 0xF7BE, 0xF7BF, 0xFFBF, 0xFFDF, 0xFFFF, 0xE75E, 0x5B70, 0x0949, 0x09AB, 
    0x01AB, 0x018B, 0x0149, 0x4B0E, 0xFFFF, 0xFFFF, 0xFFDF, 0xF7BF, 0xF7BF, 0xF7BE, 0xF7BE, 0xF7BE, 
    0xF7BE, 0xF7BE, 0xF7BE, 0xF7BE, 0xF7BE, 0xF7BF, 0xF7BF, 0xF7BF, 0xF7BF, 0xF7BF, 0xF7BF, 0xF7BF, 
    0xF7BF, 0xF7BF, 0xF7BF, 0xF7BF, 0xF7BF, 0xF7BF, 0xF7BF, 0xF7BF, 0xF7BF, 0xF7BF, 0xF7BF, 0xF7DF, 
    0xF7DF, 0xF7DF, 0xFFDF, 0xFFDE, 0xFFBE, 0xFFBE, 0xFFDE, 0xFFDF, 0xFFDF, 0xFFDF, 0xFFFF, 0xFFDF, 
    0xFFBD, 0xF77B, 0xF738, 0xF6D6, 0xF6B4, 0xF6B4, 0xF6B4, 0xF6D5, 0xF718, 0xFF7B, 0xFF9D, 0xFFBE, 
    0xFFDF, 0xFFDF, 0xFFDF, 0xF7BE, 0xF7BE, 0xF7BE, 0xF7BE, 0xF7BE, 0xF7BE, 0xF7BE, 0xF7BE, 0xF7BE, 
    0xF7BE, 0xF79E, 0xF79E, 0xFFDF, 0x8CF5, 0x324D, 0x0129, 0x09EC, 0x09CC, 0x0149, 0x4B0F, 0xF7BF, 
    0xFFDF, 0xF7DF, 0xF7BF, 0xF7BF, 0xF7BF, 0xF7BF, 0xF7BF, 
    0xF7BF, 0xF7BF, 0xF7BF, 0xF7DF, 0xF7BE, 0xF7BF, 0xEF7D, 0x7C53, 0x21CB, 0x0149, 0x01AB, 0x01AA, 
    0x0108, 0x7412, 0xDF1D, 0xFFDF, 0xF7BE, 0xF7BE, 0xF7BE, 0xF7BE, 0xF7BF, 0xF7BF, 0xF7BF, 0xFFDF, 
    0xFFDF, 0xFFDF, 0xFFBD, 0xFF9B, 0xFF38, 0xF6D6, 0xF673, 0xEDEE, 0xED6A, 0xECE6, 0xE4C5, 0xE4C4, 
    0xE4C4, 0xE4C4, 0xECC4, 0xECC4, 0xECE5, 0xED48, 0xF60E, 0xF672, 0xF6B4, 0xFF17, 0xFF9B, 0xFFBE, 
    0xF7BE, 0xF7BE, 0xF7BE, 0xF7BE, 0xF7BE, 0xF7BE, 0xF7BE, 0xF7BE, 0xF7BF, 0xF7BF, 0xF7BF, 0xF7BF, 
    0xF7BF, 0xF7BF, 0xF7BF, 0xF7BF, 0xF7BF, 0xF7BF, 0xF7BF, 0xF7BF, 0xF7BF, 0xF7BF, 0xF7BF, 0xF7BF, 
    0xF7BF, 0xF7BF, 0xF7BE, 0xF7BE, 0xF7BE, 0xF7BE, 0xF79E, 0xF79E, 0xF79E, 0xF79E, 0xF79E, 0xF7BE, 
    0xF79E, 0xF79E, 0xFFFF, 0x9516, 0x324D, 0x00E9, 0x11ED, 0x120D, 0x096A, 0x324D, 0x9517, 0xF7BE, 
    0xFFDF, 0xF7BE, 0xF7BF, 0xF7BF, 0xF7DF, 0xFFDF, 0xFFDF, 0xFFFF, 0xE75E, 0x5B70, 0x096A, 0x09AC, 
    0x01AB, 0x018B, 0x0149, 0x4AEE, 0xFFFF, 0xFFFF, 0xFFDF, 0xF7BE, 0xF7BE, 0xF7BE, 0xF7BE, 0xF7BE, 
    0xF7BE, 0xF7BE, 0xF7BE, 0xF7BE, 0xF7BE, 0xF7BF, 0xF7BF, 0xF7BF, 0xF7BF, 0xF7BF, 0xF7BF, 0xF7BF, 
    0xF7BF, 0xF7BF, 0xF7BF, 0xF7BF, 0xF7BF, 0xF7BF, 0xF7BF, 0xF7BF, 0xF7BF, 0xF7BF, 0xF7DF, 0xF7DF, 
    0xFFDF, 0xFFDF, 0xFFDF, 0xFFDE, 0xFFDE, 0xFFDF, 0xFFDF, 0xFFDF, 0xFFDF, 0xFF9C, 0xFF39, 0xF6F6, 
    0xF673, 0xEE10, 0xEDAD, 0xED4A, 0xED08, 0xED08, 0xED28, 0xED49, 0xED8C, 0xEE10, 0xF652, 0xF695, 
    0xF6F7, 0xFF39, 0xFF9C, 0xFFBE, 0xF7BE, 0xF7BE, 0xF7BE, 0xF7BE, 0xF7BE, 0xF7BE, 0xF7BE, 0xF7BE, 
    0xF7BE, 0xF79E, 0xF79E, 0xFFFF, 0x84B4, 0x2A2D, 0x014A, 0x09EC, 0x09CC, 0x096A, 0x532F, 0xF7BF, 
    0xFFDF, 0xF7DF, 0xF7BF, 0xF7BF, 0xF7BF, 0xF7BF, 0xF7BF, 
    0xF7BF, 0xF7BF, 0xF7BF, 0xF7DF, 0xF7BE, 0xF7BF, 0xEF7D, 0x8474, 0x21CB, 0x0129, 0x01AB, 0x018A, 
    0x00E7, 0x6BD1, 0xD6DC, 0xFFDF, 0xF79E, 0xF79E, 0xF7BE, 0xF7BE, 0xF7BF, 0xF7BF, 0xFFDF, 0xFFDF, 
    0xFFDE, 0xFFBC, 0xF717, 0xF671, 0xEDAA, 0xE4E5, 0xE483, 0xE462, 0xEC62, 0xEC61, 0xEC81, 0xEC81, 
    0xEC81, 0xEC81, 0xEC81, 0xEC81, 0xEC81, 0xEC61, 0xE461, 0xE462, 0xE4C4, 0xED69, 0xF692, 0xFF39, 
    0xFF9C, 0xFFBD, 0xF7BE, 0xF7BE, 0xF7BE, 0xF7BE, 0xF7BE, 0xF7BE, 0xF7BF, 0xFFDF, 0xFFDF, 0xFFDF, 
    0xFFDF, 0xFFDF, 0xF7DF, 0xF7DF, 0xF7DF, 0xF7BF, 0xF7BF, 0xF7BF, 0xF7BF, 0xF7BF, 0xF7BF, 0xF7BF, 
    0xF7BE, 0xF7BE, 0xF79E, 0xF79E, 0xF79E, 0xF79E, 0xF79E, 0xF79E, 0xF79E, 0xF79E, 0xF79E, 0xF79E, 
    0xF79E, 0xF79E, 0xFFDF, 0x9516, 0x324D, 0x00E9, 0x11ED, 0x120D, 0x096A, 0x324D, 0x9537, 0xF7BE, 
    0xFFDF, 0xF7BE, 0xF7BF, 0xF7BF, 0xFFDF, 0xFFDF, 0xFFFF, 0xFFFF, 0xE75E, 0x5B70, 0x096A, 0x09CC, 
    0x01CC, 0x018B, 0x0149, 0x4AEE, 0xFFDF, 0xFFDF, 0xFFDF, 0xF7BE, 0xF7BE, 0xF79E, 0xF79E, 0xF79E, 
    0xF7BE, 0xF7BE, 0xF7BE, 0xF7BE, 0xF7BE, 0xF7BE, 0xF7BE, 0xF7BE, 0xF7BE, 0xF7BE, 0xF7BE, 0xF7BF, 
    0xF7BF, 0xF7BF, 0xF7BF, 0xF7BF, 0xF7BF, 0xF7BF, 0xF7BF, 0xF7DF, 0xF7DF, 0xFFDF, 0xFFDF, 0xFFDF, 
    0xFFDF, 0xFFDF, 0xFFDF, 0xFFDF, 0xFFDF, 0xFFDF, 0xFFDE, 0xFFBD, 0xFF7A, 0xF693, 0xEDAB, 0xECE6, 
    0xE463, 0xEC21, 0xEC21, 0xEC21, 0xEC21, 0xEC21, 0xEC21, 0xEC41, 0xEC41, 0xE441, 0xE442, 0xE484, 
    0xED07, 0xED8B, 0xF693, 0xFF39, 0xFF9D, 0xFFBE, 0xF7BE, 0xF7BE, 0xF7BE, 0xF7BE, 0xF7BE, 0xF7BE, 
    0xF7BE, 0xF7BE, 0xF7BE, 0xFFFF, 0x7C73, 0x220C, 0x096A, 0x09EC, 0x09AC, 0x11AB, 0x5B90, 0xF7BF, 
    0xFFDF, 0xF7BF, 0xF7BF, 0xF7BF, 0xF7BF, 0xF7BF, 0xF7BF, 
    0xF7BF, 0xF7BF, 0xF7BF, 0xF7DF, 0xF7BE, 0xF7BF, 0xEF7E, 0x94F5, 0x2A0B, 0x0129, 0x01AB, 0x01AB, 
    0x00E7, 0x63B1, 0xCEBB, 0xF7DF, 0xF79E, 0xF79E, 0xF7BE, 0xF7BF, 0xF7BF, 0xFFDF, 0xFFFF, 0xFFBC, 
    0xF716, 0xEDCB, 0xE505, 0xECA2, 0xEC81, 0xF4A1, 0xF4A1, 0xF4C2, 0xF4A1, 0xECA2, 0xECA1, 0xECA1, 
    0xECA1, 0xECA1, 0xECA1, 0xECA1, 0xECA1, 0xECA1, 0xECA1, 0xE4A1, 0xE481, 0xE441, 0xE442, 0xE4C5, 
    0xEDEE, 0xF717, 0xFFBD, 0xFFDE, 0xFFDE, 0xFFBE, 0xF7BE, 0xF7BE, 0xFFBE, 0xFFDE, 0xFFDE, 0xFFDF, 
    0xFFDF, 0xFFDF, 0xFFDF, 0xF7DF, 0xF7DF, 0xF7DF, 0xF7DF, 0xF7DF, 0xF7BF, 0xF7BF, 0xF7BE, 0xF7BE, 
    0xF7BE, 0xF79E, 0xF79E, 0xF79E, 0xEF9E, 0xEF9E, 0xEF9F, 0xEF9F, 0xEF9E, 0xF79E, 0xF79E, 0xF79E, 
    0xF79E, 0xF79E, 0xFFDF, 0x9516, 0x3A4D, 0x00E9, 0x11ED, 0x120D, 0x098A, 0x326D, 0x9D37, 0xF7BE, 
    0xFFDF, 0xF7BE, 0xF7BF, 0xF7DF, 0xFFDF, 0xFFDF, 0xFFFF, 0xFFFF, 0xE75E, 0x5B70, 0x096A, 0x09CC, 
    0x01CB, 0x016B, 0x0149, 0x4AEE, 0xFFDF, 0xFFDF, 0xFFDF, 0xF7BF, 0xF7BE, 0xF79E, 0xEF9E, 0xEF9E, 
    0xEF9E, 0xF79E, 0xF79E, 0xF79E, 0xF79E, 0xF79E, 0xF79E, 0xF79E, 0xF7BE, 0xF7BE, 0xF7BE, 0xF7BE, 
    0xF7BF, 0xF7BF, 0xF7BF, 0xF7BF, 0xF7BF, 0xF7BF, 0xFFDF, 0xFFDF, 0xFFDE, 0xFFDF, 0xFFDF, 0xFFDF, 
    0xFFDF, 0xFFDF, 0xFFDF, 0xFFFF, 0xFFFF, 0xFFDD, 0xF717, 0xEE0E, 0xED06, 0xEC83, 0xEC62, 0xEC81, 
    0xEC81, 0xF4A1, 0xF4A1, 0xF4A2, 0xF4A1, 0xECA1, 0xECA1, 0xECA1, 0xECA1, 0xECA1, 0xECA1, 0xEC81, 
    0xEC61, 0xE441, 0xE462, 0xED07, 0xEE0F, 0xF739, 0xFFDE, 0xFFFF, 0xFFDF, 0xF7BF, 0xF7BF, 0xF7BE, 
    0xF7BE, 0xF7BE, 0xFFBE, 0xFFFF, 0x7432, 0x19EB, 0x098A, 0x120C, 0x098B, 0x224D, 0x7C94, 0xFFFF, 
    0xF7BE, 0xF7BE, 0xF7BF, 0xF7BF, 0xF7BF, 0xF7BF, 0xF7BF, 
    0xF7BF, 0xF7BF, 0xF7DF, 0xF7BF, 0xF7BE, 0xF7BE, 0xF79E, 0xA577, 0x322C, 0x0129, 0x018B, 0x018B, 
    0x00E8, 0x5350, 0xBE19, 0xF7BF, 0xF79E, 0xF79E, 0xF7BE, 0xF7BF, 0xFFDF, 0xFF9D, 0xF6D6, 0xEDED, 
    0xED28, 0xECE3, 0xECA1, 0xECA1, 0xF4C1, 0xF4C1, 0xF4C1, 0xF4C1, 0xF4C1, 0xF4C1, 0xF4A1, 0xECA1, 
    0xECA1, 0xECA1, 0xECA1, 0xECA1, 0xECA1, 0xECA1, 0xE481, 0xE481, 0xE481, 0xE480, 0xE460, 0xE461, 
    0xE4A4, 0xED08, 0xEDAC, 0xF693, 0xFF7A, 0xFFDD, 0xFFDF, 0xFFDF, 0xFFDF, 0xFFDF, 0xFFDF, 0xFFDF, 
    0xFFDF, 0xFFDF, 0xFFDF, 0xFFDF, 0xFFDF, 0xFFDF, 0xFFDF, 0xFFDF, 0xF7BF, 0xF7BE, 0xF7BE, 0xF7BE, 
    0xF79E, 0xF79E, 0xF79E, 0xF79E, 0xEF9E, 0xEF9E, 0xEF9E, 0xEF9E, 0xEF9E, 0xF79E, 0xF7BE, 0xFFBE, 
    0xF7BE, 0xF7BE, 0xFFDF, 0x9D36, 0x3A4D, 0x00E9, 0x11ED, 0x120D, 0x098A, 0x326D, 0x9D57, 0xF7BE, 
    0xFFDF, 0xF7BE, 0xF7BF, 0xF7DF, 0xFFDF, 0xFFDF, 0xFFFF, 0xFFFF, 0xE77E, 0x5B70, 0x096A, 0x09CC, 
    0x01AB, 0x016A, 0x0149, 0x4AEE, 0xFFDF, 0xFFDF, 0xFFDF, 0xF7BF, 0xF7BE, 0xF79E, 0xEF9E, 0xEF9E, 
    0xEF9E, 0xF79E, 0xF79E, 0xF79E, 0xF79E, 0xF79E, 0xF79E, 0xF79E, 0xF79E, 0xF79E, 0xF7BE, 0xF7BE, 
    0xF7BE, 0xF7BE, 0xF7BF, 0xF7BF, 0xFFDF, 0xFFDF, 0xFFDF, 0xFFDF, 0xFFDF, 0xFFDF, 0xFFDF, 0xFFDF, 
    0xFFFF, 0xFFFF, 0xFFDE, 0xFF9B, 0xF693, 0xEDCD, 0xED28, 0xECC4, 0xECA2, 0xEC81, 0xEC81, 0xECA1, 
    0xECA1, 0xECA1, 0xECA1, 0xECA1, 0xECA1, 0xECA1, 0xECA1, 0xECA1, 0xECA1, 0xECA1, 0xECA1, 0xECA1, 
    0xEC81, 0xEC81, 0xEC80, 0xEC82, 0xECC5, 0xED4A, 0xF60F, 0xFF39, 0xFFBE, 0xFFDF, 0xF7BE, 0xF7BE, 
    0xF7BE, 0xF7BE, 0xFFDE, 0xFFDF, 0x63D1, 0x11AA, 0x09AB, 0x11EC, 0x014A, 0x326E, 0x8CF6, 0xFFFF, 
    0xF7BE, 0xF7BE, 0xF7BF, 0xF7BF, 0xF7BF, 0xF7BF, 0xF7BF, 
    0xF7BF, 0xF7BF, 0xF7DF, 0xF7BF, 0xF7BE, 0xF7BF, 0xF79E, 0xB5D8, 0x324C, 0x0129, 0x018B, 0x01AB, 
    0x00E8, 0x42AE, 0x9D77, 0xFFDF, 0xF79E, 0xF7BE, 0xF7BF, 0xFFBF, 0xFFFF, 0xF6F7, 0xEDAC, 0xECA3, 
    0xEC81, 0xECA1, 0xF4C1, 0xF4C1, 0xF4E1, 0xF4C1, 0xF4C1, 0xF4C1, 0xF4A1, 0xF4C1, 0xF4A1, 0xECA1, 
    0xECA1, 0xECA1, 0xECA1, 0xECA1, 0xECA1, 0xE481, 0xE481, 0xE481, 0xE481, 0xE481, 0xE481, 0xE460, 
    0xE460, 0xE441, 0xE483, 0xED28, 0xEDCE, 0xF673, 0xF717, 0xFF9C, 0xFFDE, 0xFFDF, 0xFFDF, 0xFFDF, 
    0xFFDF, 0xFFDF, 0xFFDF, 0xFFDF, 0xFFDE, 0xFFDE, 0xFFDE, 0xFFDE, 0xFFBE, 0xF7BE, 0xF7BE, 0xF79E, 
    0xF79E, 0xF79E, 0xF79E, 0xF79E, 0xF79E, 0xF79E, 0xF79E, 0xF79E, 0xF79E, 0xF7BE, 0xF77B, 0xF75B, 
    0xF77C, 0xFFBE, 0xFFDF, 0x9D37, 0x3A6D, 0x00E9, 0x11ED, 0x1A0D, 0x098A, 0x326D, 0x9D57, 0xF7BF, 
    0xFFDF, 0xF7BE, 0xF7BF, 0xF7DF, 0xFFDF, 0xFFFF, 0xFFFF, 0xFFFF, 0xE77E, 0x5B70, 0x016A, 0x01CC, 
    0x01AB, 0x016A, 0x0149, 0x4AEE, 0xFFDF, 0xFFDF, 0xFFDF, 0xFFBE, 0xF7BE, 0xF7BE, 0xF79E, 0xEF9E, 
    0xEF9E, 0xEF9E, 0xEF9E, 0xEF9E, 0xEF9E, 0xEF9E, 0xEF9E, 0xF79E, 0xF79E, 0xF79E, 0xF7BE, 0xF7BE, 
    0xF7BE, 0xF7BE, 0xFFBE, 0xFFBE, 0xFFDE, 0xFFDE, 0xFFDF, 0xFFDF, 0xFFDF, 0xFFDF, 0xFFFF, 0xFFFF, 
    0xFFDE, 0xFF5A, 0xF6B4, 0xF60F, 0xED28, 0xECA4, 0xEC82, 0xEC81, 0xECA1, 0xECA1, 0xECA1, 0xECA1, 
    0xECA1, 0xECA1, 0xECA1, 0xECA1, 0xECA1, 0xECA1, 0xECA1, 0xECA1, 0xECA1, 0xECA1, 0xECA1, 0xECA1, 
    0xECA1, 0xECA1, 0xECA1, 0xEC81, 0xEC81, 0xEC82, 0xECC5, 0xF5CE, 0xF6F8, 0xFFDF, 0xF7BE, 0xF79E, 
    0xF79E, 0xF7BE, 0xFFDE, 0xF79E, 0x5B90, 0x118A, 0x09AB, 0x120C, 0x0129, 0x328E, 0x9537, 0xFFFF, 
    0xF7BE, 0xF7BE, 0xF7BF, 0xF7BF, 0xF7BF, 0xF7BF, 0xF7BF, 
    0xF7BF, 0xF7BF, 0xF7BF, 0xF7DF, 0xF7BF, 0xF7DF, 0xF7BE, 0xBE19, 0x3A6D, 0x0129, 0x01AB, 0x01AB, 
    0x00E8, 0x2A2C, 0x84D5, 0xFFDF, 0xF7BE, 0xF7BE, 0xF7BF, 0xFFDF, 0xFFFF, 0xE632, 0xE4C7, 0xEC40, 
    0xF4E1, 0xF4C1, 0xF4C1, 0xF4C1, 0xF4C1, 0xF4C1, 0xF4C1, 0xF4C1, 0xF4C1, 0xECA1, 0xECA1, 0xECA1, 
    0xECA1, 0xECA1, 0xECA1, 0xECA1, 0xE481, 0xE481, 0xE481, 0xE481, 0xE481, 0xE481, 0xE481, 0xE481, 
    0xE481, 0xE481, 0xEC81, 0xE440, 0xE441, 0xE4C5, 0xED8B, 0xF673, 0xFF38, 0xFF9C, 0xFFBE, 0xFFDF, 
    0xFFDF, 0xFFDF, 0xFFDF, 0xFFDE, 0xFFDE, 0xFFDE, 0xFFDE, 0xFFDE, 0xFFBE, 0xFFBE, 0xF7BE, 0xF79E, 
    0xF79E, 0xF79E, 0xF79E, 0xF79E, 0xF79E, 0xF79E, 0xF79D, 0xF79C, 0xFF7B, 0xFF19, 0xEE33, 0xEE54, 
    0xF6D8, 0xFFBD, 0xFFDF, 0x9D37, 0x3A6E, 0x00E9, 0x11ED, 0x1A0D, 0x098A, 0x3A6D, 0x9D57, 0xF7BF, 
    0xFFDF, 0xF7BE, 0xF7BF, 0xF7BF, 0xFFDF, 0xFFFF, 0xFFFF, 0xFFFF, 0xE77E, 0x5B70, 0x016A, 0x01CC, 
    0x01AB, 0x016A, 0x0129, 0x4AEE, 0xFFDF, 0xFFDF, 0xFFDE, 0xFF7C, 0xF719, 0xFF3A, 0xF77C, 0xF79D, 
    0xF79E, 0xEF9E, 0xEF9E, 0xEF9E, 0xEF9E, 0xEF9E, 0xEF9E, 0xEF9E, 0xF79E, 0xF79E, 0xF79E, 0xF7BE, 
    0xF7BE, 0xF7BE, 0xFFBE, 0xFFBE, 0xFFDE, 0xFFDE, 0xFFDF, 0xFFDF, 0xFFDF, 0xFFDF, 0xFFBD, 0xFF7B, 
    0xF6F7, 0xEE0F, 0xED07, 0xEC62, 0xEC61, 0xF481, 0xF4A1, 0xECA1, 0xECA1, 0xECA1, 0xECA1, 0xECA1, 
    0xECA1, 0xECA1, 0xECA1, 0xECA1, 0xECA1, 0xECA1, 0xECA1, 0xECA1, 0xECA1, 0xECA1, 0xEC81, 0xEC81, 
    0xECA1, 0xEC81, 0xE481, 0xE4A1, 0xECA1, 0xECA1, 0xEC61, 0xEC84, 0xEE11, 0xF7BE, 0xF7BE, 0xF79E, 
    0xF79D, 0xF7BE, 0xFFDE, 0xF77D, 0x5B50, 0x098A, 0x11CB, 0x120D, 0x0929, 0x3A8E, 0x9D57, 0xFFFF, 
    0xF7BE, 0xF7BE, 0xF7BF, 0xF7BF, 0xF7BF, 0xF7BF, 0xF7BF, 
    0xF7BF, 0xF7BF, 0xF7BF, 0xF7DF, 0xF7BF, 0xF7BF, 0xF7BE, 0xCE7B, 0x428D, 0x0129, 0x018B, 0x01AB, 
    0x00E8, 0x21CB, 0x7C74, 0xFFDF, 0xF7BE, 0xF7BF, 0xFFDF, 0xFFDF, 0xFFFF, 0xEE52, 0xED07, 0xEC80, 
    0xF4E0, 0xF4E1, 0xF4C1, 0xF4C1, 0xF4C1, 0xF4C1, 0xF4C1, 0xF4C1, 0xECA1, 0xECA1, 0xECA1, 0xECA1, 
    0xECA1, 0xECA1, 0xECA1, 0xE481, 0xE481, 0xE481, 0xE481, 0xE481, 0xE481, 0xE461, 0xE461, 0xE461, 
    0xE461, 0xE461, 0xE481, 0xECA1, 0xECA1, 0xEC81, 0xEC41, 0xE401, 0xECE6, 0xEDEF, 0xF718, 0xFFDE, 
    0xFFFF, 0xFFFF, 0xFFFF, 0xFFFF, 0xFFDE, 0xFFDE, 0xFFDE, 0xFFDE, 0xFFBE, 0xFFBE, 0xF7BE, 0xF79E, 
    0xF7BE, 0xF7BE, 0xF7BE, 0xFFBE, 0xFFBE, 0xFFBE, 0xF77B, 0xF6F7, 0xF631, 0xED4A, 0xDBA2, 0xE4A8, 
    0xF654, 0xFFDE, 0xFFDF, 0x9D57, 0x3A6E, 0x00E9, 0x11ED, 0x1A0D, 0x098A, 0x3A6D, 0x9D57, 0xF7BE, 
    0xFFDF, 0xF7BE, 0xF7BE, 0xF7DF, 0xFFDF, 0xFFDF, 0xFFFF, 0xFFFF, 0xE75E, 0x5370, 0x016A, 0x01CB, 
    0x01AB, 0x016A, 0x0128, 0x4AEE, 0xFFDF, 0xFFDE, 0xFFDE, 0xF695, 0xE4A8, 0xED4C, 0xF6D6, 0xFF9C, 
    0xFFDE, 0xF7DE, 0xF7DE, 0xF7BE, 0xEF9E, 0xEF9E, 0xEF9E, 0xEF7E, 0xF79E, 0xF79E, 0xF79E, 0xF79E, 
    0xF79E, 0xF7BE, 0xFFBE, 0xFFBE, 0xFFDE, 0xFFFF, 0xFFFF, 0xFFFF, 0xFFFF, 0xFF9C, 0xF6D6, 0xE56B, 
    0xE4A4, 0xE442, 0xEC61, 0xF4A2, 0xF4C1, 0xF4A1, 0xECA1, 0xECA1, 0xECA1, 0xECA1, 0xECA1, 0xECA1, 
    0xEC81, 0xEC80, 0xEC81, 0xEC81, 0xEC81, 0xEC81, 0xEC81, 0xEC81, 0xEC81, 0xEC81, 0xEC81, 0xEC81, 
    0xEC81, 0xEC81, 0xE4A1, 0xE4A1, 0xE4A1, 0xECA1, 0xECA1, 0xECA4, 0xEE11, 0xF7BE, 0xF7BE, 0xF79D, 
    0xF79D, 0xF7BE, 0xFFDE, 0xEF5D, 0x5350, 0x098A, 0x11CC, 0x120D, 0x0929, 0x42EF, 0xA598, 0xFFFF, 
    0xF7BE, 0xF7BE, 0xF7BF, 0xF7BF, 0xF7BF, 0xF7BF, 0xF7BF, 
    0xF7BF, 0xF7BF, 0xF7BF, 0xF7DF, 0xF7BF, 0xFFDF, 0xFFDF, 0xE73D, 0x530F, 0x0949, 0x018B, 0x01CC, 
    0x0129, 0x19CB, 0x7453, 0xFFFF, 0xF7BE, 0xFFDF, 0xFFDF, 0xFFDF, 0xFFFF, 0xF6D5, 0xED49, 0xF480, 
    0xF4E0, 0xF4E1, 0xF4C1, 0xF4C1, 0xF4C1, 0xF4C1, 0xF4C1, 0xF4C1, 0xECA1, 0xECA1, 0xECA1, 0xECA1, 
    0xECA1, 0xECA1, 0xEC81, 0xE481, 0xE481, 0xE481, 0xE461, 0xE461, 0xE461, 0xE461, 0xE461, 0xE461, 
    0xE461, 0xE461, 0xE481, 0xE481, 0xECA1, 0xECA1, 0xECA1, 0xEC81, 0xECA2, 0xECA4, 0xECE7, 0xED49, 
    0xED8C, 0xF631, 0xF6F7, 0xFF9D, 0xFFFF, 0xFFFF, 0xFFFF, 0xFFFF, 0xFFFF, 0xFFDF, 0xFFDE, 0xFFBE, 
    0xFF9D, 0xF75B, 0xF718, 0xEE95, 0xEDF0, 0xE56B, 0xE4E8, 0xE4A6, 0xE484, 0xEC62, 0xE3E0, 0xF52A, 
    0xFEB5, 0xFFDE, 0xFFDF, 0xA557, 0x428E, 0x00E9, 0x11ED, 0x1A0D, 0x098A, 0x3A6D, 0x9D57, 0xF7BE, 
    0xFFDF, 0xF7BE, 0xF7BE, 0xF7DF, 0xFFDF, 0xFFDF, 0xFFFF, 0xFFFF, 0xE75E, 0x5370, 0x0169, 0x01AB, 
    0x01AB, 0x016A, 0x0128, 0x4ACD, 0xFFDE, 0xFFDE, 0xFFDE, 0xF674, 0xEC24, 0xEBA3, 0xEC45, 0xED2A, 
    0xEDEF, 0xF6B5, 0xF738, 0xF77B, 0xFFBD, 0xFFBE, 0xFFBE, 0xFFBE, 0xFFDE, 0xFFDE, 0xFFDE, 0xFFDF, 
    0xFFDF, 0xFFDF, 0xFFDF, 0xFFDE, 0xFFBE, 0xFFBD, 0xF75A, 0xF6B6, 0xEDEF, 0xE529, 0xE4C6, 0xEC83, 
    0xECA2, 0xECA1, 0xF4A1, 0xF4A1, 0xF4A1, 0xECA1, 0xECA1, 0xECA1, 0xEC81, 0xEC81, 0xEC81, 0xEC81, 
    0xE480, 0xEC81, 0xEC81, 0xEC81, 0xEC81, 0xEC81, 0xE481, 0xE481, 0xE481, 0xEC81, 0xEC81, 0xEC81, 
    0xEC81, 0xECA1, 0xECA1, 0xECA1, 0xECA1, 0xECA1, 0xEC81, 0xED06, 0xF694, 0xFFDF, 0xF7BE, 0xF79E, 
    0xF79D, 0xFFBE, 0xF7BE, 0xC659, 0x42CE, 0x098A, 0x11EC, 0x120D, 0x0929, 0x5B70, 0xBE5A, 0xFFFF, 
    0xF7BE, 0xF7BE, 0xF7BF, 0xF7BF, 0xF7BF, 0xF7BF, 0xF7BF, 
    0xF7BF, 0xF7BF, 0xF7BF, 0xF7DF, 0xF7BF, 0xF7BF, 0xF7BE, 0xF7BE, 0x5B70, 0x096A, 0x016A, 0x01CC, 
    0x014A, 0x11AB, 0x63D2, 0xF7DF, 0xFFDF, 0xFFDF, 0xFFDF, 0xFFDF, 0xFFFF, 0xF718, 0xF58B, 0xEC80, 
    0xFCE0, 0xF4E0, 0xF4C0, 0xF4C1, 0xF4C1, 0xF4C1, 0xF4C1, 0xECA1, 0xECA1, 0xECA1, 0xECA1, 0xECA1, 
    0xECA1, 0xEC81, 0xEC81, 0xE481, 0xE481, 0xE481, 0xE461, 0xE461, 0xE461, 0xE461, 0xE461, 0xE461, 
    0xE461, 0xE461, 0xE461, 0xE480, 0xEC81, 0xECA1, 0xECA1, 0xF4C1, 0xF4A1, 0xECA1, 0xEC82, 0xECA2, 
    0xECA3, 0xED06, 0xED6A, 0xEDEE, 0xF651, 0xF651, 0xF651, 0xF651, 0xEE51, 0xEE31, 0xEE30, 0xEE10, 
    0xEDEE, 0xED8C, 0xED6A, 0xE508, 0xE4A5, 0xE463, 0xDC41, 0xDC21, 0xE441, 0xEC41, 0xEC00, 0xF54A, 
    0xFED6, 0xFFDE, 0xFFDF, 0xA557, 0x428E, 0x0109, 0x11ED, 0x1A0D, 0x098A, 0x3A6D, 0x9D57, 0xF7BE, 
    0xFFDF, 0xF7BE, 0xF7BF, 0xF7BF, 0xFFDF, 0xFFDF, 0xFFFF, 0xFFFF, 0xE73D, 0x5350, 0x0149, 0x01AB, 
    0x01AB, 0x016A, 0x0128, 0x4ACD, 0xFFDE, 0xFFDE, 0xFFDE, 0xF694, 0xEC43, 0xEBA0, 0xEBE0, 0xEC22, 
    0xEC85, 0xED08, 0xED4A, 0xEDAC, 0xF60F, 0xF671, 0xF6B4, 0xF6F6, 0xF738, 0xF75A, 0xF75B, 0xF77B, 
    0xF77B, 0xF75A, 0xF738, 0xF694, 0xEE10, 0xEDCE, 0xED8C, 0xE529, 0xE4C5, 0xEC83, 0xEC82, 0xEC81, 
    0xF4A1, 0xF4A1, 0xF4A1, 0xF4A1, 0xECA1, 0xECA1, 0xECA1, 0xECA1, 0xEC81, 0xEC81, 0xEC81, 0xE481, 
    0xEC81, 0xEC81, 0xEC81, 0xEC81, 0xEC81, 0xEC81, 0xE481, 0xE481, 0xE481, 0xEC81, 0xEC81, 0xEC81, 
    0xEC81, 0xECA1, 0xECA0, 0xECA1, 0xECC1, 0xECC1, 0xEC81, 0xED6A, 0xF6D6, 0xFFFF, 0xF7BE, 0xF7BE, 
    0xF7BE, 0xFFBE, 0xF79E, 0x9515, 0x324D, 0x096A, 0x11EC, 0x11EC, 0x0949, 0x6BF2, 0xD6FC, 0xFFFF, 
    0xF7BF, 0xF7BE, 0xF7BF, 0xF7BF, 0xF7BF, 0xF7BF, 0xF7BF, 
    0xF7BF, 0xF7BF, 0xF7BF, 0xF7DF, 0xF7BF, 0xF7BE, 0xF7BE, 0xFFDF, 0x6C12, 0x19AB, 0x014A, 0x01CC, 
    0x018B, 0x096A, 0x5350, 0xEF7E, 0xFFDF, 0xFFDF, 0xFFDF, 0xFFDF, 0xFFFF, 0xFF5A, 0xF5AC, 0xEC81, 
    0xF4E0, 0xF4E0, 0xF4C0, 0xF4C0, 0xF4C1, 0xF4C1, 0xECA1, 0xECA1, 0xECA1, 0xECA1, 0xECA1, 0xECA1, 
    0xECA1, 0xEC81, 0xE481, 0xE481, 0xE481, 0xE461, 0xE461, 0xE461, 0xE461, 0xE461, 0xE461, 0xE460, 
    0xE460, 0xE460, 0xE460, 0xEC80, 0xEC80, 0xECA0, 0xECA0, 0xF4C0, 0xF4C1, 0xF4E1, 0xF4E1, 0xECC1, 
    0xECA1, 0xECA1, 0xEC81, 0xEC82, 0xECC4, 0xECC4, 0xE4C4, 0xE4C4, 0xE4A4, 0xE4A4, 0xE4A3, 0xE483, 
    0xE482, 0xE441, 0xE440, 0xE420, 0xE420, 0xE440, 0xE441, 0xE461, 0xE461, 0xEC61, 0xEC20, 0xED4B, 
    0xF6D6, 0xFFDE, 0xFFDF, 0xA577, 0x428E, 0x0109, 0x11EC, 0x120D, 0x098A, 0x3A6D, 0x9D37, 0xF7BE, 
    0xFFDF, 0xF7BE, 0xF7BF, 0xF7BF, 0xFFDF, 0xFFDF, 0xFFFF, 0xFFFF, 0xDF3D, 0x534F, 0x0149, 0x01AB, 
    0x01AB, 0x016A, 0x0128, 0x4ACD, 0xFFBE, 0xFFDE, 0xFFDE, 0xF694, 0xEC83, 0xEC00, 0xEC20, 0xEC20, 
    0xEC00, 0xE400, 0xE420, 0xE441, 0xE482, 0xE4E5, 0xED48, 0xED8B, 0xEDCD, 0xEE0F, 0xEE10, 0xEE31, 
    0xEE10, 0xEDEF, 0xEDCD, 0xE527, 0xE4A4, 0xE462, 0xE441, 0xE461, 0xEC81, 0xECA1, 0xF4A2, 0xF4A1, 
    0xF4A1, 0xF4A1, 0xF4A1, 0xECA1, 0xECA1, 0xECA1, 0xECA1, 0xECA1, 0xEC81, 0xEC81, 0xEC81, 0xE481, 
    0xEC81, 0xEC81, 0xEC81, 0xEC81, 0xEC81, 0xEC81, 0xEC81, 0xEC81, 0xEC81, 0xEC81, 0xEC81, 0xEC81, 
    0xECA1, 0xECA1, 0xECA0, 0xECC0, 0xF4C1, 0xF4C1, 0xEC60, 0xEDAD, 0xF718, 0xFFFF, 0xF7BE, 0xF7BE, 
    0xF7BE, 0xFFDE, 0xEF7D, 0x6BF2, 0x21EB, 0x096A, 0x11EC, 0x09CC, 0x0969, 0x7C73, 0xE77E, 0xFFFF, 
    0xF7BF, 0xF7BF, 0xF7BF, 0xF7BF, 0xF7BF, 0xF7BF, 0xF7BF, 
    0xF7BF, 0xF7BF, 0xF7DF, 0xF7BF, 0xF7DF, 0xF7BE, 0xF7BE, 0xFFFF, 0x8CD5, 0x2A4D, 0x012A, 0x01CC, 
    0x01AC, 0x014A, 0x42CE, 0xD6DC, 0xFFDF, 0xFFDF, 0xFFDF, 0xFFDF, 0xFFFF, 0xFF7C, 0xF5EE, 0xEC81, 
    0xF4E0, 0xF4C0, 0xF4C0, 0xF4C0, 0xF4C1, 0xF4A1, 0xECA1, 0xECA1, 0xECA1, 0xECA1, 0xECA1, 0xECA1, 
    0xECA1, 0xEC81, 0xE481, 0xE481, 0xE481, 0xE461, 0xE461, 0xE481, 0xE480, 0xE460, 0xE480, 0xE460, 
    0xE460, 0xE460, 0xE460, 0xEC80, 0xEC80, 0xECA0, 0xECA0, 0xF4C0, 0xF4C0, 0xF4C0, 0xF4E1, 0xF4E1, 
    0xF4E1, 0xF4E1, 0xF4C1, 0xF4C1, 0xECA1, 0xEC81, 0xEC81, 0xEC81, 0xEC81, 0xEC81, 0xE461, 0xE461, 
    0xE481, 0xE481, 0xE460, 0xE460, 0xE461, 0xE461, 0xE461, 0xE461, 0xE461, 0xEC81, 0xE420, 0xED6B, 
    0xF6D6, 0xFFDE, 0xFFFF, 0xA577, 0x42AE, 0x0109, 0x11ED, 0x120D, 0x098A, 0x3A6D, 0x9D57, 0xF7BE, 
    0xFFDF, 0xF7BE, 0xF7BF, 0xF7BF, 0xFFDF, 0xFFDF, 0xFFDF, 0xFFFF, 0xDF1D, 0x532F, 0x0149, 0x01AB, 
    0x01AB, 0x014A, 0x0128, 0x4ACD, 0xFFBE, 0xFFDE, 0xFFBE, 0xF694, 0xEC62, 0xEC20, 0xEC40, 0xEC60, 
    0xEC60, 0xEC61, 0xEC61, 0xE460, 0xE440, 0xE440, 0xE420, 0xE420, 0xE400, 0xE420, 0xE421, 0xE421, 
    0xE421, 0xE421, 0xE441, 0xE461, 0xEC81, 0xECA1, 0xECA1, 0xF4C1, 0xECA1, 0xECA1, 0xECA1, 0xF4A1, 
    0xF4A1, 0xECA1, 0xECA1, 0xECA1, 0xECA1, 0xECA1, 0xECA1, 0xEC81, 0xEC81, 0xEC81, 0xEC81, 0xEC81, 
    0xEC81, 0xEC81, 0xEC81, 0xEC81, 0xEC81, 0xEC81, 0xEC81, 0xEC81, 0xEC81, 0xEC81, 0xECA1, 0xECA1, 
    0xECA1, 0xECA1, 0xECC0, 0xF4C1, 0xF4C1, 0xF4C1, 0xEC60, 0xEDF0, 0xF75A, 0xFFFF, 0xF7BE, 0xF7BE, 
    0xF7BE, 0xFFDE, 0xEF5D, 0x5B70, 0x19CB, 0x098A, 0x09CC, 0x098B, 0x118A, 0x8CD5, 0xF7BF, 0xFFDF, 
    0xF7BF, 0xF7BF, 0xF7BF, 0xF7BF, 0xF7BF, 0xF7BF, 0xF7BF, 
    0xF7BF, 0xF7BF, 0xF7BF, 0xF7BF, 0xF7BF, 0xF7BE, 0xF79E, 0xFFFF, 0xA598, 0x42CE, 0x0109, 0x01AC, 
    0x01CC, 0x014A, 0x324C, 0xA598, 0xF79E, 0xFFDF, 0xFFDF, 0xFFDF, 0xFFFF, 0xFF9D, 0xF5EF, 0xEC82, 
    0xF4C0, 0xF4C0, 0xECC0, 0xECC0, 0xECA0, 0xECA1, 0xECA1, 0xECA1, 0xECA1, 0xECA1, 0xEC81, 0xECA1, 
    0xEC81, 0xE481, 0xE481, 0xE481, 0xE481, 0xE481, 0xE440, 0xDC20, 0xDC20, 0xDC20, 0xDC20, 0xE420, 
    0xE460, 0xEC80, 0xEC80, 0xEC80, 0xEC80, 0xECA0, 0xECA0, 0xECA0, 0xF4C0, 0xF4C0, 0xF4C0, 0xF4C0, 
    0xF4C0, 0xF4C0, 0xF4C0, 0xF4C1, 0xF4C1, 0xECC1, 0xECC1, 0xECA1, 0xECA1, 0xECA1, 0xEC81, 0xE481, 
    0xE481, 0xE461, 0xE461, 0xE461, 0xE461, 0xE461, 0xE461, 0xE461, 0xE461, 0xEC81, 0xE421, 0xED6B, 
    0xF6D6, 0xFFDE, 0xFFFF, 0xA578, 0x42AE, 0x0909, 0x11ED, 0x120D, 0x096A, 0x324D, 0x9536, 0xF7BE, 
    0xFFDF, 0xF7BE, 0xF7BE, 0xF7BF, 0xF7DF, 0xFFDF, 0xFFDF, 0xFFFF, 0xDF1D, 0x532F, 0x0149, 0x01AB, 
    0x018B, 0x014A, 0x0128, 0x4ACD, 0xF7BE, 0xFFDE, 0xFFDE, 0xF694, 0xEC62, 0xEC20, 0xEC40, 0xEC60, 
    0xE460, 0xE461, 0xE461, 0xE481, 0xE481, 0xE481, 0xEC82, 0xEC82, 0xEC82, 0xEC81, 0xEC81, 0xEC81, 
    0xEC81, 0xEC81, 0xECA2, 0xECA1, 0xECA1, 0xECA1, 0xECA1, 0xECA1, 0xECA1, 0xECA1, 0xECA1, 0xECA1, 
    0xECA1, 0xECA1, 0xECA1, 0xECA1, 0xECA1, 0xECA1, 0xEC81, 0xEC81, 0xEC81, 0xEC81, 0xEC81, 0xEC80, 
    0xEC80, 0xEC81, 0xEC81, 0xEC80, 0xEC80, 0xEC80, 0xEC80, 0xEC81, 0xECA1, 0xECA1, 0xECA1, 0xECA1, 
    0xECA1, 0xECC1, 0xF4C1, 0xF4C1, 0xF4C1, 0xF4C1, 0xEC40, 0xEE32, 0xF77C, 0xFFFF, 0xF7BE, 0xF7BE, 
    0xF7BE, 0xFFBE, 0xE73D, 0x42CE, 0x118A, 0x098A, 0x09AB, 0x096A, 0x19AB, 0x9516, 0xF7DF, 0xF7BE, 
    0xF7BF, 0xF7BF, 0xF7BF, 0xF7BF, 0xF7BF, 0xF7BF, 0xF7BF, 
    0xF7BF, 0xF7BF, 0xF7BF, 0xF7BF, 0xF7BF, 0xF7BE, 0xF7BE, 0xFFFF, 0xCE7A, 0x6391, 0x0109, 0x09AC, 
    0x01CC, 0x014A, 0x21EB, 0x7C94, 0xEF7E, 0xFFDF, 0xFFDF, 0xFFDF, 0xFFFF, 0xFFDF, 0xF651, 0xECC3, 
    0xF4A0, 0xECA0, 0xECA0, 0xECA0, 0xECA0, 0xECA0, 0xEC81, 0xEC81, 0xE481, 0xE481, 0xE481, 0xE481, 
    0xE481, 0xE481, 0xE480, 0xE480, 0xE460, 0xE461, 0xE4A5, 0xE56B, 0xEDEF, 0xEE11, 0xEDEF, 0xE529, 
    0xE483, 0xE440, 0xEC60, 0xEC80, 0xEC80, 0xECA0, 0xECA0, 0xECA0, 0xECC0, 0xECC0, 0xECC0, 0xECC0, 
    0xECC0, 0xECC0, 0xECC0, 0xECA0, 0xECA1, 0xECA1, 0xECA1, 0xECA1, 0xECA1, 0xEC81, 0xEC81, 0xE481, 
    0xE481, 0xE481, 0xE481, 0xE461, 0xE461, 0xE481, 0xE461, 0xE461, 0xE481, 0xECA1, 0xE441, 0xED8B, 
    0xF6F7, 0xFFFF, 0xFFFF, 0xAD98, 0x42AE, 0x0909, 0x11EC, 0x120D, 0x096A, 0x2A2C, 0x84B4, 0xF79E, 
    0xF7BE, 0xF79E, 0xF79E, 0xF79E, 0xF7BE, 0xF7BE, 0xFFDF, 0xFFFF, 0xD71C, 0x4B0F, 0x0128, 0x018B, 
    0x018A, 0x014A, 0x0128, 0x4ACD, 0xF7BE, 0xFFDF, 0xFFDE, 0xF694, 0xEC82, 0xEC40, 0xEC40, 0xEC60, 
    0xE461, 0xE461, 0xE481, 0xE481, 0xE481, 0xEC81, 0xEC81, 0xEC81, 0xEC81, 0xEC81, 0xEC81, 0xEC81, 
    0xEC81, 0xEC81, 0xECA1, 0xECA1, 0xEC81, 0xEC81, 0xEC81, 0xEC81, 0xECA1, 0xECA1, 0xECA1, 0xECA1, 
    0xECA1, 0xECA1, 0xECA1, 0xECA1, 0xECA1, 0xECA1, 0xEC81, 0xEC81, 0xEC81, 0xEC81, 0xEC81, 0xEC80, 
    0xEC80, 0xEC80, 0xEC80, 0xEC80, 0xEC80, 0xECA0, 0xECA0, 0xECA0, 0xECA1, 0xECA1, 0xECA1, 0xECA1, 
    0xF4C1, 0xF4C1, 0xF4C1, 0xF4C1, 0xF4C1, 0xF4C1, 0xEC61, 0xF674, 0xF79D, 0xF7DF, 0xF7BE, 0xF7BE, 
    0xF7BE, 0xF7BE, 0xD6DB, 0x2A2C, 0x098A, 0x098A, 0x09AB, 0x014A, 0x2A2D, 0x9D77, 0xFFDF, 0xF7BE, 
    0xF7BF, 0xF7BF, 0xF7BF, 0xF7BF, 0xF7BF, 0xF7BF, 0xF7BF, 
    0xF7BF, 0xF7BF, 0xF7BF, 0xF7BF, 0xF7BF, 0xF7BF, 0xF7BE, 0xFFDF, 0xE73D, 0x7C33, 0x0929, 0x098B, 
    0x09CC, 0x016A, 0x19AB, 0x5B90, 0xE75D, 0xFFDF, 0xFFDF, 0xFFDF, 0xFFDF, 0xFFFF, 0xF693, 0xED05, 
    0xEC80, 0xECA0, 0xECA0, 0xECA0, 0xE480, 0xE480, 0xE480, 0xE480, 0xE481, 0xE481, 0xE481, 0xE481, 
    0xE481, 0xE481, 0xE480, 0xE460, 0xE4A3, 0xED29, 0xEE30, 0xF6F7, 0xF75B, 0xF77C, 0xF75B, 0xEEB5, 
    0xE58D, 0xE4A6, 0xE441, 0xEC60, 0xEC81, 0xEC81, 0xECA0, 0xECA0, 0xECA0, 0xECA0, 0xECA0, 0xECA0, 
    0xECA0, 0xECA0, 0xECA0, 0xECA0, 0xECA0, 0xECA0, 0xECA0, 0xECA1, 0xEC81, 0xEC81, 0xE481, 0xE481, 
    0xE481, 0xE481, 0xE481, 0xE481, 0xE481, 0xE481, 0xE481, 0xE481, 0xECA1, 0xECA1, 0xEC41, 0xED8C, 
    0xF6F7, 0xFFFF, 0xFFFF, 0xAD98, 0x4ACF, 0x0909, 0x11EC, 0x11EC, 0x09AB, 0x19EB, 0x5B70, 0xE73D, 
    0xF7BE, 0xF79E, 0xEF7E, 0xEF7E, 0xF79E, 0xF7BE, 0xFFDF, 0xFFDF, 0xBE39, 0x42AD, 0x0108, 0x018A, 
    0x018A, 0x014A, 0x0128, 0x4AEE, 0xFFDF, 0xFFDF, 0xFFDE, 0xF6B4, 0xEC82, 0xEC60, 0xEC60, 0xEC81, 
    0xEC81, 0xEC81, 0xEC81, 0xEC81, 0xEC81, 0xEC81, 0xEC81, 0xEC81, 0xEC81, 0xEC81, 0xEC81, 0xEC81, 
    0xEC80, 0xEC80, 0xEC80, 0xEC80, 0xEC80, 0xEC81, 0xEC81, 0xEC81, 0xEC81, 0xEC81, 0xEC81, 0xEC81, 
    0xECA1, 0xECA1, 0xECA1, 0xECA1, 0xECA1, 0xECA1, 0xEC81, 0xEC81, 0xEC81, 0xEC81, 0xEC81, 0xEC80, 
    0xEC80, 0xEC80, 0xEC80, 0xEC80, 0xECA0, 0xECA0, 0xECA0, 0xECA0, 0xECA0, 0xF4A1, 0xF4A1, 0xF4C1, 
    0xF4C1, 0xF4C1, 0xF4C1, 0xF4E1, 0xF4C1, 0xF4C1, 0xEC62, 0xF6B6, 0xF7BE, 0xF7DF, 0xF7BE, 0xF7BE, 
    0xF7DF, 0xEF7D, 0xB5D8, 0x19AA, 0x0969, 0x098A, 0x098A, 0x00E8, 0x42CF, 0xADD8, 0xFFDF, 0xF79E, 
    0xF7BF, 0xF7BF, 0xF7BF, 0xF7BF, 0xF7BF, 0xF7BF, 0xF7BF, 
    0xF7BF, 0xF7BF, 0xF7BF, 0xF7BF, 0xF7BF, 0xF7BF, 0xF7BF, 0xFFDF, 0xF7BE, 0x8CD5, 0x116A, 0x096B, 
    0x09CC, 0x018B, 0x118A, 0x3A8D, 0xDF1C, 0xFFDF, 0xFFDF, 0xFFDF, 0xF7DF, 0xFFFF, 0xF6D5, 0xED48, 
    0xEC40, 0xEC80, 0xECA0, 0xE480, 0xE480, 0xE480, 0xE480, 0xE480, 0xE481, 0xE481, 0xE481, 0xE481, 
    0xE481, 0xE481, 0xE460, 0xE482, 0xED6A, 0xF6D6, 0xFFDD, 0xFFDE, 0xFFDE, 0xFFDE, 0xFFDE, 0xFFDE, 
    0xF71A, 0xEDCF, 0xE443, 0xEC41, 0xEC61, 0xEC81, 0xEC80, 0xECA0, 0xECA0, 0xECA0, 0xECA0, 0xECA0, 
    0xECA0, 0xECA0, 0xEC80, 0xEC80, 0xEC80, 0xEC80, 0xEC80, 0xEC80, 0xEC80, 0xEC80, 0xE480, 0xE480, 
    0xEC80, 0xEC81, 0xEC81, 0xE481, 0xEC81, 0xECA1, 0xECA1, 0xECA1, 0xECA1, 0xECA1, 0xEC61, 0xEDAC, 
    0xF718, 0xFFFF, 0xFFFF, 0xADB8, 0x4ACF, 0x0929, 0x11EC, 0x11EC, 0x09CC, 0x098A, 0x29EB, 0xB5F9, 
    0xE75D, 0xF7BE, 0xF79E, 0xF79E, 0xF79E, 0xFFBF, 0xF7BE, 0xE71D, 0x7C53, 0x21EB, 0x0108, 0x098A, 
    0x018A, 0x014A, 0x0949, 0x4B0E, 0xFFDF, 0xFFFF, 0xFFDE, 0xF6B4, 0xECA2, 0xEC60, 0xEC80, 0xEC81, 
    0xEC81, 0xEC81, 0xEC81, 0xEC80, 0xEC80, 0xEC80, 0xEC80, 0xEC80, 0xEC80, 0xEC80, 0xEC80, 0xEC80, 
    0xEC80, 0xEC80, 0xEC80, 0xEC80, 0xEC80, 0xEC80, 0xEC80, 0xEC81, 0xEC81, 0xEC81, 0xEC81, 0xEC81, 
    0xEC81, 0xEC81, 0xEC81, 0xECA1, 0xEC81, 0xEC81, 0xEC81, 0xEC81, 0xECA1, 0xECA1, 0xECA1, 0xECA1, 
    0xEC80, 0xEC81, 0xEC80, 0xECA0, 0xECA0, 0xECA0, 0xECA0, 0xF4A0, 0xF4A0, 0xF4C1, 0xF4C1, 0xF4C1, 
    0xF4C1, 0xF4C1, 0xF4C1, 0xF4E1, 0xF4C1, 0xF4A2, 0xE4A5, 0xF6F7, 0xFFDF, 0xF7BF, 0xF7BF, 0xF79E, 
    0xF7DF, 0xD6DC, 0x8473, 0x1108, 0x0949, 0x098A, 0x016A, 0x00A7, 0x63B2, 0xC65A, 0xFFDF, 0xF79E, 
    0xF7BF, 0xF7BF, 0xF7BF, 0xF7BF, 0xF7BF, 0xF7BF, 0xF7BF, 
    0xF7BF, 0xF7BF, 0xF7BF, 0xF7BF, 0xF7BF, 0xF7BF, 0xF7BF, 0xF7BE, 0xFFDF, 0xA597, 0x326D, 0x094A, 
    0x09CC, 0x09CC, 0x098A, 0x21CA, 0xCEBB, 0xF7DF, 0xFFFF, 0xF7DF, 0xF7DF, 0xFFFF, 0xF738, 0xEDAC, 
    0xEC20, 0xEC80, 0xEC80, 0xE480, 0xE460, 0xE460, 0xE460, 0xE460, 0xE461, 0xDC61, 0xDC61, 0xDC61, 
    0xE481, 0xE481, 0xE440, 0xE549, 0xF6B4, 0xFFDD, 0xFFDE, 0xFFBE, 0xFFBE, 0xFFBE, 0xFFBE, 0xF7BE, 
    0xFFBE, 0xF6F8, 0xE54A, 0xE421, 0xEC40, 0xEC60, 0xEC80, 0xEC80, 0xEC80, 0xEC80, 0xEC80, 0xEC80, 
    0xEC80, 0xEC80, 0xEC80, 0xEC80, 0xEC80, 0xE480, 0xE480, 0xE480, 0xE480, 0xE480, 0xEC80, 0xEC80, 
    0xEC81, 0xEC81, 0xEC81, 0xECA1, 0xECA1, 0xECA1, 0xECA1, 0xECC1, 0xECC1, 0xECC1, 0xEC61, 0xEDAC, 
    0xF718, 0xFFFF, 0xFFFF, 0xADB8, 0x4ACF, 0x0929, 0x11EC, 0x11CC, 0x11EC, 0x09AB, 0x1149, 0x3A8D, 
    0xADD8, 0xEF9E, 0xFFFF, 0xFFDF, 0xFFFF, 0xFFFF, 0xDEFC, 0x8CB4, 0x1989, 0x0129, 0x016A, 0x098A, 
    0x018A, 0x016A, 0x0969, 0x4B2F, 0xFFFF, 0xFFFF, 0xFFFF, 0xF6B4, 0xECA2, 0xEC80, 0xEC80, 0xECA1, 
    0xECA1, 0xECA1, 0xECA1, 0xECA0, 0xECA0, 0xECA0, 0xEC80, 0xEC81, 0xEC81, 0xE481, 0xE481, 0xE481, 
    0xE481, 0xE481, 0xE480, 0xE480, 0xE480, 0xE480, 0xE480, 0xE480, 0xE480, 0xEC80, 0xEC80, 0xEC81, 
    0xEC81, 0xEC81, 0xEC81, 0xEC81, 0xEC81, 0xEC81, 0xEC81, 0xECA1, 0xECC1, 0xECA1, 0xECA1, 0xECA1, 
    0xECA1, 0xECA1, 0xECA1, 0xECA0, 0xECA0, 0xECA0, 0xF4A0, 0xF4A0, 0xF4A0, 0xF4C1, 0xF4C1, 0xF4C1, 
    0xF4C1, 0xF4C1, 0xF4C1, 0xF4E2, 0xF4C2, 0xECC3, 0xE54A, 0xF73A, 0xFFDF, 0xF7BF, 0xF7BF, 0xF7BE, 
    0xF7DF, 0xBE39, 0x42EE, 0x0908, 0x0949, 0x098A, 0x016A, 0x00A7, 0x8CD6, 0xDF1D, 0xFFDF, 0xF7BE, 
    0xF7BF, 0xF7BF, 0xF7BF, 0xF7BF, 0xF7BF, 0xF7BF, 0xF7BF, 
    0xF7BF, 0xF7BF, 0xF7BF, 0xF7BF, 0xF7BF, 0xF7BF, 0xF7BF, 0xF7BE, 0xFFFF, 0xB619, 0x4B0F, 0x0909, 
    0x09AB, 0x09EC, 0x09AB, 0x1969, 0xA577, 0xE75D, 0xFFDF, 0xF7BF, 0xF7BF, 0xFFFF, 0xF77B, 0xEE10, 
    0xE400, 0xEC80, 0xEC80, 0xE480, 0xE460, 0xE460, 0xE460, 0xDC60, 0xDC61, 0xDC61, 0xDC61, 0xDC61, 
    0xE461, 0xE461, 0xE461, 0xEE10, 0xF75B, 0xFFDE, 0xFFDE, 0xFFBE, 0xFFBE, 0xFFBE, 0xFFBE, 0xF7BE, 
    0xFFDF, 0xF77C, 0xEE53, 0xE422, 0xEC40, 0xEC60, 0xEC60, 0xE480, 0xE480, 0xE480, 0xE480, 0xE480, 
    0xE480, 0xE480, 0xE480, 0xE480, 0xE480, 0xE480, 0xE480, 0xE480, 0xE480, 0xE480, 0xEC80, 0xEC80, 
    0xEC81, 0xEC81, 0xECA1, 0xECA1, 0xECA1, 0xECA1, 0xECC1, 0xECC1, 0xECC1, 0xECC1, 0xEC61, 0xEDAD, 
    0xF718, 0xFFFF, 0xFFFF, 0xB5B8, 0x4AEF, 0x0929, 0x11EC, 0x09CC, 0x09CC, 0x09CC, 0x098B, 0x118A, 
    0x3A8D, 0x6BF1, 0x9D16, 0xB5D8, 0xADB8, 0x8CD4, 0x5B70, 0x21CA, 0x0949, 0x016A, 0x018A, 0x018A, 
    0x098B, 0x014A, 0x096A, 0x534F, 0xFFFF, 0xFFFF, 0xFFFF, 0xFEB4, 0xECA2, 0xF480, 0xF4A0, 0xF4A0, 
    0xECA0, 0xECA0, 0xECA0, 0xECA0, 0xECA0, 0xECA0, 0xEC80, 0xEC80, 0xEC80, 0xEC80, 0xE480, 0xE480, 
    0xE481, 0xE481, 0xE480, 0xE481, 0xE481, 0xE481, 0xE481, 0xE460, 0xE480, 0xE480, 0xE480, 0xE480, 
    0xE481, 0xE481, 0xEC81, 0xEC81, 0xEC81, 0xEC81, 0xEC81, 0xEC61, 0xEC41, 0xE441, 0xE441, 0xE460, 
    0xEC80, 0xECA1, 0xECA1, 0xECA0, 0xECA0, 0xF4A0, 0xF4C0, 0xF4C0, 0xF4C0, 0xF4C1, 0xF4C1, 0xF4C1, 
    0xF4C1, 0xF4C1, 0xF4E1, 0xF4E2, 0xECA2, 0xECC5, 0xEE53, 0xFF9C, 0xFFDF, 0xF7BF, 0xF7BF, 0xF7BE, 
    0xF7DF, 0xADB8, 0x21CB, 0x0909, 0x0949, 0x096A, 0x0149, 0x00E8, 0xADB8, 0xEF9E, 0xF7BF, 0xF7BE, 
    0xF7BF, 0xF7BF, 0xF7BF, 0xF7BF, 0xF7BF, 0xF7BF, 0xF7BF, 
    0xF7BF, 0xF7BF, 0xF7BF, 0xF7BF, 0xF7BF, 0xF7BF, 0xF7BF, 0xF7BE, 0xFFDF, 0xCE9B, 0x7412, 0x00E8, 
    0x09AB, 0x0A0D, 0x09CB, 0x1149, 0x6BF2, 0xCEBB, 0xFFDF, 0xF7BE, 0xF7BE, 0xF7DF, 0xFF9D, 0xF673, 
    0xE421, 0xEC60, 0xEC80, 0xE460, 0xE460, 0xDC60, 0xDC60, 0xDC60, 0xDC61, 0xDC61, 0xDC61, 0xDC61, 
    0xE461, 0xE460, 0xE4A2, 0xF693, 0xFFBD, 0xFFDE, 0xFFDE, 0xFFDE, 0xFFDE, 0xFFDE, 0xFFDE, 0xFFBF, 
    0xFFDF, 0xF7BE, 0xF6F8, 0xE463, 0xE440, 0xEC60, 0xE460, 0xE460, 0xE480, 0xE480, 0xE480, 0xE480, 
    0xE480, 0xE480, 0xE460, 0xE460, 0xE460, 0xE460, 0xE480, 0xE480, 0xE480, 0xE480, 0xEC80, 0xEC80, 
    0xEC81, 0xEC81, 0xECA1, 0xECA1, 0xECA1, 0xECC1, 0xECC1, 0xECC1, 0xECE1, 0xF4E1, 0xEC61, 0xEDAD, 
    0xF719, 0xFFFF, 0xFFFF, 0xB5D8, 0x52EF, 0x0929, 0x11EC, 0x09CC, 0x09CC, 0x09CC, 0x09CB, 0x096A, 
    0x0969, 0x19CA, 0x3A6C, 0x4ACD, 0x4ACD, 0x324C, 0x19AA, 0x0129, 0x016A, 0x018A, 0x018A, 0x018A, 
    0x018B, 0x016A, 0x118A, 0x5370, 0xFFFF, 0xFFFF, 0xFFFF, 0xFEB4, 0xECA1, 0xF4A0, 0xF4A0, 0xF4A0, 
    0xF4C0, 0xF4A0, 0xECA0, 0xECA0, 0xECA0, 0xECA0, 0xEC80, 0xEC80, 0xEC80, 0xEC80, 0xE480, 0xE480, 
    0xE480, 0xE460, 0xE460, 0xE460, 0xE461, 0xE461, 0xE461, 0xE460, 0xE480, 0xE480, 0xE480, 0xE480, 
    0xE481, 0xE481, 0xE481, 0xEC81, 0xEC81, 0xEC81, 0xEC82, 0xECC5, 0xED6A, 0xEDAD, 0xEDAD, 0xED29, 
    0xE482, 0xECA1, 0xECA1, 0xECA0, 0xECA0, 0xF4A0, 0xF4C0, 0xF4C0, 0xF4C0, 0xF4C1, 0xF4C1, 0xF4C1, 
    0xF4C1, 0xF4C1, 0xF4E2, 0xECE2, 0xECC2, 0xED07, 0xF73A, 0xFFBE, 0xFFDF, 0xF7BF, 0xF7BF, 0xF7DF, 
    0xEF9E, 0x9D36, 0x0928, 0x0949, 0x096A, 0x096A, 0x096A, 0x19CB, 0xC65A, 0xF7BF, 0xF7BE, 0xF7BE, 
    0xF7BE, 0xF7BF, 0xF7BF, 0xF7BF, 0xF7BF, 0xF7BF, 0xF7BF, 
    0xF7BF, 0xF7BF, 0xF7BF, 0xF7BF, 0xF7BF, 0xF7BF, 0xF7BF, 0xF7BE, 0xFFDF, 0xE73D, 0x9D36, 0x0929, 
    0x09AC, 0x09ED, 0x01CC, 0x096A, 0x32AD, 0xB619, 0xFFDF, 0xF7BE, 0xF7BE, 0xF7BE, 0xFFBE, 0xF6D6, 
    0xE484, 0xEC61, 0xEC60, 0xE460, 0xDC60, 0xDC61, 0xDC61, 0xDC61, 0xDC61, 0xDC61, 0xDC61, 0xE481, 
    0xE461, 0xE460, 0xECC4, 0xF6B5, 0xFFDE, 0xFFDE, 0xFFDE, 0xFFDE, 0xFFDE, 0xFFDE, 0xFFDE, 0xFFDF, 
    0xFFDF, 0xFFDE, 0xF739, 0xE484, 0xE440, 0xEC60, 0xE460, 0xE460, 0xE460, 0xE460, 0xE460, 0xE460, 
    0xE460, 0xE460, 0xE460, 0xE460, 0xE460, 0xE460, 0xE460, 0xE480, 0xE480, 0xE480, 0xEC80, 0xEC80, 
    0xEC81, 0xEC81, 0xECA1, 0xECA1, 0xECA1, 0xECC0, 0xF4C0, 0xF4C1, 0xF4E1, 0xF4E2, 0xEC61, 0xED8C, 
    0xF6F8, 0xFFFF, 0xFFFF, 0xBE19, 0x532F, 0x0929, 0x11EC, 0x09CC, 0x09CC, 0x09CC, 0x09AB, 0x09AB, 
    0x098A, 0x0149, 0x0108, 0x00C7, 0x00E7, 0x0108, 0x0149, 0x018B, 0x018B, 0x018A, 0x018A, 0x018A, 
    0x098B, 0x014A, 0x11AB, 0x63D1, 0xFFFF, 0xFFFF, 0xFFDE, 0xFE93, 0xF481, 0xF4A0, 0xF4C0, 0xF4C0, 
    0xF4C0, 0xF4C0, 0xF4A0, 0xECA0, 0xECA0, 0xECA0, 0xEC80, 0xEC80, 0xEC80, 0xEC80, 0xE480, 0xE480, 
    0xE460, 0xE460, 0xE460, 0xE460, 0xE460, 0xE481, 0xE461, 0xE480, 0xE480, 0xE480, 0xE480, 0xE481, 
    0xE481, 0xE481, 0xE481, 0xEC81, 0xEC81, 0xEC81, 0xECE6, 0xF5EE, 0xFEF7, 0xFF7B, 0xFF5A, 0xF6B5, 
    0xE549, 0xECA3, 0xEC81, 0xECA0, 0xECA0, 0xF4C0, 0xF4C0, 0xF4A0, 0xF4A0, 0xF4C1, 0xF4C1, 0xF4C1, 
    0xF4C1, 0xF4C1, 0xF4C2, 0xECC2, 0xECC3, 0xED49, 0xFFBD, 0xFFDF, 0xF7DF, 0xF7BF, 0xF7BE, 0xFFFF, 
    0xDEFC, 0x7C53, 0x00C7, 0x096A, 0x098A, 0x096A, 0x116A, 0x42EF, 0xCEBB, 0xF7BF, 0xF7BE, 0xF7BE, 
    0xF7BE, 0xF7BF, 0xF7BF, 0xF7BF, 0xF7BF, 0xF7BF, 0xF7BF, 
    0xF7BF, 0xF7BF, 0xF7BF, 0xF7BF, 0xF7BF, 0xF7BF, 0xF7BF, 0xF7BE, 0xF7BE, 0xF7BE, 0xC65A, 0x11AB, 
    0x098B, 0x01AC, 0x01ED, 0x01AC, 0x098A, 0x9D77, 0xF7BE, 0xF7BE, 0xF79D, 0xF79E, 0xFFBE, 0xF739, 
    0xE529, 0xEC61, 0xEC60, 0xE460, 0xDC61, 0xDC61, 0xDC61, 0xDC61, 0xDC61, 0xE481, 0xE481, 0xE481, 
    0xE481, 0xE460, 0xE4C3, 0xF6B5, 0xFFDE, 0xFFDE, 0xFFDE, 0xFFDE, 0xFFDE, 0xFFDE, 0xFFDE, 0xFFDF, 
    0xFFDF, 0xFFDE, 0xF739, 0xE483, 0xE440, 0xE460, 0xE460, 0xE460, 0xE460, 0xE460, 0xE460, 0xE460, 
    0xE460, 0xE460, 0xE460, 0xE460, 0xE460, 0xE460, 0xE460, 0xE460, 0xE480, 0xE480, 0xEC80, 0xEC80, 
    0xEC81, 0xECA1, 0xECA0, 0xECA0, 0xECA1, 0xF4C0, 0xF4C0, 0xF4C1, 0xF4E1, 0xECE2, 0xEC81, 0xED6B, 
    0xF6D6, 0xFFFF, 0xFFFF, 0xCE7B, 0x6370, 0x0929, 0x11CC, 0x09CC, 0x09CC, 0x09AB, 0x09AB, 0x09AB, 
    0x09AB, 0x09AA, 0x09AA, 0x09AA, 0x09AA, 0x09AA, 0x018A, 0x018A, 0x018A, 0x018A, 0x018A, 0x018A, 
    0x09AB, 0x0129, 0x21EC, 0x7453, 0xFFFF, 0xFFFF, 0xFFDD, 0xF672, 0xEC60, 0xF4A0, 0xF4C0, 0xF4C0, 
    0xF4C0, 0xF4C0, 0xF4A0, 0xECA0, 0xECA0, 0xECA0, 0xEC80, 0xEC80, 0xEC80, 0xEC80, 0xE480, 0xE460, 
    0xE460, 0xE460, 0xE460, 0xE460, 0xE460, 0xE460, 0xE480, 0xE480, 0xE460, 0xE460, 0xE480, 0xE461, 
    0xE481, 0xE481, 0xE481, 0xEC81, 0xEC60, 0xECA3, 0xF5EE, 0xFFBD, 0xFFFE, 0xFFFF, 0xFFFF, 0xFFDE, 
    0xFF59, 0xED08, 0xEC82, 0xF4A0, 0xF4C1, 0xECA0, 0xECA0, 0xECA0, 0xF4A0, 0xF4C1, 0xF4C1, 0xF4C1, 
    0xF4C1, 0xECC1, 0xECC2, 0xECA1, 0xECC4, 0xED6B, 0xFFDE, 0xF7DF, 0xF7BE, 0xF7BE, 0xF7BE, 0xFFFF, 
    0xB5F9, 0x530F, 0x00A7, 0x096A, 0x09AB, 0x0949, 0x198A, 0x6C14, 0xDEFC, 0xF7BF, 0xF79E, 0xF7BF, 
    0xF7BE, 0xF7BF, 0xF7BF, 0xF7BF, 0xF7BF, 0xF7BF, 0xF7BF, 
    0xF7BF, 0xF7BF, 0xF7BF, 0xF7BF, 0xF7BF, 0xF7BF, 0xF7BF, 0xF7BF, 0xF7BE, 0xFFDF, 0xD6DB, 0x42EF, 
    0x118B, 0x01AB, 0x0A0D, 0x01EC, 0x0129, 0x8494, 0xDF1C, 0xFFDE, 0xF79D, 0xF79E, 0xFFBE, 0xFF7B, 
    0xF632, 0xE464, 0xEC40, 0xE460, 0xE460, 0xE461, 0xE461, 0xE461, 0xE481, 0xE481, 0xE481, 0xE481, 
    0xE481, 0xE481, 0xE482, 0xF673, 0xFFBE, 0xFFDE, 0xFFBE, 0xFFBD, 0xFFBD, 0xFFDE, 0xFFDE, 0xFFDF, 
    0xFFFF, 0xFFBC, 0xF6B4, 0xE422, 0xE440, 0xE460, 0xE461, 0xE460, 0xE460, 0xE460, 0xE460, 0xE460, 
    0xE460, 0xE460, 0xE460, 0xE460, 0xE460, 0xE460, 0xE460, 0xE460, 0xE480, 0xE480, 0xEC80, 0xEC80, 
    0xEC81, 0xECA1, 0xECA0, 0xECA0, 0xECA0, 0xF4C0, 0xF4C0, 0xF4C1, 0xECE1, 0xECE2, 0xEC82, 0xED06, 
    0xF672, 0xFFFF, 0xFFFF, 0xEF5E, 0x7C33, 0x1169, 0x09AB, 0x09CC, 0x09CC, 0x09AB, 0x01AB, 0x01AB, 
    0x01AA, 0x018A, 0x018A, 0x018A, 0x018A, 0x018A, 0x018A, 0x018A, 0x098A, 0x098A, 0x098A, 0x098A, 
    0x09AB, 0x00E8, 0x42CE, 0xADB8, 0xFFFF, 0xFFFF, 0xFF9B, 0xF62F, 0xEC40, 0xF4A0, 0xF4C0, 0xF4C0, 
    0xF4C0, 0xF4C0, 0xF4A0, 0xECA0, 0xECA0, 0xECA0, 0xEC80, 0xEC80, 0xEC80, 0xEC80, 0xEC80, 0xE460, 
    0xE460, 0xE460, 0xE460, 0xE460, 0xE460, 0xE460, 0xE460, 0xE460, 0xE460, 0xE460, 0xE480, 0xE461, 
    0xE481, 0xE481, 0xE481, 0xEC81, 0xEC20, 0xED49, 0xF6B4, 0xFFDE, 0xFFBD, 0xFFBD, 0xFFDE, 0xFFDE, 
    0xFFDE, 0xF60F, 0xECE5, 0xEC80, 0xF4C1, 0xECA0, 0xECA0, 0xECA0, 0xECA1, 0xECA1, 0xECA1, 0xECC1, 
    0xECC1, 0xECC1, 0xECC2, 0xEC81, 0xECE6, 0xEE10, 0xFFDE, 0xF7BE, 0xF7BE, 0xF7BE, 0xF7BE, 0xFFFF, 
    0x8CD5, 0x29EB, 0x0108, 0x098B, 0x09CB, 0x0969, 0x21EB, 0xA598, 0xE75D, 0xF7DF, 0xF7BE, 0xF7BF, 
    0xF7BF, 0xF7BF, 0xF7BF, 0xF7BF, 0xF7BF, 0xF7BF, 0xF7BF, 
    0xF7BE, 0xF7BF, 0xF7BF, 0xF7BF, 0xF7BF, 0xF7BF, 0xF7BF, 0xF7BF, 0xF7BE, 0xFFDF, 0xE73D, 0x7C53, 
    0x198A, 0x016B, 0x01ED, 0x01ED, 0x0129, 0x5371, 0xB619, 0xFFDF, 0xF79D, 0xFF9E, 0xFFDE, 0xFFBD, 
    0xFF18, 0xE4A6, 0xEC41, 0xEC60, 0xE461, 0xE461, 0xE481, 0xE481, 0xE481, 0xE481, 0xE481, 0xE4A1, 
    0xE4A1, 0xE4A1, 0xE461, 0xEDAD, 0xF718, 0xFFFF, 0xFFDE, 0xFFBD, 0xFFBD, 0xFFBE, 0xFFDE, 0xFFDF, 
    0xFFFF, 0xF738, 0xED6A, 0xE441, 0xEC40, 0xE460, 0xE461, 0xE461, 0xE461, 0xE460, 0xE460, 0xE460, 
    0xE460, 0xE460, 0xE460, 0xE460, 0xE460, 0xE460, 0xE460, 0xE461, 0xE481, 0xE480, 0xEC80, 0xEC80, 
    0xEC80, 0xECA0, 0xECA0, 0xECA0, 0xF4A0, 0xF4C0, 0xF4C0, 0xF4C1, 0xECC1, 0xECC2, 0xECA2, 0xECA3, 
    0xF5EE, 0xFFBD, 0xFFFF, 0xFFDF, 0xA557, 0x3A6D, 0x0929, 0x09AB, 0x09AB, 0x09AB, 0x01AB, 0x09AA, 
    0x018A, 0x018A, 0x018A, 0x0169, 0x0169, 0x0169, 0x0169, 0x0169, 0x0969, 0x0969, 0x098A, 0x098A, 
    0x0949, 0x1169, 0x6C12, 0xDF1D, 0xFFFF, 0xFFFF, 0xF716, 0xF5AA, 0xEC40, 0xF4A0, 0xF4C0, 0xF4C0, 
    0xF4C0, 0xF4C0, 0xF4A0, 0xECA0, 0xECA0, 0xECA0, 0xECA0, 0xEC80, 0xEC80, 0xEC80, 0xEC80, 0xE480, 
    0xE480, 0xE480, 0xE480, 0xE460, 0xE460, 0xE480, 0xE480, 0xE460, 0xE460, 0xE480, 0xE460, 0xE481, 
    0xE481, 0xE481, 0xE481, 0xEC81, 0xE400, 0xF56A, 0xFEF6, 0xFFDE, 0xFF9D, 0xFFBD, 0xFFBD, 0xFFDE, 
    0xFFFF, 0xF651, 0xECE6, 0xEC61, 0xECA1, 0xECA0, 0xECA0, 0xECA1, 0xECA1, 0xECA1, 0xECA1, 0xECA1, 
    0xECC1, 0xECC1, 0xECC1, 0xE461, 0xE529, 0xF6D7, 0xFFDE, 0xF7BE, 0xF79E, 0xF7BE, 0xFFDF, 0xEF7E, 
    0x6BD1, 0x1149, 0x096A, 0x098B, 0x09AB, 0x096A, 0x326D, 0xD6DC, 0xF79E, 0xF7BE, 0xF7BE, 0xF7BF, 
    0xF7BF, 0xF7BF, 0xF7BF, 0xF7BF, 0xF7BF, 0xF7BF, 0xF7BF, 
    0xF7BE, 0xF7BE, 0xF7BF, 0xF7BF, 0xF7BF, 0xF7BF, 0xF7BF, 0xF7BF, 0xF7BE, 0xFFDF, 0xEF7E, 0xB5D8, 
    0x29EB, 0x016A, 0x01ED, 0x01CC, 0x014A, 0x224D, 0x8CF5, 0xFFDF, 0xF79E, 0xFFBE, 0xFFBE, 0xFFDE, 
    0xFF9C, 0xED2A, 0xEC63, 0xEC61, 0xEC81, 0xE481, 0xE481, 0xE481, 0xEC81, 0xECA1, 0xECA1, 0xECA1, 
    0xECA1, 0xECC1, 0xEC80, 0xE4E6, 0xEE30, 0xFF9C, 0xFFDE, 0xFFDE, 0xFFDE, 0xFFDE, 0xFFDF, 0xFFFF, 
    0xF77B, 0xEE30, 0xE483, 0xEC60, 0xEC60, 0xE461, 0xE461, 0xE461, 0xE461, 0xE460, 0xE460, 0xE460, 
    0xE460, 0xE460, 0xE460, 0xE460, 0xE460, 0xE460, 0xE460, 0xE481, 0xE481, 0xEC80, 0xEC80, 0xEC80, 
    0xEC80, 0xECA0, 0xECA0, 0xECA0, 0xF4A0, 0xF4C0, 0xF4C0, 0xF4C1, 0xF4C1, 0xECC1, 0xF4C1, 0xEC81, 
    0xED6A, 0xFF18, 0xFFFF, 0xFFFF, 0xCEBB, 0x7C33, 0x1128, 0x098A, 0x09AA, 0x09AA, 0x098A, 0x098A, 
    0x018A, 0x0189, 0x0169, 0x0169, 0x0169, 0x0169, 0x0169, 0x0969, 0x0969, 0x0969, 0x0969, 0x0949, 
    0x00E7, 0x42CE, 0xA5B8, 0xFFFF, 0xFFFF, 0xFFFF, 0xF692, 0xED05, 0xEC60, 0xF4A0, 0xF4C0, 0xF4C0, 
    0xF4C0, 0xF4C0, 0xF4A0, 0xECA0, 0xECA0, 0xECA0, 0xECA0, 0xEC80, 0xEC80, 0xEC80, 0xEC80, 0xEC80, 
    0xE480, 0xE480, 0xE480, 0xE460, 0xE480, 0xE480, 0xE480, 0xE460, 0xE480, 0xE480, 0xE480, 0xE481, 
    0xE481, 0xE481, 0xE481, 0xECA1, 0xEC20, 0xED29, 0xF6B4, 0xFFDE, 0xFFBD, 0xFFBD, 0xFFDE, 0xFFDE, 
    0xFFDE, 0xEDEF, 0xECC5, 0xEC61, 0xECA1, 0xECA0, 0xECA0, 0xEC81, 0xEC81, 0xECA1, 0xECA1, 0xECA1, 
    0xECA1, 0xECA1, 0xECA1, 0xE482, 0xED8D, 0xF77C, 0xF7DE, 0xF7BE, 0xF79D, 0xF7BE, 0xFFDF, 0xC69B, 
    0x530F, 0x0908, 0x09AB, 0x09AB, 0x096A, 0x11CB, 0x5370, 0xF7BF, 0xF7BE, 0xF7BE, 0xF7BF, 0xF7BF, 
    0xF7BF, 0xF7BF, 0xF7BF, 0xF7BF, 0xF7BF, 0xF7BF, 0xF7BF, 
    0xF7BF, 0xF7BE, 0xF7BF, 0xF7BF, 0xF7BF, 0xF7BF, 0xF7BF, 0xF7BF, 0xF7BE, 0xFFDF, 0xFFBF, 0xEF5D, 
    0x3AAE, 0x098B, 0x01AC, 0x01CC, 0x01AB, 0x016A, 0x63F1, 0xEF9E, 0xFFBE, 0xFFBE, 0xFFBE, 0xFFDE, 
    0xFFDE, 0xEDF0, 0xECC6, 0xEC61, 0xEC81, 0xEC81, 0xECA1, 0xECA1, 0xECA1, 0xECA1, 0xECA1, 0xECC1, 
    0xECC1, 0xECC1, 0xECC1, 0xE481, 0xE508, 0xEE74, 0xFF9B, 0xFFBD, 0xFFDE, 0xFFDE, 0xFFDE, 0xFF9B, 
    0xEE30, 0xE4E6, 0xE440, 0xEC80, 0xEC61, 0xE461, 0xE461, 0xE461, 0xE461, 0xE461, 0xE460, 0xE460, 
    0xE460, 0xE460, 0xE460, 0xE460, 0xE460, 0xE460, 0xEC80, 0xEC81, 0xEC81, 0xEC80, 0xEC80, 0xEC80, 
    0xEC80, 0xECA0, 0xECA0, 0xECA0, 0xF4A0, 0xF4A0, 0xF4C1, 0xF4C1, 0xF4C1, 0xF4C1, 0xF4E1, 0xECA1, 
    0xECE5, 0xF60F, 0xFFDE, 0xFFFF, 0xFFDF, 0xC65A, 0x3A4B, 0x1168, 0x0969, 0x098A, 0x0989, 0x0989, 
    0x0989, 0x0169, 0x0169, 0x0169, 0x0169, 0x0969, 0x0969, 0x0969, 0x0969, 0x0969, 0x0949, 0x0928, 
    0x1948, 0x9516, 0xE73D, 0xFFFF, 0xFFFF, 0xFFBC, 0xEDCD, 0xEC82, 0xECA1, 0xF4A1, 0xF4C1, 0xF4C0, 
    0xF4C0, 0xF4C0, 0xF4A0, 0xECA0, 0xECA0, 0xECA0, 0xEC80, 0xEC80, 0xEC80, 0xEC80, 0xEC80, 0xEC80, 
    0xEC80, 0xE480, 0xE480, 0xE480, 0xE480, 0xE480, 0xE480, 0xE480, 0xE480, 0xE480, 0xE480, 0xE481, 
    0xE481, 0xE481, 0xEC81, 0xECA1, 0xEC60, 0xECC4, 0xF60F, 0xFFBD, 0xFFDE, 0xFFDE, 0xFFDE, 0xFFDD, 
    0xFF59, 0xE508, 0xE482, 0xEC81, 0xECA1, 0xECA0, 0xEC80, 0xE480, 0xE480, 0xE480, 0xE481, 0xE4A1, 
    0xE4A1, 0xECA2, 0xEC81, 0xE4C6, 0xEE31, 0xFFDF, 0xF7BE, 0xF7BE, 0xF7BE, 0xFFBE, 0xFFDF, 0x8D36, 
    0x324D, 0x0909, 0x11CC, 0x09CC, 0x0149, 0x2A4D, 0x84B5, 0xFFFF, 0xF7BE, 0xF7BE, 0xF7BF, 0xF7BF, 
    0xF7BF, 0xF7BF, 0xF7BF, 0xF7BF, 0xF7BF, 0xF7BF, 0xF7BF, 
    0xF7BF, 0xF7BF, 0xF7BF, 0xF7BF, 0xF7BF, 0xF7BF, 0xF7BF, 0xF7BF, 0xF7BE, 0xF7BE, 0xF7BE, 0xFFDF, 
    0x63B1, 0x19CB, 0x016A, 0x01CC, 0x01CC, 0x0108, 0x4ACE, 0xC65A, 0xF7DF, 0xF7BE, 0xF7BE, 0xFFDF, 
    0xFFDE, 0xF6F8, 0xED2A, 0xEC41, 0xF4A1, 0xECA1, 0xECA1, 0xECA1, 0xECA1, 0xECA1, 0xF4C0, 0xF4C1, 
    0xF4C1, 0xF4C1, 0xECC1, 0xECC1, 0xECA2, 0xE4A4, 0xE54A, 0xEE32, 0xF6B6, 0xF6D6, 0xEE93, 0xE549, 
    0xE4A4, 0xEC61, 0xEC61, 0xEC81, 0xEC61, 0xEC61, 0xE461, 0xE461, 0xE481, 0xE461, 0xE460, 0xE480, 
    0xE480, 0xE480, 0xE480, 0xE480, 0xEC80, 0xEC80, 0xEC80, 0xEC80, 0xEC80, 0xEC80, 0xEC80, 0xEC80, 
    0xEC80, 0xECA0, 0xECA0, 0xECA0, 0xF4A0, 0xF4A0, 0xF4A0, 0xF4C1, 0xF4C1, 0xF4C1, 0xF4C1, 0xF4C1, 
    0xEC82, 0xE4E8, 0xFF5C, 0xFFDF, 0xFFFF, 0xEF9E, 0xC639, 0x3A4B, 0x1127, 0x0928, 0x098A, 0x098A, 
    0x0989, 0x0169, 0x0169, 0x0169, 0x0149, 0x0949, 0x0949, 0x0949, 0x0969, 0x0907, 0x08C6, 0x2188, 
    0x8CD5, 0xDEFC, 0xFFDF, 0xFFFF, 0xFFFF, 0xF6B3, 0xED27, 0xEC61, 0xF4A1, 0xECA1, 0xECA1, 0xECA1, 
    0xF4C0, 0xF4A0, 0xF4A0, 0xECA0, 0xECA0, 0xECA0, 0xEC80, 0xEC80, 0xEC80, 0xEC80, 0xEC80, 0xEC80, 
    0xEC80, 0xEC80, 0xE480, 0xE480, 0xE480, 0xE480, 0xE480, 0xE480, 0xE480, 0xE480, 0xE480, 0xE480, 
    0xEC81, 0xEC81, 0xEC81, 0xEC81, 0xECA0, 0xE441, 0xECE7, 0xF673, 0xFFDD, 0xFFFE, 0xFFDD, 0xFF17, 
    0xED6A, 0xEC83, 0xEC81, 0xEC81, 0xECA1, 0xE480, 0xE480, 0xE480, 0xE480, 0xE480, 0xE481, 0xE481, 
    0xE4A2, 0xECA2, 0xE441, 0xED6B, 0xF6D7, 0xFFDF, 0xF7BE, 0xF7BE, 0xF7BE, 0xFFDE, 0xFFDF, 0x5B91, 
    0x19AB, 0x094A, 0x09CC, 0x09CC, 0x0129, 0x4AEF, 0xB61A, 0xFFFF, 0xF7BE, 0xF7BE, 0xF7BF, 0xF7BF, 
    0xF7BF, 0xF7BF, 0xF7BF, 0xF7BE, 0xF7BE, 0xF7BF, 0xF7BF, 
    0xF7BF, 0xF7BF, 0xF7BF, 0xF7BF, 0xF7BF, 0xF7BF, 0xF7BF, 0xF7BF, 0xF7BF, 0xF7BE, 0xF7BE, 0xFFFF, 
    0x9536, 0x3A6D, 0x0129, 0x09CB, 0x09CB, 0x0129, 0x2A0B, 0x8494, 0xF7BE, 0xF7BE, 0xF7BE, 0xFFDF, 
    0xFFFF, 0xFFBD, 0xEDCF, 0xE484, 0xF4A1, 0xF4A1, 0xF4C1, 0xF4C1, 0xF4C1, 0xF4C1, 0xF4C0, 0xF4C0, 
    0xF4C1, 0xF4C1, 0xF4C1, 0xF4C1, 0xECA1, 0xECA1, 0xECA3, 0xECE5, 0xED07, 0xED07, 0xECE6, 0xECA3, 
    0xEC81, 0xEC81, 0xEC81, 0xEC81, 0xEC81, 0xEC81, 0xEC81, 0xEC81, 0xEC81, 0xEC81, 0xEC81, 0xEC81, 
    0xEC81, 0xEC80, 0xEC80, 0xEC80, 0xEC80, 0xEC80, 0xEC80, 0xEC80, 0xEC80, 0xEC80, 0xEC80, 0xEC80, 
    0xECA0, 0xECA0, 0xECA0, 0xECA0, 0xF4A0, 0xF4A0, 0xF4A0, 0xF4C0, 0xF4C1, 0xF4C1, 0xF4C0, 0xF4C1, 
    0xF4A1, 0xEC84, 0xEDAF, 0xFF7B, 0xFFFF, 0xFFDF, 0xEF7E, 0xAD97, 0x5B4F, 0x21A9, 0x08E6, 0x0128, 
    0x0149, 0x0169, 0x0169, 0x0169, 0x0169, 0x0969, 0x0949, 0x0107, 0x00C6, 0x1989, 0x532F, 0x9D56, 
    0xDEFC, 0xF7BE, 0xFFFF, 0xFFDE, 0xFF7B, 0xE56A, 0xEC83, 0xEC81, 0xECA1, 0xECA0, 0xECA0, 0xECA0, 
    0xECA0, 0xECA0, 0xECA0, 0xECA0, 0xECA0, 0xECA0, 0xEC80, 0xEC80, 0xEC80, 0xEC80, 0xEC80, 0xEC80, 
    0xEC80, 0xEC80, 0xEC80, 0xE480, 0xE480, 0xE480, 0xE480, 0xE480, 0xE480, 0xE480, 0xE480, 0xEC81, 
    0xEC81, 0xEC81, 0xEC81, 0xECA1, 0xECA0, 0xEC80, 0xEC82, 0xECE6, 0xF58A, 0xF5CC, 0xEDAB, 0xED48, 
    0xECA3, 0xEC81, 0xEC81, 0xEC81, 0xEC81, 0xE481, 0xE481, 0xE480, 0xE480, 0xE480, 0xE481, 0xE481, 
    0xE4A1, 0xECA2, 0xE442, 0xEE11, 0xF75C, 0xF7BE, 0xF7BE, 0xF7BE, 0xFFBE, 0xF7BE, 0xDF1C, 0x3A6D, 
    0x094A, 0x098B, 0x09AC, 0x09AC, 0x096A, 0x63D2, 0xDF3D, 0xFFFF, 0xF7BF, 0xF7BF, 0xF7BF, 0xF7BF, 
    0xF7BF, 0xF7BF, 0xF7BF, 0xF7BE, 0xF7BE, 0xF7BE, 0xF7BF, 
    0xF7BF, 0xF7BF, 0xF7BF, 0xF7BF, 0xF7BF, 0xF7BF, 0xF7BF, 0xF7BF, 0xF7BF, 0xF7BE, 0xF7BE, 0xFFFF, 
    0xCE9B, 0x5B50, 0x0128, 0x09AB, 0x09AB, 0x0969, 0x11AA, 0x4B0F, 0xE75D, 0xF7BE, 0xF7BF, 0xFFDF, 
    0xFFDF, 0xFFFF, 0xEE74, 0xE508, 0xEC62, 0xF4C2, 0xF4C1, 0xF4C1, 0xF4C1, 0xF4C1, 0xF4C0, 0xF4C0, 
    0xF4C1, 0xF4C1, 0xF4C1, 0xF4C0, 0xF4C0, 0xF4C0, 0xF4A0, 0xF480, 0xEC60, 0xEC60, 0xEC81, 0xEC81, 
    0xEC81, 0xEC81, 0xEC81, 0xEC81, 0xEC81, 0xEC81, 0xEC81, 0xEC81, 0xEC81, 0xEC81, 0xEC81, 0xEC81, 
    0xEC81, 0xEC80, 0xEC80, 0xEC80, 0xEC80, 0xEC80, 0xEC80, 0xEC80, 0xEC80, 0xEC80, 0xEC80, 0xECA0, 
    0xECA0, 0xECA0, 0xECA0, 0xECA0, 0xECA0, 0xF4A0, 0xF4A0, 0xF4C0, 0xF4C0, 0xF4C1, 0xF4C0, 0xF4C1, 
    0xF4A1, 0xEC82, 0xE465, 0xEE74, 0xFF9C, 0xFFFF, 0xFFDF, 0xEF7E, 0xB5F8, 0x7C52, 0x52EE, 0x220B, 
    0x0969, 0x0148, 0x0169, 0x0169, 0x0169, 0x0128, 0x0948, 0x19A9, 0x42AD, 0x7C32, 0xB5D8, 0xE75D, 
    0xFFDE, 0xFFDF, 0xFFDE, 0xFF59, 0xEE0F, 0xE4A4, 0xEC61, 0xEC81, 0xEC80, 0xECA0, 0xECA0, 0xECA0, 
    0xECA0, 0xECA0, 0xECA0, 0xECA0, 0xECA0, 0xECA0, 0xEC80, 0xEC80, 0xEC80, 0xEC80, 0xEC80, 0xEC80, 
    0xEC80, 0xEC80, 0xEC80, 0xE480, 0xE480, 0xE480, 0xE480, 0xE480, 0xE480, 0xE480, 0xEC81, 0xEC81, 
    0xEC81, 0xEC81, 0xEC81, 0xECA1, 0xECA1, 0xECA0, 0xEC80, 0xEC60, 0xEC81, 0xECA2, 0xECA2, 0xEC81, 
    0xEC80, 0xEC81, 0xEC81, 0xEC81, 0xE481, 0xE481, 0xE481, 0xE481, 0xE460, 0xE480, 0xE480, 0xE481, 
    0xEC81, 0xEC61, 0xE4A6, 0xF695, 0xF79E, 0xF79E, 0xF7BE, 0xF79E, 0xFFDE, 0xE75D, 0x9D57, 0x21AB, 
    0x094A, 0x09AC, 0x09AC, 0x016A, 0x19EC, 0x84B5, 0xF7DF, 0xFFDF, 0xF7BF, 0xF7BF, 0xF7BF, 0xF7BF, 
    0xF7BF, 0xF7BF, 0xF7BF, 0xF7BE, 0xF7BE, 0xF7BE, 0xF7BE, 
    0xF7BF, 0xF7BF, 0xF7BF, 0xF7BF, 0xF7BF, 0xF7BF, 0xF7BF, 0xF7BF, 0xF7BF, 0xF7BE, 0xF7BE, 0xFFDF, 
    0xEF9E, 0x7C53, 0x118A, 0x0949, 0x098A, 0x09AA, 0x0969, 0x2A0B, 0xC67A, 0xEF7E, 0xF7BF, 0xF7BE, 
    0xF7DF, 0xFFFF, 0xF719, 0xEDAE, 0xEC63, 0xF4C2, 0xF4C1, 0xF4C1, 0xF4C1, 0xF4C0, 0xF4C0, 0xF4C0, 
    0xF4C0, 0xF4C1, 0xF4C1, 0xF4C0, 0xF4C0, 0xF4C0, 0xF4C0, 0xF4C1, 0xF4C1, 0xF4A1, 0xF4A1, 0xECA1, 
    0xECA1, 0xEC81, 0xEC81, 0xEC81, 0xEC81, 0xEC81, 0xEC81, 0xEC81, 0xECA1, 0xECA1, 0xEC81, 0xEC81, 
    0xEC81, 0xEC80, 0xEC80, 0xEC80, 0xEC80, 0xEC80, 0xEC80, 0xEC80, 0xEC80, 0xEC80, 0xECA0, 0xECA0, 
    0xECA0, 0xECA0, 0xECA0, 0xECA0, 0xECA0, 0xF4A0, 0xF4A0, 0xF4A0, 0xF4C0, 0xF4C1, 0xF4C0, 0xECA1, 
    0xECC1, 0xECA1, 0xE401, 0xE50B, 0xEE75, 0xFF9D, 0xFFDF, 0xFFDF, 0xFFDF, 0xEF5D, 0xBE3A, 0x7C73, 
    0x3A8C, 0x1168, 0x0128, 0x0169, 0x0129, 0x0949, 0x322B, 0x6BB1, 0xB5D8, 0xE73D, 0xF7DF, 0xFFDF, 
    0xFFBE, 0xFFBD, 0xF739, 0xEE30, 0xE482, 0xEC61, 0xEC60, 0xEC80, 0xEC80, 0xECA0, 0xECA0, 0xECA0, 
    0xECA0, 0xECA0, 0xECA0, 0xECA0, 0xECA0, 0xECA0, 0xEC80, 0xEC80, 0xEC80, 0xEC80, 0xEC80, 0xEC80, 
    0xEC80, 0xEC80, 0xEC80, 0xE480, 0xE480, 0xE480, 0xE480, 0xE480, 0xE480, 0xEC80, 0xEC81, 0xEC81, 
    0xEC81, 0xEC81, 0xECA1, 0xECA1, 0xECA1, 0xECA1, 0xECA1, 0xECA0, 0xECA0, 0xECA0, 0xECA0, 0xECA0, 
    0xECA1, 0xEC81, 0xEC80, 0xEC80, 0xE481, 0xE481, 0xE480, 0xE480, 0xE480, 0xE480, 0xE480, 0xEC80, 
    0xEC81, 0xEC41, 0xED6C, 0xF6F8, 0xF7BE, 0xF79E, 0xF79E, 0xF79E, 0xF7BE, 0xCEBB, 0x4B30, 0x114A, 
    0x094B, 0x09AC, 0x09AC, 0x0109, 0x42EF, 0xA5B8, 0xFFFF, 0xF7BE, 0xF7BF, 0xF7BF, 0xF7BF, 0xF7BF, 
    0xF7BF, 0xF7BF, 0xF7BF, 0xF7BF, 0xF7BF, 0xF7BE, 0xF7BE, 
    0xF7BF, 0xF7BF, 0xF7BF, 0xF7BF, 0xF7BF, 0xF7BF, 0xF7BF, 0xF7BF, 0xF7BF, 0xF7BF, 0xF7BE, 0xF7BE, 
    0xFFDF, 0x9D56, 0x3A6C, 0x00E7, 0x098A, 0x09CB, 0x0969, 0x1969, 0x7C95, 0xDF1C, 0xF7BE, 0xF79E, 
    0xF7BE, 0xFFDF, 0xFFBE, 0xEE74, 0xE485, 0xF4C2, 0xF4C1, 0xF4C1, 0xF4C1, 0xF4C1, 0xF4C0, 0xF4C1, 
    0xF4C1, 0xF4C0, 0xF4C0, 0xF4C1, 0xF4C1, 0xECC0, 0xECA0, 0xECA0, 0xECA0, 0xECA1, 0xECA1, 0xECA1, 
    0xECA1, 0xECA1, 0xEC81, 0xECA1, 0xEC81, 0xECA1, 0xECA1, 0xF4A1, 0xF4A1, 0xF4A1, 0xF4A1, 0xF4A1, 
    0xF4A0, 0xECA0, 0xECA0, 0xECA0, 0xECA0, 0xECA0, 0xECA0, 0xECA0, 0xECA0, 0xECA0, 0xECA0, 0xECA0, 
    0xECA0, 0xECA0, 0xECA0, 0xECA0, 0xECA0, 0xF4A0, 0xF4A0, 0xF4A0, 0xF4A0, 0xECA0, 0xECA1, 0xECA1, 
    0xECA1, 0xECA1, 0xECA2, 0xDBE1, 0xDCCA, 0xEE76, 0xFFDE, 0xFFDE, 0xFFBE, 0xF7BF, 0xFFDF, 0xFFDF, 
    0xA597, 0x42AD, 0x00A6, 0x016A, 0x00C7, 0x3A6D, 0x9D37, 0xF7BF, 0xF7DF, 0xF7BF, 0xF7BF, 0xF7BF, 
    0xFFDE, 0xF718, 0xE58C, 0xDC41, 0xEC60, 0xEC60, 0xEC80, 0xEC80, 0xEC80, 0xEC80, 0xECA0, 0xECA0, 
    0xECA0, 0xECA0, 0xECA0, 0xECA0, 0xECA0, 0xECA0, 0xEC80, 0xECA0, 0xECA0, 0xEC80, 0xEC80, 0xEC80, 
    0xEC80, 0xEC80, 0xEC80, 0xEC80, 0xE480, 0xE480, 0xE480, 0xEC80, 0xEC80, 0xEC80, 0xEC81, 0xEC81, 
    0xECA1, 0xECA1, 0xECA1, 0xECA1, 0xECA1, 0xECA1, 0xECA1, 0xECA0, 0xECA0, 0xECA1, 0xECA1, 0xECA0, 
    0xECA0, 0xEC80, 0xEC80, 0xEC80, 0xE480, 0xE480, 0xE480, 0xE480, 0xE480, 0xE480, 0xEC80, 0xECA0, 
    0xEC60, 0xEC23, 0xF696, 0xF77C, 0xF79E, 0xF79E, 0xF79E, 0xF7BE, 0xF7BE, 0xB5F9, 0x0949, 0x094A, 
    0x098B, 0x09AC, 0x09AB, 0x00C7, 0x7C54, 0xD6FD, 0xFFFF, 0xF7BE, 0xF7BF, 0xF7BF, 0xF7BF, 0xF7BF, 
    0xF7BF, 0xF7BF, 0xF7BF, 0xF7BF, 0xF7BF, 0xF7BF, 0xF7BF, 
    0xF7BF, 0xF7BF, 0xF7BF, 0xF7BF, 0xF7BF, 0xF7BF, 0xF7BF, 0xF7BF, 0xF7BF, 0xF7BF, 0xF7BE, 0xF79E, 
    0xFFDF, 0xCE9B, 0x73F1, 0x00C6, 0x098A, 0x09AB, 0x098A, 0x098A, 0x2A8E, 0xBE5A, 0xF7BE, 0xF7BE, 
    0xF79E, 0xF7BE, 0xFFDF, 0xF718, 0xE56C, 0xECA3, 0xF4C1, 0xF4E1, 0xF4C1, 0xF4C1, 0xF4C0, 0xF4C1, 
    0xF4C1, 0xECA0, 0xECA1, 0xECA1, 0xECA1, 0xECA1, 0xECA0, 0xECA1, 0xECA1, 0xECA1, 0xECA1, 0xECA1, 
    0xECA1, 0xECA1, 0xECA1, 0xECA1, 0xF4A1, 0xF4A1, 0xF4A1, 0xF4A1, 0xF4A1, 0xF4A1, 0xF4A1, 0xF4C1, 
    0xF4C1, 0xF4C1, 0xF4C1, 0xF4C0, 0xF4A0, 0xF4A0, 0xF4A0, 0xECA0, 0xECA0, 0xECA0, 0xECA0, 0xECA0, 
    0xECA0, 0xECA0, 0xECA0, 0xECA0, 0xECA0, 0xECA0, 0xECA0, 0xECA0, 0xECA0, 0xECA0, 0xECA1, 0xECA1, 
    0xEC81, 0xEC81, 0xEC81, 0xE461, 0xE443, 0xE4A7, 0xEDCF, 0xF6F8, 0xFF7C, 0xF79E, 0xF79E, 0xF7BF, 
    0xCE7A, 0x636F, 0x0086, 0x014A, 0x00A7, 0x6371, 0xCE9B, 0xF7DF, 0xF7BE, 0xF7BE, 0xF79D, 0xF718, 
    0xEDEF, 0xE4E7, 0xE463, 0xE440, 0xEC60, 0xEC61, 0xEC61, 0xEC81, 0xEC81, 0xEC80, 0xEC80, 0xEC80, 
    0xEC80, 0xEC80, 0xEC80, 0xEC80, 0xEC80, 0xEC80, 0xECA0, 0xECA0, 0xECA0, 0xECA0, 0xEC80, 0xEC80, 
    0xEC80, 0xEC80, 0xEC80, 0xEC80, 0xEC80, 0xE480, 0xE480, 0xEC80, 0xEC80, 0xEC80, 0xEC81, 0xECA1, 
    0xECA1, 0xECA1, 0xECA1, 0xECA1, 0xECA1, 0xECA1, 0xECA1, 0xECA1, 0xECA1, 0xECA0, 0xECA0, 0xECA0, 
    0xECA0, 0xEC80, 0xEC80, 0xEC80, 0xE480, 0xE480, 0xE480, 0xE480, 0xE480, 0xE480, 0xECA0, 0xEC80, 
    0xEC82, 0xECC8, 0xF71A, 0xF79D, 0xF79E, 0xF79E, 0xF79E, 0xF7DF, 0xCEBC, 0x7454, 0x00C8, 0x096B, 
    0x098B, 0x098B, 0x096A, 0x19CB, 0xA5B8, 0xF79E, 0xFFDF, 0xF7BE, 0xF7BF, 0xF7BF, 0xF7BF, 0xF7BF, 
    0xF7BF, 0xF7BF, 0xF7BF, 0xF7BF, 0xF7BF, 0xF7BF, 0xF7BF, 
    0xF7BF, 0xF7BF, 0xF7BF, 0xF7BF, 0xF7BF, 0xF7BF, 0xF7BF, 0xF7BF, 0xF7BF, 0xF7BF, 0xF7BF, 0xF7BE, 
    0xF7BF, 0xEF5D, 0x9D36, 0x1169, 0x096A, 0x018A, 0x09AB, 0x09AB, 0x0949, 0x9536, 0xE73D, 0xFFDE, 
    0xF7BE, 0xFFDE, 0xFFFF, 0xF79C, 0xEE74, 0xE4A5, 0xF4C2, 0xF4C1, 0xF4C0, 0xF4C0, 0xF4C0, 0xF4A0, 
    0xECA0, 0xECA0, 0xECA0, 0xECA1, 0xECA1, 0xECA1, 0xECA0, 0xECA0, 0xEC81, 0xEC81, 0xEC81, 0xEC81, 
    0xECA1, 0xECA1, 0xECA1, 0xECA1, 0xF4A1, 0xF4A1, 0xF4A1, 0xF4A1, 0xF4C1, 0xF4C1, 0xF4C1, 0xF4A1, 
    0xEC81, 0xEC81, 0xEC81, 0xEC81, 0xF4A1, 0xF4C0, 0xF4A0, 0xF4A0, 0xF4A0, 0xF4A0, 0xF4A0, 0xECA0, 
    0xECA0, 0xECA0, 0xECA0, 0xECA0, 0xECA0, 0xECA0, 0xECA0, 0xECA0, 0xECA0, 0xECA0, 0xECA1, 0xEC81, 
    0xE481, 0xE481, 0xE461, 0xE461, 0xE441, 0xE422, 0xE485, 0xE50B, 0xEE75, 0xF75C, 0xF79E, 0xFFDF, 
    0xD6DB, 0x6BB0, 0x0086, 0x012A, 0x00A8, 0x6BF3, 0xDF1D, 0xFFDF, 0xFFBE, 0xF6F7, 0xEE10, 0xE52A, 
    0xE484, 0xE441, 0xE440, 0xE440, 0xE461, 0xE461, 0xE461, 0xE461, 0xEC81, 0xEC80, 0xEC80, 0xEC80, 
    0xEC80, 0xEC80, 0xEC80, 0xEC80, 0xECA0, 0xECA0, 0xECA0, 0xECA0, 0xECA0, 0xECA0, 0xEC80, 0xEC80, 
    0xEC80, 0xEC80, 0xEC80, 0xEC80, 0xEC80, 0xEC80, 0xEC80, 0xEC80, 0xEC80, 0xEC80, 0xECA1, 0xECA1, 
    0xECA1, 0xECA1, 0xECA1, 0xECA1, 0xECA1, 0xECA1, 0xECA1, 0xECA1, 0xECA1, 0xECA1, 0xECA0, 0xECA0, 
    0xECA0, 0xECA0, 0xEC80, 0xEC80, 0xE480, 0xE480, 0xE480, 0xE481, 0xE481, 0xE480, 0xECA0, 0xEC60, 
    0xECA5, 0xF612, 0xFF7C, 0xF79D, 0xF79D, 0xF79E, 0xF79E, 0xF7DF, 0xA5B8, 0x3ACE, 0x0109, 0x098B, 
    0x09AB, 0x096A, 0x1149, 0x5B91, 0xCE9B, 0xFFDF, 0xF7BE, 0xF7BF, 0xF7BF, 0xF7BF, 0xF7BF, 0xF7BF, 
    0xF7BF, 0xF7BF, 0xF7BF, 0xF7BF, 0xF7BF, 0xF7BF, 0xF7BF, 
    0xF7BF, 0xF7BF, 0xF7BF, 0xF7BF, 0xF7BF, 0xF7BF, 0xF7BF, 0xF7BF, 0xF7BF, 0xF7BF, 0xF7BF, 0xF7BE, 
    0xF7BE, 0xF7BF, 0xC65A, 0x42EE, 0x0969, 0x018A, 0x01CC, 0x01CC, 0x0108, 0x5391, 0xBE3A, 0xFFFF, 
    0xFFBE, 0xFFDE, 0xFFFF, 0xFFDF, 0xF75B, 0xE529, 0xECC3, 0xF4A1, 0xF4C0, 0xF4C0, 0xF4A0, 0xECA0, 
    0xECA0, 0xECA0, 0xECA0, 0xECA1, 0xEC81, 0xEC81, 0xEC80, 0xEC80, 0xEC81, 0xEC81, 0xEC81, 0xEC81, 
    0xEC81, 0xECA1, 0xECA1, 0xECA1, 0xF4A1, 0xF4C1, 0xF4C1, 0xF4C1, 0xF4C1, 0xF4A1, 0xECA2, 0xECC3, 
    0xECE5, 0xECE6, 0xECE5, 0xECC4, 0xECA1, 0xECA1, 0xF4C0, 0xF4C0, 0xF4A0, 0xF4A0, 0xF4A0, 0xF4A0, 
    0xECA0, 0xECA0, 0xECA0, 0xECA0, 0xECA0, 0xECA0, 0xECA0, 0xECA0, 0xEC80, 0xEC80, 0xE481, 0xE481, 
    0xE481, 0xE481, 0xE461, 0xE461, 0xE461, 0xEC41, 0xEC00, 0xDBC1, 0xE56E, 0xF71A, 0xFFBE, 0xFFDF, 
    0xD6DB, 0x6BB0, 0x00A7, 0x012A, 0x00C9, 0x7413, 0xE73D, 0xFFDF, 0xFFBE, 0xF60F, 0xE484, 0xE3E0, 
    0xE400, 0xE440, 0xE441, 0xE441, 0xE461, 0xE461, 0xE461, 0xE461, 0xE481, 0xEC80, 0xEC80, 0xEC80, 
    0xEC80, 0xEC80, 0xEC80, 0xEC80, 0xECA0, 0xECA0, 0xECA0, 0xECA0, 0xECA0, 0xECA0, 0xEC80, 0xEC80, 
    0xEC81, 0xEC81, 0xEC81, 0xEC80, 0xEC80, 0xEC80, 0xEC80, 0xEC80, 0xEC80, 0xEC80, 0xECA1, 0xECA1, 
    0xECA1, 0xECA1, 0xECA1, 0xECA1, 0xECA1, 0xECA1, 0xECA1, 0xECA1, 0xECA1, 0xECA1, 0xECA1, 0xECA1, 
    0xECA0, 0xECA0, 0xEC80, 0xEC80, 0xEC80, 0xE480, 0xE480, 0xE481, 0xE481, 0xE480, 0xEC80, 0xEC61, 
    0xED2A, 0xFF3A, 0xFF9D, 0xF79D, 0xF79D, 0xF79D, 0xF7BE, 0xE75D, 0x7C74, 0x118A, 0x016A, 0x098B, 
    0x09AB, 0x096A, 0x198A, 0xA577, 0xE75D, 0xFFDF, 0xF7BE, 0xF7BF, 0xF7BF, 0xF7BF, 0xF7BF, 0xF7BF, 
    0xF7BF, 0xF7BF, 0xF7BF, 0xF7BF, 0xF7BF, 0xF7BF, 0xF7BF, 
    0xF7BF, 0xF7BF, 0xF7BF, 0xF7BF, 0xF7BF, 0xF7BF, 0xF7BF, 0xF7BF, 0xF7BF, 0xF7BF, 0xF7BF, 0xF7BF, 
    0xF79E, 0xF7BF, 0xDF1C, 0x8CF5, 0x1169, 0x016A, 0x01CC, 0x01CC, 0x018B, 0x11EC, 0x8CF6, 0xFFDF, 
    0xFFDF, 0xFFDE, 0xFFFF, 0xFFFF, 0xFFBD, 0xEE31, 0xECE6, 0xEC81, 0xF4C0, 0xECA0, 0xECA0, 0xECA0, 
    0xEC80, 0xEC80, 0xEC80, 0xEC81, 0xE481, 0xE481, 0xE480, 0xE481, 0xE481, 0xEC81, 0xEC81, 0xEC81, 
    0xEC81, 0xEC81, 0xECA1, 0xECA1, 0xF4A1, 0xF4C1, 0xF4C1, 0xF4C1, 0xF4C1, 0xECA2, 0xECC5, 0xED8A, 
    0xEE70, 0xEE92, 0xEE50, 0xEDCC, 0xE4E6, 0xECA2, 0xECA1, 0xF4C0, 0xF4A0, 0xF4A0, 0xF4A0, 0xF4A0, 
    0xECA0, 0xEC80, 0xEC80, 0xEC80, 0xEC80, 0xEC80, 0xEC80, 0xE480, 0xE480, 0xE480, 0xE481, 0xE481, 
    0xE461, 0xE461, 0xE461, 0xE461, 0xE461, 0xEC60, 0xEC60, 0xE3E0, 0xE54D, 0xF6D8, 0xFFBE, 0xFFDF, 
    0xD6DB, 0x6BB0, 0x00A7, 0x012B, 0x00E9, 0x7454, 0xE75E, 0xFFDF, 0xFFBD, 0xF56B, 0xEC20, 0xEC20, 
    0xEC40, 0xE441, 0xE441, 0xE461, 0xE461, 0xE461, 0xE461, 0xE461, 0xE461, 0xE480, 0xEC80, 0xEC80, 
    0xEC80, 0xEC80, 0xEC80, 0xEC80, 0xEC80, 0xEC80, 0xECA0, 0xEC80, 0xEC80, 0xECA0, 0xEC80, 0xECA1, 
    0xECA1, 0xECA1, 0xECA1, 0xEC80, 0xEC80, 0xECA0, 0xEC80, 0xEC80, 0xEC80, 0xECA0, 0xECA1, 0xECA1, 
    0xECA1, 0xECA1, 0xECA1, 0xECA1, 0xECA1, 0xECA1, 0xECA1, 0xECA1, 0xECA1, 0xECA1, 0xECA1, 0xECA1, 
    0xECA1, 0xECA0, 0xECA0, 0xEC80, 0xEC80, 0xE480, 0xE480, 0xE481, 0xE481, 0xEC80, 0xE460, 0xE4C5, 
    0xEDEF, 0xFFDE, 0xF79E, 0xF79D, 0xF79D, 0xF79D, 0xFFDF, 0xB639, 0x530F, 0x00C8, 0x09AC, 0x09AB, 
    0x096A, 0x096A, 0x326D, 0xDF1D, 0xF7DF, 0xF7BF, 0xF7BF, 0xF7BF, 0xF7BF, 0xF7BF, 0xF7BF, 0xF7BF, 
    0xF7BF, 0xF7BF, 0xF7BF, 0xF7BF, 0xF7BF, 0xF7BF, 0xF7BF, 
    0xF7BF, 0xF7BF, 0xF7BF, 0xF7BF, 0xF7BF, 0xF7BF, 0xF7BF, 0xF7BF, 0xF7BF, 0xF7BF, 0xF7BF, 0xF7BF, 
    0xF7BE, 0xF7BE, 0xF79E, 0xD6DC, 0x2A4C, 0x098A, 0x018B, 0x09CB, 0x0A0D, 0x094A, 0x63B1, 0xCEBC, 
    0xFFFF, 0xFFDF, 0xFFDF, 0xFFFF, 0xFFFF, 0xF77B, 0xED4B, 0xEC82, 0xF480, 0xEC80, 0xEC80, 0xEC80, 
    0xEC80, 0xE480, 0xE480, 0xE480, 0xE480, 0xE480, 0xE480, 0xE480, 0xE481, 0xEC81, 0xEC81, 0xEC81, 
    0xEC81, 0xECA1, 0xECA0, 0xF4C0, 0xECC0, 0xF4C1, 0xF4A2, 0xF4A2, 0xECA3, 0xEDAB, 0xF6D5, 0xFF9C, 
    0xFFBD, 0xFFDD, 0xFFBD, 0xFFBC, 0xFF7A, 0xEDED, 0xE4C5, 0xEC61, 0xF4C0, 0xF4A0, 0xECA0, 0xECA0, 
    0xECA0, 0xEC80, 0xEC80, 0xEC80, 0xEC80, 0xE480, 0xE480, 0xE480, 0xE480, 0xE460, 0xE461, 0xE461, 
    0xE461, 0xE461, 0xDC61, 0xE461, 0xE461, 0xE460, 0xEC80, 0xE400, 0xE56D, 0xF6F8, 0xFFDE, 0xFFDF, 
    0xD6DB, 0x6BB1, 0x00C8, 0x012B, 0x0109, 0x7C74, 0xEF7E, 0xFFFF, 0xFFBD, 0xF58B, 0xEC40, 0xEC60, 
    0xEC60, 0xE461, 0xE461, 0xE461, 0xE461, 0xE461, 0xE461, 0xE461, 0xE461, 0xE480, 0xE480, 0xE480, 
    0xE480, 0xE480, 0xEC80, 0xEC80, 0xEC80, 0xEC80, 0xECA0, 0xECA0, 0xECA0, 0xECA1, 0xECA1, 0xEC61, 
    0xE441, 0xE441, 0xE482, 0xE462, 0xE441, 0xE460, 0xEC80, 0xECA0, 0xECA0, 0xECA0, 0xECA0, 0xECA0, 
    0xECA1, 0xECA1, 0xECA1, 0xECC1, 0xECA1, 0xECA1, 0xECA1, 0xECA1, 0xECA1, 0xECA1, 0xECA1, 0xECA1, 
    0xECA1, 0xECA1, 0xECA0, 0xECA0, 0xECA0, 0xECA0, 0xE4A0, 0xE4A0, 0xECA0, 0xECA0, 0xE421, 0xED4B, 
    0xF6F8, 0xFFDE, 0xF79E, 0xF79E, 0xF7BE, 0xF7BE, 0xF7DF, 0x7433, 0x19EC, 0x012A, 0x09AC, 0x09CC, 
    0x0129, 0x21CB, 0x7454, 0xEF7E, 0xF7BF, 0xF7BE, 0xF7BF, 0xF7BF, 0xF7BF, 0xF7BF, 0xF7BF, 0xF7BF, 
    0xF7BF, 0xF7BF, 0xF7BF, 0xF7BF, 0xF7BF, 0xF7BF, 0xF7BF, 
    0xF7BF, 0xF7BF, 0xF7BF, 0xF7BF, 0xF7BF, 0xF7BF, 0xF7BF, 0xF7BF, 0xF7BF, 0xF7BF, 0xF7BF, 0xF7BF, 
    0xF7BF, 0xF7BE, 0xF7BE, 0xEF7E, 0x6C12, 0x21EB, 0x0149, 0x09CC, 0x09ED, 0x098A, 0x328E, 0x84F6, 
    0xFFFF, 0xFFDF, 0xFFDF, 0xFFDF, 0xFFDF, 0xFFDE, 0xEE32, 0xE4E7, 0xEC41, 0xEC80, 0xEC80, 0xE480, 
    0xE460, 0xE460, 0xE480, 0xE460, 0xE460, 0xE460, 0xE460, 0xE460, 0xE480, 0xE481, 0xEC81, 0xEC81, 
    0xEC81, 0xECA0, 0xECA0, 0xF4C0, 0xF4C1, 0xF4A1, 0xECA2, 0xECA3, 0xF60F, 0xF718, 0xFFBD, 0xFFFF, 
    0xFFFF, 0xFFFF, 0xFFFF, 0xFFFF, 0xFFFF, 0xFF59, 0xEE0F, 0xE4E5, 0xEC61, 0xEC81, 0xECA0, 0xEC80, 
    0xEC80, 0xEC80, 0xEC80, 0xEC80, 0xE480, 0xE480, 0xE480, 0xE480, 0xE460, 0xE460, 0xE460, 0xE461, 
    0xE461, 0xE461, 0xDC61, 0xE461, 0xE461, 0xE460, 0xEC80, 0xDC20, 0xE56D, 0xEEF9, 0xFFDE, 0xFFDF, 
    0xD6DB, 0x6BD1, 0x00C8, 0x012B, 0x012A, 0x8495, 0xF79F, 0xFFFF, 0xFFDE, 0xF58B, 0xEC60, 0xEC60, 
    0xEC60, 0xEC61, 0xE461, 0xE461, 0xE461, 0xE461, 0xE461, 0xE461, 0xE461, 0xE461, 0xE480, 0xE480, 
    0xE480, 0xE480, 0xE480, 0xE480, 0xE480, 0xE480, 0xE4A1, 0xE481, 0xEC81, 0xEC81, 0xEC61, 0xECC5, 
    0xED8C, 0xF632, 0xF694, 0xF694, 0xEDEE, 0xED27, 0xE460, 0xEC80, 0xECA0, 0xECA0, 0xECA0, 0xECA0, 
    0xECA1, 0xECA1, 0xECA1, 0xECA1, 0xECC1, 0xECA1, 0xECA1, 0xECA1, 0xECA1, 0xECA1, 0xECA1, 0xECA1, 
    0xECA1, 0xECA1, 0xECA0, 0xECA0, 0xECA0, 0xECA0, 0xECA0, 0xECA0, 0xECA0, 0xEC60, 0xE4A5, 0xF632, 
    0xFF9D, 0xF7BE, 0xF79E, 0xF79E, 0xF7BE, 0xEF9E, 0xC67A, 0x42AE, 0x094A, 0x018B, 0x09AC, 0x09AB, 
    0x0129, 0x42AE, 0xBE5B, 0xF7BE, 0xF7BF, 0xF7BE, 0xF7BF, 0xF7BF, 0xF7BF, 0xF7BF, 0xF7BF, 0xF7BF, 
    0xF7BF, 0xF7BF, 0xF7BF, 0xF7BF, 0xF7BF, 0xF7BF, 0xF7BF, 
    0xF7BF, 0xF7BF, 0xF7BF, 0xF7BF, 0xF7BF, 0xF7BF, 0xF7BF, 0xF7BF, 0xF7BF, 0xF7BF, 0xF7BF, 0xF7BF, 
    0xF7BF, 0xF7BE, 0xF7BF, 0xF7BE, 0xB619, 0x42CE, 0x0969, 0x09CB, 0x09EC, 0x09CC, 0x11CB, 0x4B50, 
    0xDF1D, 0xF7BE, 0xFFDF, 0xFFDE, 0xF7DF, 0xFFDF, 0xF719, 0xEDAD, 0xE462, 0xEC80, 0xE460, 0xE460, 
    0xE460, 0xE460, 0xE460, 0xE460, 0xE460, 0xE460, 0xE460, 0xE460, 0xE461, 0xE461, 0xEC81, 0xEC81, 
    0xEC80, 0xECA0, 0xECA0, 0xF4C0, 0xF4C1, 0xF4A1, 0xECA3, 0xED49, 0xF719, 0xFFDE, 0xFFFF, 0xFFDF, 
    0xFFDF, 0xFFDF, 0xFFDF, 0xFFDF, 0xFFFF, 0xFFFF, 0xF739, 0xEDEE, 0xE482, 0xEC81, 0xEC80, 0xEC80, 
    0xEC80, 0xEC80, 0xEC80, 0xE480, 0xE460, 0xE460, 0xE460, 0xE460, 0xE460, 0xE460, 0xE460, 0xE461, 
    0xE461, 0xE461, 0xDC61, 0xE461, 0xE461, 0xE460, 0xEC80, 0xDC20, 0xE56D, 0xF6F9, 0xFFDF, 0xFFFF, 
    0xD6DB, 0x6BD1, 0x00C8, 0x012B, 0x012A, 0x84B5, 0xF7BF, 0xFFFF, 0xFFDE, 0xF58C, 0xEC61, 0xEC60, 
    0xEC81, 0xEC81, 0xEC81, 0xEC81, 0xEC61, 0xE481, 0xE481, 0xE461, 0xE461, 0xE461, 0xE481, 0xE480, 
    0xE480, 0xE480, 0xE480, 0xE480, 0xE480, 0xE481, 0xE4A1, 0xE481, 0xEC81, 0xEC82, 0xECC5, 0xEDEF, 
    0xF6F7, 0xFF9C, 0xFFDE, 0xFFDE, 0xFF5A, 0xF651, 0xE507, 0xEC81, 0xEC80, 0xECA0, 0xECA0, 0xECA0, 
    0xECA1, 0xECA1, 0xECA1, 0xECA1, 0xECC1, 0xECA1, 0xECA1, 0xECA1, 0xECA1, 0xECA1, 0xECA1, 0xECA1, 
    0xECA1, 0xECA1, 0xECA1, 0xECC0, 0xECC0, 0xECA0, 0xECA0, 0xECA0, 0xECA1, 0xEC41, 0xED8D, 0xF6F8, 
    0xFFBE, 0xF79E, 0xF79E, 0xF7BE, 0xF7BE, 0xDF3D, 0x7453, 0x21CB, 0x012A, 0x09AC, 0x09AC, 0x014A, 
    0x19CB, 0x7413, 0xEF9E, 0xF7BF, 0xF7BF, 0xF7BF, 0xF7BF, 0xF7BF, 0xF7BF, 0xF7BF, 0xF7BF, 0xF7BF, 
    0xF7BF, 0xF7BF, 0xF7BF, 0xF7BF, 0xF7BF, 0xF7BF, 0xF7BF, 
    0xF7BF, 0xF7BF, 0xF7BF, 0xF7BF, 0xF7BF, 0xF7BF, 0xF7BF, 0xF7BF, 0xF7BF, 0xF7BF, 0xF7BF, 0xF7BF, 
    0xF7BF, 0xF7BF, 0xF7BF, 0xF7DF, 0xF79E, 0x7433, 0x19EB, 0x098A, 0x09CB, 0x120D, 0x098A, 0x2A2C, 
    0x9537, 0xEF7D, 0xFFDE, 0xF7BE, 0xF7BE, 0xF7BE, 0xFFBE, 0xEE94, 0xE4E7, 0xE440, 0xE460, 0xE460, 
    0xDC60, 0xDC41, 0xDC61, 0xE460, 0xE460, 0xE460, 0xE460, 0xE461, 0xE461, 0xE461, 0xE481, 0xEC80, 
    0xEC80, 0xECA0, 0xECA0, 0xF4C0, 0xF4C1, 0xF481, 0xECA5, 0xF673, 0xFFBD, 0xFFFF, 0xFFDF, 0xFFDE, 
    0xFFDE, 0xFFDE, 0xFFDE, 0xFFDE, 0xFFDF, 0xFFFF, 0xFFFF, 0xF738, 0xE507, 0xEC62, 0xEC60, 0xEC80, 
    0xEC80, 0xE480, 0xE460, 0xE460, 0xE460, 0xE460, 0xE460, 0xE460, 0xE460, 0xE460, 0xE461, 0xE461, 
    0xE461, 0xE461, 0xE461, 0xE461, 0xE461, 0xE481, 0xEC80, 0xE420, 0xE56D, 0xF6F9, 0xFFFF, 0xFFFF, 
    0xD6DC, 0x6BD2, 0x00C8, 0x012B, 0x094A, 0x8CB5, 0xF7DF, 0xFFFF, 0xFFDE, 0xF5AC, 0xEC61, 0xEC80, 
    0xEC81, 0xEC81, 0xEC81, 0xEC81, 0xEC81, 0xEC81, 0xEC81, 0xEC81, 0xE481, 0xE481, 0xE481, 0xE481, 
    0xE480, 0xE480, 0xE481, 0xE481, 0xE481, 0xE481, 0xE481, 0xEC81, 0xEC81, 0xECA3, 0xEDEF, 0xFF5A, 
    0xFFDE, 0xFFDE, 0xFFDE, 0xFFDE, 0xFFFF, 0xFF9B, 0xF672, 0xECA3, 0xEC81, 0xF4A0, 0xECA0, 0xECA0, 
    0xECA1, 0xECA1, 0xECA1, 0xECC1, 0xECA1, 0xECC1, 0xECC1, 0xECA1, 0xECA1, 0xECA1, 0xECA1, 0xECC1, 
    0xECC1, 0xECC1, 0xECC1, 0xECC1, 0xECC1, 0xECA0, 0xECA0, 0xECA0, 0xECA1, 0xE485, 0xF6B6, 0xFF9D, 
    0xF7BE, 0xF79E, 0xF7BE, 0xF7BE, 0xEF9E, 0xC65A, 0x220C, 0x096A, 0x098B, 0x09AC, 0x09CC, 0x0108, 
    0x4B0F, 0xADD8, 0xFFDF, 0xF7BE, 0xF7BE, 0xF7BF, 0xF7BF, 0xF7BF, 0xF7BF, 0xF7BF, 0xF7BF, 0xF7BF, 
    0xF7BF, 0xF7BF, 0xF7BF, 0xF7BF, 0xF7BF, 0xF7BF, 0xF7BF, 
    0xF7BF, 0xF7BF, 0xF7BF, 0xF7BF, 0xF7BF, 0xF7BF, 0xF7BF, 0xF7BF, 0xF7BF, 0xF7BF, 0xF7BF, 0xF7BF, 
    0xF7BF, 0xF7BF, 0xF7BF, 0xF7BE, 0xFFFF, 0xB5D8, 0x532F, 0x0908, 0x09CC, 0x11EC, 0x09CB, 0x11CB, 
    0x2A6D, 0xD6DB, 0xF7BE, 0xF79E, 0xF79D, 0xF79D, 0xFFBE, 0xF75B, 0xEE12, 0xDC00, 0xE460, 0xE460, 
    0xDC41, 0xDC41, 0xDC41, 0xE440, 0xE460, 0xE460, 0xE460, 0xE460, 0xE460, 0xE460, 0xE460, 0xEC80, 
    0xEC80, 0xECA0, 0xECA0, 0xF4C0, 0xF4C1, 0xEC81, 0xECC7, 0xF73A, 0xFFDE, 0xFFFF, 0xFFDF, 0xFFDE, 
    0xFFDE, 0xFFDE, 0xFFDE, 0xFFDE, 0xFFDE, 0xFFDF, 0xFFFF, 0xFF9C, 0xEE32, 0xE464, 0xEC40, 0xEC80, 
    0xEC60, 0xE460, 0xE460, 0xE460, 0xE460, 0xE460, 0xE460, 0xE460, 0xE460, 0xE460, 0xE461, 0xE461, 
    0xE461, 0xE461, 0xE461, 0xE461, 0xE461, 0xE480, 0xEC80, 0xDC20, 0xE56D, 0xEEF9, 0xFFFF, 0xFFFF, 
    0xD6DC, 0x6BD2, 0x00E9, 0x012B, 0x094A, 0x8CD5, 0xFFDF, 0xFFFF, 0xFFFE, 0xF5AC, 0xEC61, 0xEC81, 
    0xECA1, 0xECA1, 0xECA1, 0xECA0, 0xEC81, 0xEC81, 0xEC81, 0xEC81, 0xEC81, 0xE481, 0xE481, 0xE481, 
    0xE481, 0xE481, 0xE481, 0xE481, 0xE481, 0xE481, 0xE481, 0xE481, 0xE482, 0xED07, 0xFF5B, 0xFFBD, 
    0xFFBD, 0xFF9D, 0xFFBD, 0xFFBE, 0xFFDE, 0xFFDE, 0xFF7B, 0xED49, 0xECA2, 0xEC80, 0xECA0, 0xECA1, 
    0xECA1, 0xECA1, 0xECA1, 0xECA1, 0xECC1, 0xECA1, 0xECA1, 0xECC1, 0xECA1, 0xECC1, 0xECC1, 0xECC1, 
    0xECC1, 0xECC1, 0xECC1, 0xECC1, 0xECC0, 0xECC0, 0xECC1, 0xEC80, 0xEC84, 0xEDCF, 0xFF5B, 0xFFBE, 
    0xF79E, 0xF79E, 0xF7BE, 0xFFDF, 0xD6DC, 0x7C74, 0x08C8, 0x094A, 0x09AB, 0x098B, 0x018B, 0x0929, 
    0x84B4, 0xE77E, 0xF7DF, 0xF7BE, 0xF7BE, 0xF7BF, 0xF7BF, 0xF7BF, 0xF7BF, 0xF7BF, 0xF7BF, 0xF7BF, 
    0xF7BF, 0xF7BF, 0xF7BF, 0xF7BF, 0xF7BF, 0xF7BF, 0xF7BF, 
    0xF7BF, 0xF7BF, 0xF7BF, 0xF7BF, 0xF7BF, 0xF7BF, 0xF7BF, 0xF7BF, 0xF7BF, 0xF7BF, 0xF7BF, 0xF7BF, 
    0xF7BF, 0xF7BF, 0xF7BF, 0xF7BE, 0xFFDF, 0xE73D, 0x8CD5, 0x19AA, 0x096A, 0x09AB, 0x09EC, 0x09CB, 
    0x1169, 0x84B5, 0xD6DC, 0xF7BE, 0xF79E, 0xF79E, 0xF7BE, 0xF79D, 0xF6F8, 0xDD09, 0xE462, 0xE440, 
    0xE460, 0xDC40, 0xDC60, 0xE440, 0xE460, 0xE460, 0xE460, 0xE460, 0xE460, 0xE460, 0xE480, 0xEC80, 
    0xEC80, 0xECA0, 0xECA0, 0xF4C0, 0xF4C1, 0xEC81, 0xF508, 0xFF9D, 0xFFFF, 0xFFFF, 0xFFDF, 0xFFDE, 
    0xFFDE, 0xFFDE, 0xFFDE, 0xFFDE, 0xFFDE, 0xFFDF, 0xFFFF, 0xFFBD, 0xEED7, 0xE485, 0xE440, 0xEC80, 
    0xE460, 0xE460, 0xE460, 0xE460, 0xE460, 0xE460, 0xE460, 0xE480, 0xE460, 0xE461, 0xE461, 0xE461, 
    0xE461, 0xE461, 0xE461, 0xE461, 0xE461, 0xEC81, 0xEC80, 0xDC20, 0xE56D, 0xF6F9, 0xFFFF, 0xFFFF, 
    0xD6DC, 0x6BD2, 0x00E9, 0x014B, 0x094A, 0x8CD5, 0xFFDF, 0xFFFF, 0xFFFE, 0xF5AC, 0xEC61, 0xEC81, 
    0xECA1, 0xECA1, 0xECA1, 0xECA0, 0xECA0, 0xECA1, 0xEC81, 0xEC81, 0xEC80, 0xE480, 0xE481, 0xE481, 
    0xE481, 0xE481, 0xE481, 0xE481, 0xE481, 0xE481, 0xE481, 0xE461, 0xEC83, 0xED6A, 0xFFBD, 0xFFBE, 
    0xFFBD, 0xFFBD, 0xFFBD, 0xFFDE, 0xFFDE, 0xFFFF, 0xFFBD, 0xEE30, 0xECC5, 0xEC80, 0xECA1, 0xECA1, 
    0xECA1, 0xECA1, 0xECA1, 0xECA1, 0xECC1, 0xECC1, 0xECC1, 0xECA1, 0xECC1, 0xECC1, 0xECC1, 0xECC1, 
    0xECC1, 0xECC1, 0xECC1, 0xECC1, 0xECC0, 0xECC1, 0xF4C1, 0xECA2, 0xE509, 0xF73A, 0xFFBD, 0xF7BE, 
    0xF79D, 0xF79D, 0xFFBE, 0xF7BE, 0xAD98, 0x2A2C, 0x0929, 0x098B, 0x09CC, 0x09AB, 0x0108, 0x4B30, 
    0xB619, 0xF7BF, 0xF7BE, 0xF7BE, 0xF7BF, 0xF7BF, 0xF7BF, 0xF7BF, 0xF7BF, 0xF7BF, 0xF7BF, 0xF7BF, 
    0xF7BF, 0xF7BF, 0xF7BF, 0xF7BF, 0xF7BF, 0xF7BF, 0xF7BF, 
    0xF7BF, 0xF7BF, 0xF7BF, 0xF7BF, 0xF7BF, 0xF7BF, 0xF7BF, 0xF7BF, 0xF7BF, 0xF7BF, 0xF7BF, 0xF7BF, 
    0xF7BF, 0xF7BF, 0xF7BF, 0xF7BE, 0xF7BE, 0xFFDF, 0xBE39, 0x5350, 0x0929, 0x098B, 0x09EC, 0x09CC, 
    0x096A, 0x3A8D, 0xA597, 0xEF7E, 0xF7BE, 0xF79E, 0xF79E, 0xF7BE, 0xF77C, 0xEE74, 0xDCA6, 0xDC41, 
    0xE460, 0xE460, 0xE460, 0xE440, 0xE460, 0xE460, 0xE460, 0xE460, 0xE460, 0xE480, 0xEC80, 0xEC80, 
    0xECA0, 0xECA0, 0xECA0, 0xECC0, 0xECA0, 0xEC81, 0xF508, 0xFFDE, 0xFFFF, 0xFFFF, 0xFFDF, 0xFFDE, 
    0xFFDE, 0xFFDE, 0xFFDF, 0xFFDF, 0xFFDE, 0xFFDF, 0xFFDF, 0xFFBE, 0xF6F9, 0xE485, 0xE440, 0xEC60, 
    0xE460, 0xE460, 0xE460, 0xE460, 0xE460, 0xE460, 0xE480, 0xE480, 0xE480, 0xE461, 0xE461, 0xE461, 
    0xE461, 0xE461, 0xE461, 0xE461, 0xE461, 0xEC81, 0xECA0, 0xDC20, 0xE56D, 0xF71A, 0xFFFF, 0xFFFF, 
    0xD6DC, 0x6BD2, 0x00E9, 0x014B, 0x094A, 0x8CF5, 0xFFFF, 0xFFFF, 0xFFFE, 0xF5AC, 0xEC81, 0xEC81, 
    0xECA1, 0xF4A1, 0xF4A1, 0xF4A0, 0xECA0, 0xECA0, 0xECA0, 0xEC80, 0xEC80, 0xEC80, 0xE481, 0xE481, 
    0xE481, 0xE481, 0xE481, 0xE480, 0xE481, 0xE481, 0xE481, 0xE461, 0xECA3, 0xF58B, 0xFFBD, 0xFFDE, 
    0xFFBE, 0xFFDD, 0xFFDE, 0xFFDE, 0xFFDF, 0xFFFF, 0xFFDE, 0xF673, 0xECE6, 0xEC60, 0xECA1, 0xECA1, 
    0xECA1, 0xECA1, 0xECA1, 0xECA1, 0xECA1, 0xECA1, 0xECA1, 0xECA1, 0xECA1, 0xECA1, 0xECC1, 0xECC1, 
    0xECC1, 0xECC1, 0xECC1, 0xECC1, 0xF4E1, 0xF4E1, 0xECA1, 0xED07, 0xEE32, 0xFFDE, 0xFFDE, 0xF7BE, 
    0xF79D, 0xF7BD, 0xFFDE, 0xC67A, 0x6BD2, 0x0929, 0x098B, 0x09AB, 0x09AB, 0x098B, 0x1989, 0x9D57, 
    0xDF3D, 0xF7DF, 0xF7BE, 0xF7BE, 0xF7BF, 0xF7BF, 0xF7BF, 0xF7BF, 0xF7BF, 0xF7BF, 0xF7BF, 0xF7BF, 
    0xF7BF, 0xF7BF, 0xF7BF, 0xF7BF, 0xF7BF, 0xF7BF, 0xF7BF, 
    0xF7BF, 0xF7BF, 0xF7BF, 0xF7BF, 0xF7BF, 0xF7BF, 0xF7BF, 0xF7BF, 0xF7BF, 0xF7BF, 0xF7BF, 0xF7BF, 
    0xF7BF, 0xF7BF, 0xF7BF, 0xF7BF, 0xF7BE, 0xFFDF, 0xE73D, 0x9D37, 0x196A, 0x098B, 0x09AB, 0x09CC, 
    0x09CC, 0x0949, 0x6BF2, 0xCE9B, 0xF7BF, 0xF79E, 0xF79E, 0xF7BE, 0xFFBE, 0xFFBD, 0xE58D, 0xE484, 
    0xE440, 0xE460, 0xE460, 0xE460, 0xE460, 0xE460, 0xE460, 0xE460, 0xEC80, 0xEC80, 0xEC80, 0xECA0, 
    0xECA0, 0xECA0, 0xECA0, 0xECC0, 0xECA0, 0xEC81, 0xF508, 0xFFBD, 0xFFFF, 0xFFDF, 0xFFDE, 0xFFDE, 
    0xFFDE, 0xFFDE, 0xFFDE, 0xFFDE, 0xFFDE, 0xFFBE, 0xFFDF, 0xFF9D, 0xF6D7, 0xE484, 0xE440, 0xEC60, 
    0xE460, 0xE460, 0xE460, 0xE480, 0xE480, 0xE480, 0xE480, 0xE480, 0xE480, 0xE481, 0xE461, 0xE461, 
    0xE461, 0xE461, 0xE461, 0xE461, 0xE461, 0xEC81, 0xECA0, 0xE421, 0xE56D, 0xF71A, 0xFFFF, 0xFFFF, 
    0xD6DC, 0x6BD2, 0x00E9, 0x014B, 0x094A, 0x8CF5, 0xFFFF, 0xFFFF, 0xFFFF, 0xF5CC, 0xEC81, 0xECA1, 
    0xECA1, 0xF4C1, 0xF4C1, 0xF4C0, 0xF4A0, 0xECA0, 0xECA0, 0xECA0, 0xEC80, 0xEC81, 0xEC81, 0xE481, 
    0xE481, 0xE481, 0xE481, 0xE480, 0xE481, 0xE481, 0xE481, 0xE461, 0xEC82, 0xED69, 0xFFBD, 0xFFDE, 
    0xFFDE, 0xFFDE, 0xFFDE, 0xFFDE, 0xFFDF, 0xFFFF, 0xFFBD, 0xEE31, 0xECE5, 0xEC81, 0xECA1, 0xECA1, 
    0xECA1, 0xECA1, 0xECA1, 0xECC1, 0xECA1, 0xECA1, 0xECA1, 0xECA1, 0xECA1, 0xECA1, 0xECC1, 0xECC1, 
    0xECC1, 0xECC1, 0xECC1, 0xECC1, 0xF4E1, 0xF4C1, 0xECA4, 0xEDAE, 0xF73B, 0xFFFF, 0xF7DE, 0xF7BE, 
    0xF79E, 0xF7BE, 0xEF7E, 0x84B4, 0x2A2C, 0x0129, 0x11AC, 0x11CC, 0x098B, 0x19AB, 0x5350, 0xD6FC, 
    0xF7DF, 0xF7BE, 0xF7BF, 0xF7BF, 0xF7BF, 0xF7BF, 0xF7BF, 0xF7BF, 0xF7BF, 0xF7BF, 0xF7BF, 0xF7BF, 
    0xF7BF, 0xF7BF, 0xF7BF, 0xF7BF, 0xF7BF, 0xF7BF, 0xF7BF, 
    0xF7BF, 0xF7BF, 0xF7BF, 0xF7BF, 0xF7BF, 0xF7BF, 0xF7BF, 0xF7BF, 0xF7BF, 0xF7BF, 0xF7BF, 0xF7BF, 
    0xF7BF, 0xF7BF, 0xF7BF, 0xF7BF, 0xF7BE, 0xF7BF, 0xF7DF, 0xDEFC, 0x4B0F, 0x198A, 0x098A, 0x11EC, 
    0x11EC, 0x0949, 0x222C, 0x7CB4, 0xF7BF, 0xF79E, 0xF79E, 0xF79E, 0xF7BE, 0xFFDE, 0xF719, 0xE54B, 
    0xE420, 0xEC80, 0xE460, 0xE460, 0xE460, 0xE460, 0xE480, 0xEC80, 0xEC80, 0xECA0, 0xECA1, 0xECA0, 
    0xECA0, 0xECA0, 0xF4C0, 0xECC0, 0xECC1, 0xEC61, 0xECE7, 0xFF7B, 0xFFDE, 0xFFDF, 0xFFDE, 0xFFDE, 
    0xFFDE, 0xFFDE, 0xFFDE, 0xFFDE, 0xFFDE, 0xFFBE, 0xFFDE, 0xFF7B, 0xEE31, 0xE463, 0xE440, 0xEC80, 
    0xE461, 0xE480, 0xE480, 0xE480, 0xE480, 0xE480, 0xE480, 0xE480, 0xE480, 0xE480, 0xE481, 0xE461, 
    0xE461, 0xE461, 0xE461, 0xE461, 0xE461, 0xEC81, 0xEC80, 0xE420, 0xE58D, 0xF71A, 0xFFFF, 0xFFFF, 
    0xD6DC, 0x6BD2, 0x00E9, 0x014B, 0x094A, 0x8CF5, 0xFFFF, 0xFFFF, 0xFFFF, 0xF5CC, 0xEC81, 0xECA1, 
    0xECC1, 0xF4C1, 0xF4C1, 0xF4C0, 0xF4A0, 0xECA0, 0xECA0, 0xECA0, 0xEC80, 0xEC81, 0xEC81, 0xEC81, 
    0xE480, 0xE480, 0xE480, 0xE480, 0xE481, 0xE481, 0xE481, 0xE481, 0xE481, 0xECE6, 0xFF9C, 0xFFDE, 
    0xFFDE, 0xFFBD, 0xFFBD, 0xFFBE, 0xFFDF, 0xFFDF, 0xFF9B, 0xE56A, 0xE4A3, 0xEC80, 0xECA1, 0xECA1, 
    0xECA1, 0xECA1, 0xECA1, 0xECA1, 0xECA1, 0xECA1, 0xECA1, 0xECA1, 0xECA1, 0xECA1, 0xECC1, 0xECC1, 
    0xECC1, 0xECC1, 0xECC1, 0xECE1, 0xECE1, 0xEC81, 0xED6B, 0xF6D6, 0xFFFF, 0xFFDF, 0xFFDF, 0xF7BE, 
    0xF7BE, 0xFFDF, 0xC67A, 0x4ACE, 0x0109, 0x09AB, 0x09AB, 0x11CC, 0x096A, 0x324D, 0xBE5B, 0xEF9E, 
    0xF7DF, 0xF7BE, 0xF7BF, 0xF7BF, 0xF7BF, 0xF7BF, 0xF7BF, 0xF7BF, 0xF7BF, 0xF7BF, 0xF7BF, 0xF7BF, 
    0xF7BF, 0xF7BF, 0xF7BF, 0xF7BF, 0xF7BF, 0xF7BF, 0xF7BF, 
    0xF7BF, 0xF7BF, 0xF7BE, 0xF7BE, 0xF7BF, 0xF7BF, 0xF7BF, 0xF7BF, 0xF7BF, 0xF7BF, 0xF7BF, 0xF7BF, 
    0xF7BF, 0xF7BF, 0xF7BF, 0xF7BF, 0xF7BF, 0xF7BE, 0xF7DF, 0xEF9E, 0xB5D9, 0x324C, 0x0949, 0x09AB, 
    0x09CB, 0x09CC, 0x0949, 0x42AE, 0xB5F9, 0xEF9E, 0xF79E, 0xF79E, 0xF7BE, 0xFFDE, 0xFFBD, 0xF673, 
    0xED08, 0xE400, 0xEC80, 0xE481, 0xE481, 0xE481, 0xEC80, 0xECA0, 0xECA0, 0xECA0, 0xF4A0, 0xF4A0, 
    0xF4C0, 0xF4C0, 0xF4C0, 0xECC0, 0xECC0, 0xEC61, 0xEC84, 0xF650, 0xFF9B, 0xFFDE, 0xFFBE, 0xFFBE, 
    0xFFDE, 0xFFDE, 0xFFDE, 0xFFBE, 0xFFBE, 0xFFBE, 0xFFBE, 0xF718, 0xE508, 0xE461, 0xEC60, 0xEC80, 
    0xEC80, 0xEC80, 0xEC80, 0xEC80, 0xEC80, 0xEC80, 0xEC80, 0xE480, 0xE480, 0xE480, 0xE481, 0xE481, 
    0xE481, 0xE461, 0xE461, 0xE461, 0xE461, 0xEC81, 0xEC80, 0xE420, 0xE58D, 0xF71A, 0xFFFF, 0xFFFF, 
    0xD6DC, 0x6BD2, 0x00E9, 0x014B, 0x094A, 0x8CD5, 0xFFFF, 0xFFFF, 0xFFFF, 0xF5AC, 0xEC81, 0xECA1, 
    0xECA1, 0xF4C1, 0xF4C1, 0xF4C0, 0xECA0, 0xECA1, 0xECA0, 0xECA0, 0xECA0, 0xEC80, 0xEC80, 0xEC80, 
    0xE480, 0xE480, 0xE480, 0xE480, 0xE480, 0xE481, 0xE481, 0xECA1, 0xE481, 0xE483, 0xEDEE, 0xFF7A, 
    0xFFFE, 0xFFDE, 0xFFDE, 0xFFDE, 0xFFFF, 0xFF9C, 0xF673, 0xE4A4, 0xEC81, 0xECA0, 0xECA1, 0xECA1, 
    0xECA1, 0xECA1, 0xECA1, 0xECA1, 0xECA1, 0xECA1, 0xECA1, 0xECA1, 0xECA1, 0xECA1, 0xECA1, 0xECC1, 
    0xECC1, 0xECC1, 0xECC1, 0xECC1, 0xECC1, 0xE4A4, 0xF694, 0xFFBD, 0xFFFF, 0xF7DF, 0xF7BE, 0xFFDE, 
    0xFFDF, 0xEF7E, 0x5B90, 0x19CB, 0x096A, 0x09CC, 0x11CC, 0x094A, 0x220C, 0x7413, 0xF79E, 0xF7BE, 
    0xF7BE, 0xF7BF, 0xF7BF, 0xF7BF, 0xF7BF, 0xF7BF, 0xF7BF, 0xF7BF, 0xF7BF, 0xF7BF, 0xF7BF, 0xF7BF, 
    0xF7BF, 0xF7BF, 0xF7BF, 0xF7BF, 0xF7BF, 0xF7BF, 0xF7BF, 
    0xF7BF, 0xF7BF, 0xF7BF, 0xF7BF, 0xF7BF, 0xF7BF, 0xF7BF, 0xF7BF, 0xF7BF, 0xF7BF, 0xF7BF, 0xF7BF, 
    0xF7BF, 0xF7BF, 0xF7BF, 0xF7BF, 0xF7BF, 0xF7BF, 0xF7BF, 0xF7BF, 0xE75E, 0x6BF2, 0x21CB, 0x0929, 
    0x09CC, 0x09CC, 0x096A, 0x19AB, 0x5370, 0xDF1C, 0xEF9E, 0xF79E, 0xF79E, 0xF7BE, 0xFFDE, 0xFF7B, 
    0xF652, 0xE4A5, 0xE461, 0xEC81, 0xEC81, 0xEC81, 0xECA1, 0xECA0, 0xF4A0, 0xF4A0, 0xF4A0, 0xF4C0, 
    0xF4C0, 0xF4C0, 0xF4C0, 0xECC0, 0xECA0, 0xEC80, 0xEC61, 0xE4C5, 0xF717, 0xFFBD, 0xFFDE, 0xFFBE, 
    0xFFBE, 0xFFBE, 0xFFBE, 0xFFBE, 0xFFBE, 0xFFDE, 0xF75B, 0xEE52, 0xE462, 0xEC60, 0xEC80, 0xEC80, 
    0xEC80, 0xEC80, 0xEC80, 0xEC80, 0xEC80, 0xEC80, 0xEC80, 0xEC80, 0xE480, 0xE480, 0xE481, 0xE481, 
    0xE481, 0xE481, 0xE461, 0xE461, 0xE461, 0xEC81, 0xECA0, 0xE420, 0xED8D, 0xF71A, 0xFFFF, 0xFFFF, 
    0xD6DB, 0x6BD2, 0x00E9, 0x014B, 0x094A, 0x8CD5, 0xFFFF, 0xFFFF, 0xFFFF, 0xF5AC, 0xEC61, 0xEC81, 
    0xECA1, 0xECC1, 0xECC0, 0xECC0, 0xECA0, 0xECA1, 0xECA0, 0xECA0, 0xECA1, 0xEC81, 0xEC81, 0xE480, 
    0xE480, 0xE480, 0xE480, 0xE480, 0xE481, 0xE481, 0xE481, 0xEC81, 0xEC81, 0xE481, 0xE4C5, 0xEDEF, 
    0xF6F7, 0xFF9C, 0xFFDD, 0xFFBD, 0xF739, 0xEE72, 0xE548, 0xEC82, 0xECA1, 0xECA1, 0xECA1, 0xECA1, 
    0xECA1, 0xECA1, 0xECA1, 0xECA1, 0xECA1, 0xECA1, 0xECA1, 0xECA1, 0xECA1, 0xECA1, 0xECA1, 0xECC1, 
    0xECC1, 0xECC1, 0xECC1, 0xECA2, 0xE4A4, 0xEDEF, 0xF75A, 0xFFDF, 0xF7BE, 0xF7BE, 0xF7BE, 0xFFDE, 
    0xE73C, 0x9516, 0x29EB, 0x118A, 0x09AB, 0x11AB, 0x098B, 0x0949, 0x5350, 0xBE3A, 0xFFDF, 0xF7BE, 
    0xF7BE, 0xF7BF, 0xF7BF, 0xF7BF, 0xF7BF, 0xF7BF, 0xF7BF, 0xF7BF, 0xF7BF, 0xF7BF, 0xF7BF, 0xF7BF, 
    0xF7BF, 0xF7BF, 0xF7BF, 0xF7BF, 0xF7BF, 0xF7BF, 0xF7BF, 
    0xF7BF, 0xF7BF, 0xF7BF, 0xF7BF, 0xF7BF, 0xF7BF, 0xF7BF, 0xF7BF, 0xF7BF, 0xF7BF, 0xF7BF, 0xF7BF, 
    0xF7BF, 0xF7BF, 0xF7BF, 0xF7BF, 0xF7BF, 0xF7BF, 0xF7BF, 0xF7BF, 0xFFDF, 0xB5F9, 0x530F, 0x0929, 
    0x098B, 0x09AB, 0x09AB, 0x016A, 0x198A, 0x9536, 0xDF1C, 0xF7BE, 0xF79E, 0xF7BE, 0xF7BE, 0xFFDE, 
    0xF75A, 0xEE0F, 0xE4A5, 0xEC82, 0xECA1, 0xECA1, 0xF4A1, 0xF4A0, 0xF4A0, 0xF4C0, 0xF4C0, 0xF4C0, 
    0xF4C0, 0xF4C0, 0xF4C0, 0xF4C0, 0xECA0, 0xECA0, 0xEC80, 0xE420, 0xEDCD, 0xF717, 0xFFBD, 0xFFBE, 
    0xFFBE, 0xFFBE, 0xFFBE, 0xF7BE, 0xFFBE, 0xF77C, 0xEE94, 0xE529, 0xE440, 0xEC60, 0xEC80, 0xEC80, 
    0xEC80, 0xEC80, 0xECA0, 0xECA0, 0xECA0, 0xEC80, 0xEC80, 0xEC80, 0xEC80, 0xE480, 0xE481, 0xE481, 
    0xE481, 0xE481, 0xE461, 0xE461, 0xE461, 0xEC81, 0xECA0, 0xE420, 0xED8D, 0xF71A, 0xFFFF, 0xFFFF, 
    0xD6BB, 0x6BB2, 0x00E9, 0x014B, 0x094A, 0x8CD5, 0xFFFF, 0xFFFF, 0xFFFF, 0xF5AC, 0xEC61, 0xEC81, 
    0xECA1, 0xECC1, 0xECC0, 0xECA0, 0xECA0, 0xECA1, 0xECA0, 0xECA0, 0xECA1, 0xEC81, 0xE481, 0xE481, 
    0xE480, 0xE480, 0xE480, 0xE481, 0xE481, 0xE481, 0xEC80, 0xEC80, 0xEC80, 0xEC80, 0xE440, 0xE4C5, 
    0xED8C, 0xF631, 0xF693, 0xF672, 0xEDEE, 0xED28, 0xE481, 0xECA1, 0xECA1, 0xECA1, 0xECA1, 0xECA1, 
    0xECA1, 0xECA1, 0xECA1, 0xECA1, 0xE4A1, 0xE4A1, 0xE4A1, 0xE4A1, 0xE4A1, 0xECA0, 0xECA0, 0xECA0, 
    0xECA0, 0xECC1, 0xECA2, 0xECA4, 0xED4B, 0xF719, 0xF7BE, 0xF7BE, 0xF79E, 0xF79D, 0xF7BE, 0xE75D, 
    0xADB7, 0x3A6D, 0x1169, 0x09AB, 0x11CC, 0x11AB, 0x0949, 0x324D, 0x9516, 0xEF9E, 0xF7DF, 0xF7BE, 
    0xF7BE, 0xF7BF, 0xF7BF, 0xF7BF, 0xF7BF, 0xF7BF, 0xF7BF, 0xF7BF, 0xF7BF, 0xF7BF, 0xF7BF, 0xF7BF, 
    0xF7BF, 0xF7BF, 0xF7BF, 0xF7BF, 0xF7BF, 0xF7BF, 0xF7BF, 
    0xF7BF, 0xF7BF, 0xF7BF, 0xF7BF, 0xF7BF, 0xF7BF, 0xF7BF, 0xF7BF, 0xF7BF, 0xF7BF, 0xF7BF, 0xF7BF, 
    0xF7BF, 0xF7BF, 0xF7BF, 0xF7BF, 0xF7BF, 0xF7BF, 0xF7BF, 0xF7BF, 0xFFDF, 0xF7BE, 0x8CF5, 0x220C, 
    0x0129, 0x098B, 0x09AC, 0x096A, 0x0928, 0x2A4C, 0xADD8, 0xEF7E, 0xF7BE, 0xF7BE, 0xF7BE, 0xF7BE, 
    0xFFBE, 0xFF9C, 0xE56B, 0xECA4, 0xEC82, 0xF4C2, 0xF4A1, 0xF4A1, 0xF4A0, 0xF4C0, 0xF4C0, 0xF4C0, 
    0xF4C0, 0xF4C0, 0xF4C0, 0xF4A0, 0xECA0, 0xECA0, 0xEC80, 0xEC60, 0xE461, 0xEDAC, 0xF6F7, 0xFF7B, 
    0xFF9C, 0xFFBD, 0xFF9D, 0xF79C, 0xF77B, 0xEE95, 0xE54A, 0xE441, 0xEC60, 0xEC80, 0xEC80, 0xEC80, 
    0xECA0, 0xECA0, 0xECA0, 0xECA0, 0xECA0, 0xECA0, 0xECA0, 0xECA0, 0xEC80, 0xEC80, 0xE481, 0xE481, 
    0xE481, 0xE481, 0xE481, 0xE481, 0xE481, 0xEC81, 0xEC80, 0xE400, 0xED8D, 0xF719, 0xFFFF, 0xFFFF, 
    0xD6BB, 0x6BB1, 0x00C9, 0x014B, 0x094A, 0x8CD5, 0xFFFF, 0xFFFF, 0xFFFE, 0xF5AC, 0xEC61, 0xEC81, 
    0xECA1, 0xECC1, 0xECC0, 0xECA0, 0xECA0, 0xECA0, 0xECA0, 0xECA0, 0xEC81, 0xEC80, 0xE481, 0xE481, 
    0xE480, 0xE481, 0xE480, 0xE480, 0xE481, 0xE480, 0xEC80, 0xEC80, 0xEC80, 0xEC80, 0xEC80, 0xE460, 
    0xE440, 0xE441, 0xE481, 0xE461, 0xEC61, 0xEC81, 0xEC81, 0xECA1, 0xECA1, 0xECA1, 0xEC81, 0xEC81, 
    0xEC81, 0xEC81, 0xEC81, 0xE481, 0xE481, 0xE481, 0xE481, 0xE480, 0xE480, 0xE480, 0xE4A0, 0xECA0, 
    0xECA0, 0xECA1, 0xEC62, 0xED09, 0xF6B6, 0xFFDE, 0xF7BF, 0xF79E, 0xF79D, 0xF79D, 0xFFBE, 0xBE59, 
    0x6390, 0x08A7, 0x11AB, 0x11CB, 0x11CB, 0x11AB, 0x1128, 0x7C74, 0xD6DC, 0xFFDF, 0xF7BE, 0xF7BF, 
    0xF7BF, 0xF7BF, 0xF7BF, 0xF7BF, 0xF7BF, 0xF7BF, 0xF7BF, 0xF7BF, 0xF7BF, 0xF7BF, 0xF7BF, 0xF7BF, 
    0xF7BF, 0xF7BF, 0xF7BF, 0xF7BF, 0xF7BF, 0xF7BF, 0xF7BF, 
    0xF7BF, 0xF7BF, 0xF7BF, 0xF7BF, 0xF7BF, 0xF7BF, 0xF7BF, 0xF7BF, 0xF7BF, 0xF7BF, 0xF7BF, 0xF7BF, 
    0xF7BF, 0xF7BF, 0xF7BF, 0xF7BF, 0xF7BF, 0xF7BF, 0xF7BF, 0xF7BF, 0xF7BE, 0xFFDF, 0xD6DC, 0x7C54, 
    0x00C7, 0x096A, 0x098B, 0x09AB, 0x098B, 0x00C6, 0x6390, 0xBE39, 0xF7DF, 0xF79E, 0xF7BE, 0xF7BE, 
    0xF7BE, 0xFFBE, 0xF719, 0xED4B, 0xEC83, 0xF4A2, 0xF4C1, 0xF4A1, 0xF4A0, 0xF4A0, 0xF4C0, 0xF4C0, 
    0xF4C0, 0xF4C0, 0xF4C0, 0xF4A1, 0xECA1, 0xECA0, 0xEC80, 0xE480, 0xE460, 0xE441, 0xE4A5, 0xED8C, 
    0xF673, 0xF6D6, 0xF6D6, 0xEE52, 0xE54A, 0xDC84, 0xE441, 0xEC40, 0xEC60, 0xEC80, 0xEC80, 0xEC80, 
    0xECA0, 0xECA0, 0xECA0, 0xECA0, 0xECA0, 0xECA0, 0xECA0, 0xECA0, 0xECA0, 0xEC80, 0xEC81, 0xE481, 
    0xE481, 0xE481, 0xE481, 0xE481, 0xE481, 0xEC81, 0xEC81, 0xE400, 0xED6D, 0xF719, 0xFFFF, 0xFFFF, 
    0xD6BB, 0x6BB1, 0x00C9, 0x014B, 0x094A, 0x8CD5, 0xFFFF, 0xFFFF, 0xFFFE, 0xF5AC, 0xEC61, 0xECA1, 
    0xECA1, 0xECC1, 0xECC0, 0xECA0, 0xECA0, 0xECA0, 0xECA0, 0xEC80, 0xEC80, 0xE480, 0xE481, 0xE481, 
    0xE481, 0xE481, 0xE480, 0xE480, 0xE480, 0xE480, 0xE480, 0xE480, 0xE480, 0xE480, 0xE480, 0xECA0, 
    0xECA0, 0xECA1, 0xECA1, 0xECA1, 0xECA1, 0xECA1, 0xECA1, 0xECA1, 0xECA1, 0xECA1, 0xEC81, 0xEC81, 
    0xEC81, 0xEC81, 0xE481, 0xE481, 0xE481, 0xE481, 0xE481, 0xE480, 0xE481, 0xE480, 0xE480, 0xECA0, 
    0xECC0, 0xEC41, 0xECE7, 0xEE53, 0xFFDE, 0xF7DF, 0xF7DF, 0xF7BE, 0xF7BE, 0xFFDE, 0xEF7D, 0x7C53, 
    0x118A, 0x096B, 0x09CC, 0x11EC, 0x098B, 0x116A, 0x3ACF, 0xC65A, 0xF7BF, 0xF7BF, 0xF7BF, 0xF7BF, 
    0xF7BF, 0xF7BF, 0xF7BF, 0xF7BF, 0xF7BF, 0xF7BF, 0xF7BF, 0xF7BF, 0xF7BF, 0xF7BF, 0xF7BF, 0xF7BF, 
    0xF7BF, 0xF7BF, 0xF7BF, 0xF7BF, 0xF7BF, 0xF7BF, 0xF7BF, 
    0xF7BF, 0xF7BF, 0xF7BF, 0xF7BF, 0xF7BF, 0xF7BF, 0xF7BF, 0xF7BF, 0xF7BF, 0xF7BF, 0xF7BF, 0xF7BF, 
    0xF7BF, 0xF7BF, 0xF7BF, 0xF7BF, 0xF7BF, 0xF7BF, 0xF7BF, 0xF7BF, 0xF7BE, 0xF7BE, 0xEF9E, 0xBE19, 
    0x42CF, 0x0949, 0x094A, 0x09AB, 0x098B, 0x0949, 0x19AA, 0x7412, 0xDEFC, 0xFFDF, 0xF7BE, 0xF7BE, 
    0xF7BE, 0xF7BE, 0xFFBE, 0xF6B5, 0xED4B, 0xEC62, 0xF4A2, 0xF4A1, 0xF4A1, 0xF4A0, 0xF4A0, 0xF4C0, 
    0xF4C0, 0xF4C0, 0xF4A0, 0xF4A1, 0xECA1, 0xECA1, 0xEC80, 0xE480, 0xE460, 0xE460, 0xE441, 0xE463, 
    0xE485, 0xE4C7, 0xE4C6, 0xE485, 0xE462, 0xE441, 0xE440, 0xE460, 0xE460, 0xE460, 0xEC80, 0xEC80, 
    0xEC80, 0xECA0, 0xECA0, 0xECA0, 0xECA0, 0xECA0, 0xECA0, 0xECA0, 0xECA0, 0xECA0, 0xECA0, 0xEC81, 
    0xE481, 0xE481, 0xE481, 0xE481, 0xE481, 0xEC81, 0xECA1, 0xE400, 0xED6D, 0xF719, 0xFFFF, 0xFFFF, 
    0xD6BB, 0x6BB1, 0x00C8, 0x012B, 0x094A, 0x8CF6, 0xFFFF, 0xFFFF, 0xFFFE, 0xF5AC, 0xEC61, 0xECA1, 
    0xECA1, 0xECC1, 0xECC0, 0xECA0, 0xECA0, 0xECA0, 0xECA0, 0xEC80, 0xE480, 0xE480, 0xE481, 0xE481, 
    0xE481, 0xE481, 0xE481, 0xE481, 0xE480, 0xE480, 0xE480, 0xE480, 0xE481, 0xE481, 0xE480, 0xEC81, 
    0xECA1, 0xECA1, 0xECA1, 0xECA1, 0xECA1, 0xECA1, 0xECA1, 0xECA1, 0xECA1, 0xEC81, 0xEC81, 0xEC81, 
    0xEC81, 0xE481, 0xE481, 0xE481, 0xE481, 0xE481, 0xE480, 0xE480, 0xE480, 0xE480, 0xE480, 0xEC80, 
    0xEC60, 0xE4A4, 0xEE11, 0xF75B, 0xF7DF, 0xF7BF, 0xF7BE, 0xFFBE, 0xFFDE, 0xFFFF, 0x9516, 0x3A8D, 
    0x096A, 0x09CC, 0x09CC, 0x09AB, 0x098A, 0x220C, 0xA5B8, 0xE75E, 0xFFDF, 0xF7BF, 0xF7BF, 0xF7BF, 
    0xF7BF, 0xF7BF, 0xF7BF, 0xF7BF, 0xF7BF, 0xF7BF, 0xF7BF, 0xF7BF, 0xF7BF, 0xF7BF, 0xF7BF, 0xF7BF, 
    0xF7BF, 0xF7BF, 0xF7BF, 0xF7BF, 0xF7BF, 0xF7BF, 0xF7BF, 
    0xF7BF, 0xF7BF, 0xF7BF, 0xF7BF, 0xF7BF, 0xF7BF, 0xF7BF, 0xF7BF, 0xF7BE, 0xF7BE, 0xF7BF, 0xF7BF, 
    0xF7BF, 0xF7BF, 0xF7BF, 0xF7BF, 0xF7BF, 0xF7BF, 0xF7BF, 0xF7BF, 0xF7BF, 0xF7BE, 0xF7BF, 0xE73D, 
    0x9D57, 0x29EC, 0x094A, 0x098B, 0x11AB, 0x11AB, 0x0928, 0x324C, 0x8CD5, 0xF7BF, 0xF7BE, 0xF7BE, 
    0xFFBE, 0xFFDE, 0xFFFF, 0xFF9C, 0xF674, 0xED08, 0xEC82, 0xF4A1, 0xF4A1, 0xF4A1, 0xF4A0, 0xF4C0, 
    0xF4C0, 0xF4C0, 0xF4A0, 0xF4A0, 0xECA1, 0xECA1, 0xEC81, 0xE481, 0xE481, 0xE460, 0xE460, 0xE440, 
    0xE420, 0xE420, 0xE420, 0xE420, 0xE440, 0xE460, 0xE460, 0xE460, 0xE460, 0xE460, 0xE480, 0xEC80, 
    0xEC80, 0xEC80, 0xECA0, 0xECA0, 0xECA0, 0xECA0, 0xECA0, 0xECA0, 0xECA0, 0xECA0, 0xECA0, 0xECA1, 
    0xEC81, 0xEC81, 0xE481, 0xE481, 0xEC81, 0xEC81, 0xECA1, 0xE400, 0xED6D, 0xF719, 0xFFFF, 0xFFFF, 
    0xCEBB, 0x6BB1, 0x00C8, 0x012B, 0x094A, 0x8CF6, 0xFFFF, 0xFFFF, 0xFFFE, 0xF5AC, 0xEC61, 0xECA1, 
    0xECA1, 0xECC1, 0xECC0, 0xECA0, 0xECA0, 0xECA0, 0xEC80, 0xE480, 0xE480, 0xE480, 0xE481, 0xE481, 
    0xE481, 0xE481, 0xE481, 0xE481, 0xE481, 0xE480, 0xE480, 0xE481, 0xE481, 0xE481, 0xE481, 0xEC81, 
    0xECA1, 0xECA1, 0xECA1, 0xECA1, 0xECA1, 0xECA1, 0xECA1, 0xECA1, 0xECA1, 0xEC81, 0xEC81, 0xEC81, 
    0xEC81, 0xE481, 0xE481, 0xE481, 0xE481, 0xE480, 0xE480, 0xE480, 0xE480, 0xE480, 0xEC80, 0xEC81, 
    0xE463, 0xEDAE, 0xF719, 0xFFBE, 0xF7BE, 0xF7BE, 0xF7BE, 0xFFDE, 0xF79E, 0xC67A, 0x4AEE, 0x11AA, 
    0x098B, 0x11CC, 0x09CC, 0x096A, 0x220C, 0x6C13, 0xE75E, 0xF7BF, 0xF7BF, 0xF7BF, 0xF7BF, 0xF7BF, 
    0xF7BF, 0xF7BF, 0xF7BF, 0xF7BF, 0xF7BF, 0xF7BF, 0xF7BF, 0xF7BF, 0xF7BF, 0xF7BF, 0xF7BF, 0xF7BF, 
    0xF7BF, 0xF7BF, 0xF7BF, 0xF7BF, 0xF7BF, 0xF7BF, 0xF7BF, 
    0xF7BF, 0xF7BF, 0xF7BF, 0xF7BF, 0xF7BF, 0xF7BF, 0xF7BF, 0xF7BE, 0xF7BE, 0xF7BF, 0xF7BF, 0xF7BF, 
    0xF7BF, 0xF7BF, 0xF7BF, 0xF7BF, 0xF7BF, 0xF7BF, 0xF7BF, 0xF7BF, 0xF7BF, 0xF7BE, 0xF7BF, 0xF7BF, 
    0xEF7E, 0x63F2, 0x19CB, 0x094A, 0x11AB, 0x11AB, 0x098B, 0x0949, 0x326D, 0xC67A, 0xEF9E, 0xFFDE, 
    0xFFDE, 0xFFDF, 0xFFFF, 0xFFFF, 0xFF7B, 0xF653, 0xECA6, 0xECA3, 0xF4A1, 0xF4A1, 0xF4C1, 0xF4C0, 
    0xF4C0, 0xF4A0, 0xF4A0, 0xF4A0, 0xECA1, 0xEC81, 0xEC81, 0xE481, 0xE481, 0xE461, 0xE460, 0xE480, 
    0xE480, 0xE480, 0xE480, 0xE480, 0xE460, 0xE460, 0xE460, 0xE461, 0xE460, 0xE460, 0xE480, 0xE480, 
    0xEC80, 0xEC80, 0xEC80, 0xECA0, 0xECA0, 0xECA0, 0xECA0, 0xECA0, 0xECA0, 0xECA0, 0xECA1, 0xECA1, 
    0xECA1, 0xECA1, 0xECA1, 0xECA1, 0xECA1, 0xECA1, 0xECA1, 0xE420, 0xED6D, 0xF719, 0xFFFF, 0xFFFF, 
    0xCEBB, 0x6BB1, 0x00C8, 0x012B, 0x096B, 0x94F6, 0xFFFF, 0xFFFF, 0xFFFE, 0xF5AC, 0xEC81, 0xECA1, 
    0xECA1, 0xECC1, 0xECC0, 0xECA0, 0xECA0, 0xECA0, 0xEC80, 0xE480, 0xE480, 0xE480, 0xE481, 0xE481, 
    0xE481, 0xE481, 0xE481, 0xE481, 0xE481, 0xE481, 0xE481, 0xE481, 0xE481, 0xE481, 0xEC81, 0xEC81, 
    0xECA1, 0xECA1, 0xECA1, 0xECA1, 0xECA1, 0xECA1, 0xECA1, 0xECA1, 0xECA1, 0xECA1, 0xEC81, 0xEC81, 
    0xEC81, 0xE481, 0xE481, 0xE481, 0xE481, 0xE481, 0xE480, 0xE480, 0xE480, 0xE480, 0xE461, 0xE483, 
    0xE54B, 0xF719, 0xFF9E, 0xF7BE, 0xF79E, 0xF79E, 0xF7BE, 0xF79E, 0xCE9A, 0x63B0, 0x198A, 0x096A, 
    0x11EC, 0x11CB, 0x098A, 0x116A, 0x5B50, 0xC69B, 0xFFDF, 0xF7BE, 0xF7BE, 0xF7BF, 0xF7BF, 0xF7BF, 
    0xF7BF, 0xF7BF, 0xF7BF, 0xF7BF, 0xF7BF, 0xF7BF, 0xF7BF, 0xF7BF, 0xF7BF, 0xF7BF, 0xF7BF, 0xF7BF, 
    0xF7BF, 0xF7BF, 0xF7BF, 0xF7BF, 0xF7BF, 0xF7BF, 0xF7BF, 
    0xF7BF, 0xF7BF, 0xF7BF, 0xF7BF, 0xF7BF, 0xF7BF, 0xF7BF, 0xF7BF, 0xF7BF, 0xF7BF, 0xF7BF, 0xF7BF, 
    0xF7BF, 0xF7BF, 0xF7BF, 0xF7BF, 0xF7BF, 0xF7BF, 0xF7BF, 0xF7BF, 0xF7BF, 0xF7BF, 0xF7BE, 0xF7BE, 
    0xFFDF, 0xDF1D, 0x5B70, 0x0129, 0x098B, 0x09AB, 0x11CC, 0x096B, 0x094A, 0x3ACE, 0xD6DB, 0xFFFF, 
    0xFFDF, 0xFFDF, 0xFFFF, 0xFFFF, 0xFFFF, 0xFFBD, 0xEE31, 0xE4C6, 0xEC81, 0xF4C1, 0xF4A1, 0xF4C0, 
    0xF4A0, 0xF4A0, 0xF4A0, 0xF4A0, 0xECA1, 0xEC81, 0xEC81, 0xE461, 0xE461, 0xE461, 0xE461, 0xE461, 
    0xE461, 0xE461, 0xE460, 0xE460, 0xE460, 0xE461, 0xE461, 0xE461, 0xE460, 0xE460, 0xE480, 0xE480, 
    0xE480, 0xEC80, 0xEC80, 0xEC80, 0xECA0, 0xECA0, 0xECA0, 0xECA0, 0xECA0, 0xECA1, 0xEC81, 0xECA1, 
    0xECA1, 0xECA1, 0xECA1, 0xECA1, 0xECA1, 0xECA1, 0xECA1, 0xE420, 0xED6D, 0xF719, 0xFFFF, 0xFFFF, 
    0xCEBB, 0x6391, 0x00A8, 0x010B, 0x116B, 0x94F6, 0xFFFF, 0xFFFF, 0xFFFE, 0xF5CC, 0xEC81, 0xECA1, 
    0xECA1, 0xECC1, 0xECC0, 0xECA0, 0xECA0, 0xECA0, 0xEC80, 0xE480, 0xE480, 0xE480, 0xE481, 0xE481, 
    0xE481, 0xE481, 0xE481, 0xE481, 0xE481, 0xE481, 0xE481, 0xE481, 0xE481, 0xE481, 0xEC81, 0xEC81, 
    0xECA1, 0xECA1, 0xECA1, 0xECA1, 0xECA1, 0xECA1, 0xECA1, 0xECA1, 0xECA1, 0xECA1, 0xEC81, 0xEC81, 
    0xEC81, 0xE481, 0xE481, 0xE481, 0xE481, 0xE481, 0xE480, 0xE480, 0xECA0, 0xEC40, 0xE462, 0xE54B, 
    0xFF9C, 0xFFBE, 0xF7BE, 0xF79E, 0xF79D, 0xF79D, 0xFFDE, 0xD6DB, 0x7C53, 0x08A7, 0x098A, 0x11CB, 
    0x11CC, 0x11CB, 0x08E7, 0x42AE, 0xA577, 0xFFFF, 0xF7BE, 0xF7BE, 0xF7BF, 0xF7BF, 0xF7BF, 0xF7BF, 
    0xF7BF, 0xF7BF, 0xF7BF, 0xF7BF, 0xF7BF, 0xF7BF, 0xF7BF, 0xF7BF, 0xF7BF, 0xF7BF, 0xF7BF, 0xF7BF, 
    0xF7BF, 0xF7BF, 0xF7BF, 0xF7BF, 0xF7BF, 0xF7BF, 0xF7BF, 
    0xF7BF, 0xF7BF, 0xF7BF, 0xF7BF, 0xF7BF, 0xF7BF, 0xF7BF, 0xF7BF, 0xF7BF, 0xF7BF, 0xF7BF, 0xF7BF, 
    0xF7BF, 0xF7BF, 0xF7BF, 0xF7BF, 0xF7BF, 0xF7BF, 0xF7BF, 0xF7BF, 0xF7BF, 0xF7BF, 0xF7BF, 0xF7BF, 
    0xF7BF, 0xF7BF, 0xB5D9, 0x5330, 0x00E8, 0x11AC, 0x11CC, 0x09CC, 0x09AB, 0x1148, 0x6C33, 0xCE9B, 
    0xFFFF, 0xFFDF, 0xFFDE, 0xFFDE, 0xF7BF, 0xF7BE, 0xFF9C, 0xEE51, 0xED07, 0xEC61, 0xFCC1, 0xF4C0, 
    0xF4A0, 0xF4A0, 0xF4A0, 0xF4A0, 0xEC80, 0xEC81, 0xEC81, 0xE461, 0xE461, 0xE461, 0xE461, 0xE461, 
    0xE461, 0xE461, 0xE460, 0xE460, 0xE460, 0xE461, 0xE461, 0xE461, 0xE460, 0xE480, 0xE480, 0xE480, 
    0xE480, 0xE480, 0xEC80, 0xEC80, 0xEC80, 0xECA0, 0xECA0, 0xECA0, 0xECA0, 0xEC81, 0xEC81, 0xEC81, 
    0xECA1, 0xECA1, 0xECA1, 0xECA1, 0xECA1, 0xECA1, 0xECA1, 0xE420, 0xED6D, 0xF719, 0xFFFF, 0xFFFF, 
    0xD6BB, 0x6B91, 0x00A7, 0x010A, 0x114A, 0x94F6, 0xFFFF, 0xFFFF, 0xFFFE, 0xF5CC, 0xEC81, 0xECA1, 
    0xECC1, 0xECC1, 0xECC0, 0xECA0, 0xECA0, 0xECA0, 0xECA0, 0xEC80, 0xE480, 0xE480, 0xE481, 0xE481, 
    0xE481, 0xE481, 0xE481, 0xE481, 0xE481, 0xE481, 0xE481, 0xE481, 0xEC81, 0xEC81, 0xEC81, 0xECA1, 
    0xECA1, 0xECA1, 0xECA1, 0xECA1, 0xECA1, 0xECA1, 0xECA1, 0xECA1, 0xEC81, 0xEC81, 0xEC81, 0xEC81, 
    0xEC81, 0xE481, 0xE481, 0xE481, 0xE481, 0xE481, 0xE480, 0xE480, 0xEC40, 0xE462, 0xE5AD, 0xF719, 
    0xFFDE, 0xF7BE, 0xF79E, 0xF79E, 0xF79D, 0xFFDE, 0xD6DB, 0x7C53, 0x21AA, 0x096A, 0x11AB, 0x11EC, 
    0x09AB, 0x0949, 0x2A0B, 0x9536, 0xE75D, 0xFFDF, 0xF7BE, 0xF7BF, 0xF7BF, 0xF7BF, 0xF7BF, 0xF7BF, 
    0xF7BF, 0xF7BF, 0xF7BF, 0xF7BF, 0xF7BF, 0xF7BF, 0xF7BF, 0xF7BF, 0xF7BF, 0xF7BF, 0xF7BF, 0xF7BF, 
    0xF7BF, 0xF7BF, 0xF7BF, 0xF7BF, 0xF7BF, 0xF7BF, 0xF7BF, 
    0xF7BF, 0xF7BF, 0xF7BF, 0xF7BF, 0xF7BF, 0xF7BF, 0xF7BF, 0xF7BF, 0xF7BF, 0xF7BF, 0xF7BF, 0xF7BF, 
    0xF7BF, 0xF7BF, 0xF7BF, 0xF7BF, 0xF7BF, 0xF7BF, 0xF7BF, 0xF7BF, 0xF7BF, 0xF7BF, 0xF7BF, 0xF7BF, 
    0xF7BF, 0xF7BF, 0xE73D, 0xA557, 0x3A6D, 0x094A, 0x09AB, 0x11CC, 0x09CC, 0x096A, 0x2A2C, 0x7C74, 
    0xCEDC, 0xFFFF, 0xFFBE, 0xF7BE, 0xF7BE, 0xF7BE, 0xFFDF, 0xF75B, 0xF652, 0xED28, 0xEC81, 0xF4A1, 
    0xF4C0, 0xF4A0, 0xF4A0, 0xEC80, 0xEC80, 0xEC81, 0xE481, 0xE461, 0xE461, 0xE461, 0xE461, 0xE461, 
    0xE461, 0xE461, 0xE460, 0xE460, 0xE460, 0xE460, 0xE461, 0xE461, 0xE460, 0xE480, 0xE481, 0xE480, 
    0xE480, 0xE480, 0xE480, 0xEC80, 0xEC81, 0xEC81, 0xEC81, 0xEC81, 0xEC81, 0xEC81, 0xEC81, 0xE481, 
    0xE481, 0xEC81, 0xEC81, 0xECA1, 0xECA1, 0xECA1, 0xECA1, 0xE420, 0xED6D, 0xF6F9, 0xFFFF, 0xFFFF, 
    0xD6BB, 0x6B91, 0x00A8, 0x010A, 0x116A, 0x94F6, 0xFFFF, 0xFFFF, 0xFFFE, 0xF5CC, 0xEC81, 0xECA1, 
    0xECC1, 0xECC1, 0xECC0, 0xECC0, 0xECA0, 0xECA0, 0xECA0, 0xEC80, 0xE480, 0xE480, 0xE481, 0xE481, 
    0xE481, 0xE481, 0xE481, 0xE481, 0xE481, 0xE481, 0xE481, 0xEC81, 0xEC81, 0xEC81, 0xEC81, 0xECA1, 
    0xECA1, 0xECA1, 0xECA1, 0xECA1, 0xECA1, 0xECA1, 0xECA1, 0xECA1, 0xECA1, 0xECA1, 0xEC81, 0xEC81, 
    0xEC81, 0xEC81, 0xE481, 0xE481, 0xE481, 0xE481, 0xE480, 0xE460, 0xE461, 0xEDAD, 0xF6F7, 0xFFBE, 
    0xFFBE, 0xF79E, 0xF79E, 0xF79E, 0xF79E, 0xDF1C, 0x8453, 0x322C, 0x0949, 0x11CC, 0x11CC, 0x09AB, 
    0x098A, 0x19AA, 0x84B5, 0xD6DC, 0xF7DF, 0xF7BE, 0xF7BF, 0xF7BF, 0xF7BF, 0xF7BF, 0xF7BF, 0xF7BF, 
    0xF7BF, 0xF7BF, 0xF7BF, 0xF7BF, 0xF7BF, 0xF7BF, 0xF7BF, 0xF7BF, 0xF7BF, 0xF7BF, 0xF7BF, 0xF7BF, 
    0xF7BF, 0xF7BF, 0xF7BF, 0xF7BF, 0xF7BF, 0xF7BF, 0xF7BF, 
    0xF7BE, 0xF7BE, 0xF7BF, 0xF7BF, 0xF7BF, 0xF7BF, 0xF7BF, 0xF7BF, 0xF7BF, 0xF7BF, 0xF7BF, 0xF7BF, 
    0xF7BF, 0xF7BF, 0xF7BF, 0xF7BF, 0xF7BF, 0xF7BF, 0xF7BF, 0xF7BF, 0xF7BF, 0xF7BF, 0xF7BF, 0xF7BF, 
    0xF7BF, 0xF7BE, 0xFFDF, 0xDF1C, 0x8CF6, 0x21CB, 0x118B, 0x11AC, 0x11CD, 0x11EC, 0x094A, 0x326D, 
    0x84B4, 0xDF1C, 0xF7BE, 0xFFBE, 0xF7BE, 0xF7BE, 0xF7DF, 0xFFDF, 0xFF7B, 0xF673, 0xED07, 0xECA2, 
    0xF4A1, 0xF4A1, 0xF481, 0xEC81, 0xEC81, 0xEC81, 0xE461, 0xE461, 0xE461, 0xE461, 0xE461, 0xE461, 
    0xE461, 0xE461, 0xE460, 0xE460, 0xE460, 0xE460, 0xE460, 0xE460, 0xE460, 0xE481, 0xE481, 0xE480, 
    0xE480, 0xE481, 0xE480, 0xE481, 0xEC81, 0xEC81, 0xEC81, 0xEC81, 0xEC81, 0xEC81, 0xE481, 0xE481, 
    0xE481, 0xE481, 0xE481, 0xE481, 0xECA1, 0xECA1, 0xECA1, 0xE400, 0xED6D, 0xF6F9, 0xFFFF, 0xFFFF, 
    0xD6BB, 0x6B90, 0x0087, 0x00EA, 0x1129, 0x8CD5, 0xFFFF, 0xFFFF, 0xFFFE, 0xF5CC, 0xEC81, 0xECA1, 
    0xECC1, 0xECC1, 0xECC0, 0xECA0, 0xECA0, 0xECA0, 0xECA0, 0xECA0, 0xEC80, 0xEC81, 0xE481, 0xE481, 
    0xE481, 0xE481, 0xE481, 0xE481, 0xE481, 0xE481, 0xEC81, 0xEC81, 0xEC81, 0xEC81, 0xEC81, 0xECA1, 
    0xECA1, 0xECA1, 0xECA1, 0xECA1, 0xECA1, 0xECA1, 0xECA1, 0xECA1, 0xECA1, 0xECA1, 0xECA1, 0xEC81, 
    0xECA1, 0xEC81, 0xE481, 0xE481, 0xE481, 0xE481, 0xE461, 0xE483, 0xE56B, 0xF718, 0xFFBE, 0xFFDE, 
    0xF7BE, 0xF79E, 0xF79E, 0xEF9E, 0xDEFC, 0x8CB4, 0x320C, 0x0949, 0x09AB, 0x11CC, 0x11CC, 0x096A, 
    0x21CB, 0x5BB1, 0xD6FC, 0xF7BF, 0xF7DF, 0xF7BE, 0xF7BF, 0xF7BF, 0xF7BF, 0xF7BF, 0xF7BF, 0xF7BF, 
    0xF7BF, 0xF7BF, 0xF7BF, 0xF7BF, 0xF7BF, 0xF7BF, 0xF7BF, 0xF7BF, 0xF7BF, 0xF7BF, 0xF7BF, 0xF7BF, 
    0xF7BF, 0xF7BF, 0xF7BF, 0xF7BF, 0xF7BF, 0xF7BF, 0xF7BF, 
    0xF7BE, 0xF7BE, 0xF7BE, 0xF7BF, 0xF7BF, 0xF7BF, 0xF7BF, 0xF7BF, 0xF7BF, 0xF7BF, 0xF7BF, 0xF7BF, 
    0xF7BF, 0xF7BF, 0xF7BF, 0xF7BF, 0xF7BF, 0xF7BF, 0xF7BF, 0xF7BF, 0xF7BF, 0xF7BF, 0xF7BF, 0xF7BF, 
    0xF7BF, 0xF7BE, 0xF7BE, 0xFFDF, 0xE75D, 0x6C13, 0x21CB, 0x116A, 0x11CC, 0x11CC, 0x11EC, 0x096A, 
    0x2A2C, 0x8CF5, 0xE75D, 0xFFDE, 0xFFDE, 0xFFDE, 0xFFDF, 0xFFDF, 0xFFDF, 0xFFBD, 0xF6B5, 0xECE8, 
    0xEC63, 0xEC61, 0xEC81, 0xEC61, 0xEC61, 0xEC61, 0xEC61, 0xE461, 0xE461, 0xE461, 0xE461, 0xE461, 
    0xE461, 0xE461, 0xE460, 0xE460, 0xE460, 0xE460, 0xE480, 0xE480, 0xE480, 0xE480, 0xE480, 0xE480, 
    0xE480, 0xE480, 0xE481, 0xE481, 0xE481, 0xE481, 0xE481, 0xE481, 0xE481, 0xE481, 0xE481, 0xE481, 
    0xE481, 0xE481, 0xE481, 0xE481, 0xEC81, 0xECA1, 0xECA1, 0xE420, 0xED6C, 0xF6F9, 0xFFFF, 0xFFFF, 
    0xD6DC, 0x6B90, 0x0865, 0x0087, 0x10E8, 0x8CB4, 0xFFDF, 0xFFFF, 0xFFFE, 0xF5CC, 0xEC81, 0xECA1, 
    0xECC1, 0xECC1, 0xECC0, 0xECA0, 0xECA0, 0xECA0, 0xECA0, 0xECA0, 0xECA0, 0xEC80, 0xEC81, 0xEC81, 
    0xEC81, 0xEC81, 0xEC81, 0xEC81, 0xE481, 0xE481, 0xE481, 0xEC81, 0xEC81, 0xEC81, 0xECA1, 0xECA1, 
    0xECA1, 0xECA1, 0xECA1, 0xECA1, 0xECA1, 0xECA1, 0xECA1, 0xECA1, 0xECA1, 0xECA1, 0xECA1, 0xECA1, 
    0xECA1, 0xECA1, 0xECA1, 0xECA1, 0xECA1, 0xE441, 0xE463, 0xE54A, 0xFF7C, 0xFFBE, 0xF7BE, 0xF7BE, 
    0xF79E, 0xF79D, 0xF7BE, 0xDF1C, 0x9515, 0x1969, 0x0949, 0x098B, 0x11CB, 0x11CB, 0x096B, 0x116A, 
    0x532F, 0xD6FD, 0xF7BF, 0xF7BF, 0xF7BE, 0xF7BF, 0xF7BF, 0xF7BF, 0xF7BF, 0xF7BF, 0xF7BF, 0xF7BF, 
    0xF7BF, 0xF7BF, 0xF7BF, 0xF7BF, 0xF7BF, 0xF7BF, 0xF7BF, 0xF7BF, 0xF7BF, 0xF7BF, 0xF7BF, 0xF7BF, 
    0xF7BF, 0xF7BF, 0xF7BF, 0xF7BF, 0xF7BF, 0xF7BF, 0xF7BF, 
    0xF7BE, 0xF7BE, 0xF7BE, 0xF7BE, 0xF7BF, 0xF7BF, 0xF7BF, 0xF7BF, 0xF7BF, 0xF7BF, 0xF7BF, 0xF7BF, 
    0xF7BF, 0xF7BF, 0xF7BF, 0xF7BF, 0xF7BF, 0xF7BF, 0xF7BF, 0xF7BF, 0xF7BF, 0xF7BF, 0xF7BF, 0xF7BF, 
    0xF7BF, 0xF7BF, 0xF7BE, 0xF7BE, 0xF7BF, 0xE75D, 0x63D2, 0x19AB, 0x094A, 0x11EC, 0x11CC, 0x11CC, 
    0x118B, 0x21CA, 0x94F5, 0xDF1C, 0xFFFF, 0xFFDE, 0xFFDE, 0xFFDF, 0xFFDF, 0xFFDE, 0xFFBD, 0xF6F7, 
    0xED4B, 0xE443, 0xEC41, 0xEC62, 0xEC61, 0xEC61, 0xE441, 0xE441, 0xE461, 0xE461, 0xE461, 0xE461, 
    0xE461, 0xE460, 0xE460, 0xE460, 0xE460, 0xE480, 0xE480, 0xEC81, 0xEC80, 0xE480, 0xE480, 0xE480, 
    0xE480, 0xE480, 0xE480, 0xE481, 0xE481, 0xE481, 0xE480, 0xE480, 0xE480, 0xE481, 0xE481, 0xE481, 
    0xE481, 0xE481, 0xE481, 0xE481, 0xE481, 0xECA1, 0xECA1, 0xE420, 0xED2B, 0xF6B7, 0xFFFF, 0xFFDF, 
    0xEF7E, 0xA535, 0x3A4B, 0x1928, 0x42AD, 0xADB8, 0xFFFF, 0xFFFF, 0xFFDD, 0xEDAB, 0xEC81, 0xECA1, 
    0xECA1, 0xECC1, 0xECC0, 0xECA0, 0xECA0, 0xECA0, 0xECA0, 0xECA0, 0xECA0, 0xECA1, 0xEC81, 0xEC81, 
    0xEC80, 0xEC80, 0xEC80, 0xEC80, 0xEC80, 0xEC80, 0xEC81, 0xEC81, 0xEC81, 0xEC81, 0xECA1, 0xECA1, 
    0xECA1, 0xECA1, 0xECA1, 0xECA1, 0xECA1, 0xECA1, 0xECA1, 0xECA1, 0xECA1, 0xECA1, 0xECA1, 0xECA1, 
    0xECA1, 0xECA1, 0xECA1, 0xEC81, 0xEC01, 0xE4A5, 0xEDEF, 0xF75B, 0xFFBE, 0xF7BE, 0xF79E, 0xF79E, 
    0xEF7D, 0xF7DE, 0xDEFC, 0x8CB4, 0x1969, 0x0949, 0x098A, 0x11AB, 0x11AB, 0x11AB, 0x0908, 0x5330, 
    0xB61A, 0xF7DF, 0xF7BE, 0xF7BE, 0xF7BE, 0xF7BF, 0xF7BF, 0xF7BF, 0xF7BF, 0xF7BF, 0xF7BF, 0xF7BF, 
    0xF7BF, 0xF7BF, 0xF7BF, 0xF7BF, 0xF7BF, 0xF7BF, 0xF7BF, 0xF7BF, 0xF7BF, 0xF7BF, 0xF7BF, 0xF7BF, 
    0xF7BF, 0xF7BF, 0xF7BF, 0xF7BF, 0xF7BF, 0xF7BF, 0xF7BF, 
    0xF7BE, 0xF7BE, 0xF7BF, 0xF7BF, 0xF7BF, 0xF7BF, 0xF7BF, 0xF7BF, 0xF7BF, 0xF7BF, 0xF7BF, 0xF7BF, 
    0xF7BF, 0xF7BF, 0xF7BF, 0xF7BF, 0xF7BF, 0xF7BF, 0xF7BF, 0xF7BF, 0xF7BF, 0xF7BF, 0xF7BF, 0xF7BF, 
    0xF7BF, 0xF7BF, 0xF7BF, 0xF7BE, 0xF7BF, 0xFFDF, 0xC67A, 0x63D2, 0x19AB, 0x096A, 0x11CC, 0x11EC, 
    0x11CC, 0x11AB, 0x324C, 0x8CB4, 0xD6DB, 0xFFFF, 0xFFDF, 0xFFDE, 0xFFDE, 0xFFDF, 0xFFDF, 0xFFBD, 
    0xF6D7, 0xEDAE, 0xEC64, 0xEC21, 0xEC41, 0xEC61, 0xE441, 0xE441, 0xE441, 0xE461, 0xE461, 0xE461, 
    0xE460, 0xE460, 0xE460, 0xE460, 0xEC80, 0xEC80, 0xE480, 0xE481, 0xE481, 0xE480, 0xE480, 0xE480, 
    0xE480, 0xE480, 0xE480, 0xE480, 0xE481, 0xE481, 0xE481, 0xE481, 0xE481, 0xE481, 0xE481, 0xE481, 
    0xE481, 0xE481, 0xE481, 0xE481, 0xE481, 0xEC81, 0xECA1, 0xE440, 0xE4C7, 0xEE32, 0xFFDE, 0xFFDF, 
    0xFFBE, 0xE6FB, 0xBDF7, 0xAD76, 0xBE18, 0xE73C, 0xFFFF, 0xFFFF, 0xFF58, 0xED49, 0xE461, 0xECA1, 
    0xECA1, 0xECC1, 0xECC0, 0xECA0, 0xECA0, 0xECA0, 0xECA0, 0xECA0, 0xECA0, 0xECA1, 0xECA1, 0xEC81, 
    0xEC80, 0xEC80, 0xEC80, 0xEC80, 0xECA1, 0xECA1, 0xECA1, 0xECA1, 0xECA1, 0xECA1, 0xECA1, 0xECA1, 
    0xECA1, 0xECA1, 0xECA1, 0xECA1, 0xECA1, 0xECA1, 0xECA1, 0xECA1, 0xF4A1, 0xF4C1, 0xF4C1, 0xECC1, 
    0xECC1, 0xECC1, 0xEC81, 0xEC42, 0xED29, 0xF652, 0xF75A, 0xFFBE, 0xF7BE, 0xF79E, 0xF79E, 0xF79E, 
    0xF7BE, 0xDEFB, 0x8473, 0x322C, 0x0929, 0x098A, 0x09AB, 0x11AB, 0x098B, 0x0909, 0x4AEF, 0xA578, 
    0xE75E, 0xF7BF, 0xF7BE, 0xF7BE, 0xF7BF, 0xF7BF, 0xF7BF, 0xF7BF, 0xF7BF, 0xF7BF, 0xF7BF, 0xF7BF, 
    0xF7BF, 0xF7BF, 0xF7BF, 0xF7BF, 0xF7BF, 0xF7BF, 0xF7BF, 0xF7BF, 0xF7BF, 0xF7BF, 0xF7BF, 0xF7BF, 
    0xF7BF, 0xF7BF, 0xF7BF, 0xF7BF, 0xF7BF, 0xF7BF, 0xF7BF, 
    0xF7BE, 0xF7BE, 0xF7BF, 0xF7BF, 0xF7BF, 0xF7BF, 0xF7BF, 0xF7BF, 0xF7BF, 0xF7BF, 0xF7BF, 0xF7BF, 
    0xF7BF, 0xF7BF, 0xF7BF, 0xF7BF, 0xF7BF, 0xF7BF, 0xF7BF, 0xF7BF, 0xF7BF, 0xF7BF, 0xF7BF, 0xF7BF, 
    0xF7BF, 0xF7BF, 0xF7BF, 0xF7BF, 0xF7BE, 0xFFDF, 0xF7BF, 0xBE19, 0x5B91, 0x116A, 0x11AB, 0x11CC, 
    0x11ED, 0x11EC, 0x096A, 0x3A8D, 0x8494, 0xD6DB, 0xFFDF, 0xFFDF, 0xFFBE, 0xFFBE, 0xFFDE, 0xFFDF, 
    0xFFBE, 0xF6F8, 0xEDAE, 0xECA6, 0xEC42, 0xEC41, 0xE461, 0xE441, 0xE441, 0xE441, 0xE460, 0xE460, 
    0xE460, 0xE460, 0xE460, 0xEC60, 0xEC80, 0xEC80, 0xEC80, 0xE481, 0xE481, 0xE480, 0xE480, 0xE480, 
    0xE480, 0xE480, 0xE480, 0xE480, 0xE481, 0xE481, 0xE481, 0xE481, 0xE481, 0xE481, 0xE481, 0xE481, 
    0xE481, 0xE481, 0xE481, 0xE481, 0xE481, 0xE481, 0xE481, 0xEC80, 0xE463, 0xE54B, 0xF6F8, 0xFFBD, 
    0xFFDE, 0xFFDE, 0xFFBD, 0xFFBD, 0xFFDE, 0xFFFF, 0xFFDE, 0xFF9B, 0xEE0E, 0xE4C5, 0xE460, 0xECA1, 
    0xECA1, 0xECA0, 0xECA0, 0xECA0, 0xECA0, 0xECA0, 0xECA0, 0xECA0, 0xECA0, 0xECA1, 0xECA1, 0xECA0, 
    0xEC80, 0xEC80, 0xEC80, 0xECA1, 0xECA1, 0xECA1, 0xECA1, 0xECA1, 0xECA1, 0xECA1, 0xECA1, 0xECA1, 
    0xECA1, 0xECA1, 0xECA1, 0xECA1, 0xECA1, 0xECA1, 0xECA1, 0xECA1, 0xF4C1, 0xF4C1, 0xF4C1, 0xF4C1, 
    0xECA1, 0xECA1, 0xECC4, 0xED4B, 0xF6B5, 0xFF9C, 0xFFDF, 0xF7BE, 0xF79E, 0xF79D, 0xF79E, 0xEF7D, 
    0xD6FC, 0x8473, 0x322C, 0x0929, 0x098A, 0x11AB, 0x09AB, 0x096A, 0x118A, 0x3A4D, 0x9D57, 0xDF1D, 
    0xF7BF, 0xF7BE, 0xF7BF, 0xF7BF, 0xF7BF, 0xF7BF, 0xF7BF, 0xF7BF, 0xF7BF, 0xF7BF, 0xF7BF, 0xF7BF, 
    0xF7BF, 0xF7BF, 0xF7BF, 0xF7BF, 0xF7BF, 0xF7BF, 0xF7BF, 0xF7BF, 0xF7BF, 0xF7BF, 0xF7BF, 0xF7BF, 
    0xF7BF, 0xF7BF, 0xF7BF, 0xF7BF, 0xF7BF, 0xF7BF, 0xF7BF, 
    0xF7BE, 0xF7BE, 0xF7BF, 0xF7BF, 0xF7BF, 0xF7BF, 0xF7BF, 0xF7BF, 0xF7BE, 0xF7BE, 0xF7BE, 0xF7BE, 
    0xF7BE, 0xF7BF, 0xF7BF, 0xF7BF, 0xF7BF, 0xF7BF, 0xF7BF, 0xF7BF, 0xF7BF, 0xF7BF, 0xF7BF, 0xF7BF, 
    0xF7BF, 0xF7BF, 0xF7BF, 0xF7BF, 0xF7BF, 0xF7BE, 0xFFDF, 0xF7BE, 0xC65A, 0x3AAE, 0x19AB, 0x11AB, 
    0x11CC, 0x11EC, 0x11EC, 0x094A, 0x322C, 0x7C73, 0xDF1C, 0xF7BE, 0xFFBE, 0xF7BE, 0xFFBE, 0xF7BE, 
    0xF7BE, 0xFFBE, 0xFF7C, 0xEDF0, 0xECA7, 0xE442, 0xE440, 0xE440, 0xE441, 0xE460, 0xE460, 0xE460, 
    0xEC60, 0xEC60, 0xEC60, 0xEC60, 0xEC80, 0xEC80, 0xEC80, 0xEC81, 0xE480, 0xE481, 0xE481, 0xE481, 
    0xE480, 0xE481, 0xE481, 0xE481, 0xE480, 0xE480, 0xE480, 0xE480, 0xE481, 0xE481, 0xE481, 0xE481, 
    0xE481, 0xE481, 0xE481, 0xE481, 0xE481, 0xE481, 0xE481, 0xECA1, 0xE461, 0xDC64, 0xE56D, 0xF718, 
    0xFF9C, 0xFFBD, 0xFFBD, 0xFFBD, 0xFFBD, 0xFFBD, 0xFF5A, 0xF673, 0xE4A4, 0xE461, 0xEC80, 0xECA0, 
    0xECA1, 0xECA0, 0xECA0, 0xECA0, 0xECA0, 0xECA0, 0xECA0, 0xECA0, 0xECA0, 0xECA0, 0xECA0, 0xECA0, 
    0xECA0, 0xECA0, 0xECA0, 0xECA1, 0xECA1, 0xECA1, 0xECA1, 0xECA1, 0xECA1, 0xEC81, 0xEC81, 0xEC81, 
    0xEC81, 0xEC81, 0xECA1, 0xECA1, 0xECA1, 0xECA1, 0xECA1, 0xECC1, 0xECC1, 0xF4C1, 0xF4C1, 0xF4C1, 
    0xECA3, 0xECE5, 0xEDAD, 0xF739, 0xFFDE, 0xFFDF, 0xF7BE, 0xF7BE, 0xF7BE, 0xF79E, 0xEF7D, 0xCEBB, 
    0x84B4, 0x2189, 0x0928, 0x096A, 0x11AB, 0x098B, 0x098B, 0x116A, 0x324D, 0x9D57, 0xE73D, 0xF7BF, 
    0xF7BE, 0xF7BE, 0xF7BF, 0xF7BF, 0xF7BF, 0xF7BF, 0xF7BF, 0xF7BF, 0xF7BF, 0xF7BF, 0xF7BF, 0xF7BF, 
    0xF7BF, 0xF7BF, 0xF7BF, 0xF7BF, 0xF7BF, 0xF7BF, 0xF7BF, 0xF7BF, 0xF7BF, 0xF7BF, 0xF7BF, 0xF7BF, 
    0xF7BE, 0xF7BF, 0xF7BF, 0xF7BF, 0xF7BF, 0xF7BF, 0xF7BF, 
    0xF7BE, 0xF7BE, 0xF7BF, 0xF7BF, 0xF7BF, 0xF7BF, 0xF7BF, 0xF7BF, 0xF7BE, 0xF7BE, 0xF7BE, 0xF7BE, 
    0xF7BE, 0xF7BF, 0xF7BF, 0xF7BF, 0xF7BF, 0xF7BF, 0xF7BF, 0xF7BF, 0xF7BF, 0xF7BF, 0xF7BF, 0xF7BF, 
    0xF7BF, 0xF7BF, 0xF7BF, 0xF7BF, 0xF7BF, 0xF7BF, 0xF7BE, 0xFFDF, 0xF7BF, 0xD6FC, 0x42CE, 0x116A, 
    0x118A, 0x19EC, 0x11EC, 0x11CC, 0x118A, 0x1989, 0x63D1, 0xD6DC, 0xFFDF, 0xFFBE, 0xF79D, 0xF7BE, 
    0xF7BE, 0xF7BE, 0xF7BE, 0xFFBD, 0xF674, 0xED09, 0xE420, 0xEC40, 0xEC60, 0xEC60, 0xE460, 0xE461, 
    0xE461, 0xEC61, 0xEC60, 0xEC80, 0xEC80, 0xEC80, 0xEC80, 0xEC80, 0xE480, 0xE481, 0xE481, 0xE481, 
    0xE480, 0xE481, 0xE481, 0xE481, 0xE481, 0xE481, 0xE480, 0xE480, 0xE480, 0xEC81, 0xEC81, 0xECA1, 
    0xECA1, 0xECA1, 0xECA1, 0xE4A1, 0xE481, 0xE481, 0xE4A1, 0xE481, 0xE481, 0xE461, 0xDC22, 0xE4C7, 
    0xF653, 0xFF7B, 0xFFDD, 0xFFDE, 0xFFDD, 0xF6F6, 0xE5AD, 0xDC42, 0xE461, 0xE480, 0xEC80, 0xE480, 
    0xECA1, 0xECA0, 0xECA0, 0xECA0, 0xECA0, 0xECA0, 0xECA0, 0xECA0, 0xECA0, 0xECA0, 0xECA0, 0xECA0, 
    0xECA0, 0xECA0, 0xECA0, 0xECA1, 0xECA1, 0xECA1, 0xECA1, 0xECA1, 0xECA1, 0xEC81, 0xEC81, 0xEC81, 
    0xEC81, 0xEC81, 0xECA1, 0xEC81, 0xECA1, 0xECA1, 0xECA1, 0xECA1, 0xECC1, 0xF4C1, 0xF4A1, 0xEC41, 
    0xED4A, 0xF6B4, 0xFFBD, 0xFFDF, 0xF7BE, 0xF7BE, 0xF7BE, 0xF7BE, 0xF7DE, 0xFFDF, 0xC69A, 0x6BF1, 
    0x08C6, 0x0949, 0x098A, 0x09AB, 0x09AB, 0x098B, 0x00E8, 0x3A4D, 0x9D37, 0xF7BF, 0xF7BE, 0xF7BE, 
    0xF7BE, 0xF7BF, 0xF7BF, 0xF7BF, 0xF7BF, 0xF7BF, 0xF7BF, 0xF7BF, 0xF7BF, 0xF7BF, 0xF7BF, 0xF7BF, 
    0xF7BF, 0xF7BF, 0xF7BF, 0xF7BF, 0xF7BF, 0xF7BF, 0xF7BF, 0xF7BF, 0xF7BF, 0xF7BF, 0xF7BF, 0xF7BF, 
    0xF7BF, 0xF7BF, 0xF7BF, 0xF7BF, 0xF7BF, 0xF7BF, 0xF7BF, 
    0xF7BF, 0xF7BF, 0xF7BF, 0xF7BF, 0xF7BF, 0xF7BE, 0xF7BE, 0xF7BE, 0xF7BE, 0xF7BE, 0xF7BF, 0xF7BF, 
    0xF7BF, 0xF7BF, 0xF7BF, 0xF7BF, 0xF7BF, 0xF7BF, 0xF7BF, 0xF7BF, 0xF7BF, 0xF7BF, 0xF7BF, 0xF7BF, 
    0xF7BF, 0xF7BF, 0xF7BF, 0xF7BF, 0xF7BF, 0xF7BF, 0xF7BE, 0xF7BE, 0xF7BF, 0xF7BF, 0xBE19, 0x5B70, 
    0x118A, 0x098A, 0x11CC, 0x11CC, 0x11CC, 0x118B, 0x198A, 0x5B91, 0xB5F9, 0xF7BF, 0xF7BE, 0xF79E, 
    0xF79E, 0xF79E, 0xF7BE, 0xF7BE, 0xFF7C, 0xF6D7, 0xEDEF, 0xE484, 0xE441, 0xEC60, 0xEC80, 0xE461, 
    0xE461, 0xEC61, 0xEC60, 0xEC60, 0xEC80, 0xEC80, 0xEC60, 0xEC60, 0xE460, 0xE480, 0xE481, 0xE481, 
    0xE480, 0xE480, 0xE480, 0xE481, 0xE481, 0xE481, 0xE480, 0xE480, 0xEC80, 0xECA1, 0xECA1, 0xECA1, 
    0xECA1, 0xECA1, 0xECA1, 0xECA1, 0xE4A1, 0xE481, 0xE481, 0xE481, 0xE481, 0xE480, 0xE461, 0xE462, 
    0xE4A5, 0xE529, 0xEDCC, 0xEDCD, 0xED8A, 0xE507, 0xE4A3, 0xE461, 0xE461, 0xE481, 0xE481, 0xE481, 
    0xEC81, 0xECA0, 0xECA0, 0xECA0, 0xECA0, 0xECA0, 0xECA0, 0xECA0, 0xECA0, 0xECA0, 0xECA0, 0xECA0, 
    0xECA0, 0xECA0, 0xECA1, 0xECA0, 0xECA0, 0xECA0, 0xECA0, 0xECA0, 0xEC80, 0xEC80, 0xE481, 0xE481, 
    0xEC81, 0xEC81, 0xEC81, 0xEC81, 0xECA1, 0xECA1, 0xECA1, 0xF4C1, 0xF4A1, 0xEC82, 0xE4E7, 0xEE11, 
    0xF718, 0xFF9D, 0xFFDE, 0xF7BE, 0xF79E, 0xF79E, 0xF7BE, 0xFFDE, 0xF7DF, 0xA5B8, 0x5B4F, 0x2189, 
    0x0949, 0x098A, 0x09AB, 0x09AB, 0x098A, 0x00E8, 0x42AE, 0x9D36, 0xE73D, 0xF7BE, 0xF7BE, 0xF7BE, 
    0xF7BF, 0xF7BF, 0xF7BF, 0xF7BF, 0xF7BF, 0xF7BF, 0xF7BF, 0xF7BF, 0xF7BF, 0xF7BF, 0xF7BF, 0xF7BF, 
    0xF7BF, 0xF7BF, 0xF7BF, 0xF7BF, 0xF7BF, 0xF7BF, 0xF7BF, 0xF7BF, 0xF7BF, 0xF7BF, 0xF7BF, 0xF7BF, 
    0xF7BF, 0xF7BF, 0xF7BF, 0xF7BF, 0xF7BF, 0xF7BF, 0xF7BF, 
    0xF7BF, 0xF7BF, 0xF7BF, 0xF7BF, 0xF7BF, 0xF7BE, 0xF7BE, 0xF7BE, 0xF7BE, 0xF7BE, 0xF7BF, 0xF7BF, 
    0xF7BF, 0xF7BF, 0xF7BF, 0xF7BF, 0xF7BF, 0xF7BF, 0xF7BF, 0xF7BF, 0xF7BF, 0xF7BF, 0xF7BF, 0xF7BF, 
    0xF7BF, 0xF7BF, 0xF7BF, 0xF7BF, 0xF7BF, 0xF7BF, 0xF7BF, 0xF7BE, 0xF7BE, 0xFFDF, 0xEF9E, 0xB5D8, 
    0x5B91, 0x118A, 0x118A, 0x11AB, 0x11CC, 0x11AC, 0x094A, 0x19CB, 0x5370, 0xA5B8, 0xEF9E, 0xF79E, 
    0xF79E, 0xF79E, 0xF79E, 0xF79E, 0xF7BE, 0xFF9D, 0xF739, 0xEE31, 0xED4A, 0xE4A4, 0xE461, 0xEC60, 
    0xEC61, 0xEC81, 0xEC60, 0xEC60, 0xEC60, 0xEC60, 0xEC60, 0xE460, 0xE460, 0xE460, 0xE460, 0xE480, 
    0xE480, 0xE480, 0xE480, 0xE480, 0xE481, 0xE481, 0xE480, 0xEC80, 0xEC80, 0xECA1, 0xECA1, 0xECA1, 
    0xECA1, 0xECA1, 0xECA1, 0xECA1, 0xECA1, 0xE481, 0xE481, 0xE481, 0xE481, 0xE481, 0xE481, 0xE460, 
    0xE440, 0xE461, 0xE483, 0xE4A4, 0xE482, 0xE481, 0xE461, 0xE481, 0xE481, 0xE481, 0xE481, 0xE481, 
    0xEC81, 0xECA0, 0xECA0, 0xECA0, 0xECA0, 0xECA0, 0xECA0, 0xECA0, 0xECA0, 0xECA0, 0xECA0, 0xECA0, 
    0xECA0, 0xECA0, 0xECA1, 0xECA1, 0xECA0, 0xECA0, 0xECA0, 0xEC80, 0xE480, 0xE481, 0xE481, 0xE481, 
    0xE481, 0xE481, 0xEC81, 0xEC81, 0xECA1, 0xECA1, 0xECA1, 0xEC81, 0xECC5, 0xED8B, 0xEE73, 0xF75B, 
    0xFFBE, 0xFFDF, 0xFFDE, 0xF7BE, 0xF7BE, 0xFFBE, 0xF7BE, 0xE73D, 0x9D56, 0x4B0F, 0x19AA, 0x0929, 
    0x098A, 0x09AB, 0x098B, 0x096A, 0x1169, 0x4ACE, 0x9D37, 0xDEFC, 0xFFBF, 0xF7BE, 0xF7BE, 0xF7BF, 
    0xF7BF, 0xF7BF, 0xF7BF, 0xF7BF, 0xF7BF, 0xF7BF, 0xF7BF, 0xF7BF, 0xF7BF, 0xF7BF, 0xF7BF, 0xF7BF, 
    0xF7BF, 0xF7BF, 0xF7BF, 0xF7BF, 0xF7BF, 0xF7BF, 0xF7BF, 0xF7BF, 0xF7BF, 0xF7BF, 0xF7BF, 0xF7BF, 
    0xF7BF, 0xF7BF, 0xF7BF, 0xF7BF, 0xF7BF, 0xF7BF, 0xF7BF, 
    0xF7BF, 0xF7BF, 0xF7BF, 0xF7BF, 0xF7BF, 0xF7BF, 0xF7BE, 0xF7BE, 0xF7BE, 0xF7BE, 0xF7BF, 0xF7BF, 
    0xF7BF, 0xF7BF, 0xF7BF, 0xF7BF, 0xF7BF, 0xF7BF, 0xF7BF, 0xF7BF, 0xF7BF, 0xF7BF, 0xF7BF, 0xF7BF, 
    0xF7BF, 0xF7BF, 0xF7BF, 0xF7BF, 0xF7BF, 0xF7BF, 0xF7BF, 0xF7BF, 0xF7BF, 0xF7BE, 0xFFDF, 0xF79E, 
    0xBE19, 0x5330, 0x19AB, 0x118B, 0x11AB, 0x11CC, 0x11CC, 0x0949, 0x118A, 0x3AEF, 0xA5B8, 0xDEFC, 
    0xEF7E, 0xF79E, 0xF79E, 0xF79E, 0xF79E, 0xF7BE, 0xFFDE, 0xFFBE, 0xF6B6, 0xEDAE, 0xE4C6, 0xE462, 
    0xEC61, 0xEC60, 0xE460, 0xE461, 0xE461, 0xE460, 0xE460, 0xE460, 0xE460, 0xE460, 0xE460, 0xE460, 
    0xE480, 0xE480, 0xE480, 0xE480, 0xE480, 0xE481, 0xEC80, 0xEC80, 0xEC80, 0xECA1, 0xECA1, 0xECA1, 
    0xECA1, 0xECA1, 0xECA1, 0xECA1, 0xECA1, 0xEC81, 0xE481, 0xE481, 0xE481, 0xE481, 0xE481, 0xE481, 
    0xE481, 0xE461, 0xE440, 0xDC40, 0xE481, 0xE481, 0xE481, 0xE481, 0xE481, 0xE481, 0xE481, 0xE481, 
    0xEC81, 0xECA0, 0xECA0, 0xECA0, 0xECA0, 0xECA0, 0xECA0, 0xECA0, 0xECA0, 0xECA0, 0xECA0, 0xECA0, 
    0xECA0, 0xECA1, 0xECA1, 0xECA1, 0xECA1, 0xECA0, 0xEC80, 0xE480, 0xE481, 0xE481, 0xE481, 0xE481, 
    0xE461, 0xE461, 0xE481, 0xEC81, 0xEC81, 0xEC81, 0xECA3, 0xECC7, 0xEDAE, 0xF6F7, 0xFFDE, 0xFFDF, 
    0xF7BE, 0xF7BE, 0xF7BE, 0xFFBE, 0xFFDE, 0xF7BE, 0xD6FC, 0x9D36, 0x324C, 0x1149, 0x0949, 0x11AB, 
    0x118B, 0x09AB, 0x096A, 0x198A, 0x42AE, 0xADB8, 0xE75D, 0xFFDF, 0xF7BE, 0xF7BE, 0xF7BF, 0xF7BF, 
    0xF7BF, 0xF7BF, 0xF7BF, 0xF7BF, 0xF7BF, 0xF7BF, 0xF7BF, 0xF7BF, 0xF7BF, 0xF7BF, 0xF7BF, 0xF7BF, 
    0xF7BF, 0xF7BF, 0xF7BF, 0xF7BF, 0xF7BF, 0xF7BF, 0xF7BF, 0xF7BF, 0xF7BF, 0xF7BF, 0xF7BF, 0xF7BF, 
    0xF7BF, 0xF7BF, 0xF7BF, 0xF7BF, 0xF7BF, 0xF7BF, 0xF7BF, 
    0xF7BF, 0xF7BF, 0xF7BF, 0xF7BF, 0xF7BF, 0xF7BF, 0xF7BE, 0xF7BE, 0xF7BE, 0xF7BE, 0xF7BF, 0xF7BF, 
    0xF7BF, 0xF7BF, 0xF7BF, 0xF7BF, 0xF7BE, 0xF7BE, 0xF7BE, 0xF7BE, 0xF7BF, 0xF7BF, 0xF7BF, 0xF7BF, 
    0xF7BF, 0xF7BF, 0xF7BF, 0xF7BF, 0xF7BF, 0xF7BF, 0xF7BF, 0xF7BF, 0xF7BF, 0xF7DF, 0xF7BE, 0xFFDF, 
    0xF7BF, 0xD6FC, 0x4B0F, 0x116A, 0x0949, 0x11AB, 0x09AB, 0x11CC, 0x096A, 0x0129, 0x116A, 0x8CF6, 
    0xD6FC, 0xF7BE, 0xF7BE, 0xF79D, 0xF79E, 0xF7BE, 0xF7BE, 0xFFDE, 0xFFDE, 0xFF9D, 0xF696, 0xE50A, 
    0xDC42, 0xE441, 0xEC61, 0xEC81, 0xE481, 0xE461, 0xE460, 0xE460, 0xE460, 0xE461, 0xE461, 0xE461, 
    0xE460, 0xE460, 0xE480, 0xE480, 0xE480, 0xEC80, 0xEC81, 0xEC81, 0xEC81, 0xECA1, 0xECA1, 0xECA1, 
    0xECA1, 0xECA1, 0xECA1, 0xECA1, 0xECA1, 0xEC81, 0xE481, 0xE481, 0xE481, 0xE481, 0xE481, 0xE481, 
    0xE481, 0xE481, 0xE481, 0xE4A1, 0xE481, 0xE481, 0xE481, 0xE481, 0xE481, 0xE481, 0xE481, 0xE480, 
    0xEC80, 0xECA0, 0xECA0, 0xECA0, 0xECA0, 0xECA0, 0xECA0, 0xECA0, 0xECA0, 0xECA0, 0xECA0, 0xECA0, 
    0xECA0, 0xECA1, 0xECA0, 0xECA0, 0xECA0, 0xEC81, 0xEC81, 0xE481, 0xE481, 0xE481, 0xE461, 0xE461, 
    0xE461, 0xE480, 0xEC81, 0xEC80, 0xEC40, 0xE463, 0xE509, 0xF6B7, 0xFF9D, 0xFFFF, 0xFFDF, 0xF7BE, 
    0xF7BE, 0xF7BE, 0xF7BE, 0xFFDE, 0xFFDF, 0xD6DC, 0x7C53, 0x1169, 0x0909, 0x118B, 0x11AB, 0x11AB, 
    0x11AB, 0x094A, 0x0949, 0x4B0F, 0xC67B, 0xF7DF, 0xF7BE, 0xF7BE, 0xF7BE, 0xF7BF, 0xF7BF, 0xF7BF, 
    0xF7BF, 0xF7BF, 0xF7BF, 0xF7BF, 0xF7BF, 0xF7BF, 0xF7BF, 0xF7BF, 0xF7BF, 0xF7BF, 0xF7BF, 0xF7BF, 
    0xF7BF, 0xF7BF, 0xF7BF, 0xF7BF, 0xF7BF, 0xF7BF, 0xF7BF, 0xF7BF, 0xF7BF, 0xF7BF, 0xF7BF, 0xF7BF, 
    0xF7BF, 0xF7BF, 0xF7BF, 0xF7BF, 0xF7BE, 0xF7BE, 0xF7BE, 
    0xF7BF, 0xF7BF, 0xF7BF, 0xF7BF, 0xF7BF, 0xF7BE, 0xF7BE, 0xF7BE, 0xF7BE, 0xF7BE, 0xF7BF, 0xF7BF, 
    0xF7BF, 0xF7BF, 0xF7BF, 0xF7BF, 0xF7BE, 0xF7BE, 0xF7BE, 0xF7BF, 0xF7BF, 0xF7BF, 0xF7BF, 0xF7BF, 
    0xF7BF, 0xF7BF, 0xF7BF, 0xF7BF, 0xF7BF, 0xF7BF, 0xF7BF, 0xF7BF, 0xF7BF, 0xF7BF, 0xF7BF, 0xF7BE, 
    0xF7BE, 0xF7BE, 0xD6DC, 0x6BF2, 0x19AA, 0x0908, 0x118B, 0x09AB, 0x09AB, 0x098B, 0x094A, 0x19AA, 
    0x63D2, 0xB61A, 0xF7BF, 0xF7BE, 0xF79E, 0xF79E, 0xF79E, 0xF7BE, 0xF7BE, 0xFFBE, 0xFF9D, 0xF73A, 
    0xF653, 0xE50A, 0xE443, 0xE400, 0xEC40, 0xEC60, 0xEC60, 0xE461, 0xE461, 0xE461, 0xE461, 0xE461, 
    0xEC61, 0xE460, 0xE480, 0xEC80, 0xEC80, 0xEC80, 0xEC80, 0xEC81, 0xECA1, 0xECA1, 0xECA1, 0xECA1, 
    0xECA1, 0xECA1, 0xECA1, 0xECA1, 0xECA1, 0xEC81, 0xEC81, 0xE481, 0xE481, 0xE481, 0xE481, 0xE481, 
    0xE481, 0xE481, 0xE481, 0xE481, 0xE481, 0xE481, 0xE481, 0xE481, 0xE481, 0xE481, 0xE481, 0xE480, 
    0xEC80, 0xECA0, 0xECA0, 0xECA0, 0xECA0, 0xEC80, 0xEC80, 0xECA0, 0xECA0, 0xECA0, 0xECA0, 0xECA0, 
    0xECA0, 0xECA0, 0xEC80, 0xEC80, 0xEC80, 0xE481, 0xE481, 0xE461, 0xE461, 0xE481, 0xE461, 0xEC61, 
    0xEC60, 0xEC40, 0xEC00, 0xE462, 0xED49, 0xF652, 0xF73A, 0xFFBD, 0xFFBE, 0xFFDE, 0xF7BE, 0xF7BE, 
    0xF7BE, 0xF7BE, 0xFFDF, 0xF7BF, 0xADD8, 0x532F, 0x19AA, 0x116A, 0x11AB, 0x11AB, 0x11AB, 0x118A, 
    0x0908, 0x1149, 0x6BF2, 0xC67B, 0xF7BE, 0xF7BE, 0xF7BE, 0xF7BE, 0xF7BF, 0xF7BF, 0xF7BF, 0xF7BF, 
    0xF7BF, 0xF7BF, 0xF7BF, 0xF7BF, 0xF7BF, 0xF7BF, 0xF7BF, 0xF7BF, 0xF7BF, 0xF7BF, 0xF7BF, 0xF7BF, 
    0xF7BF, 0xF7BF, 0xF7BF, 0xF7BF, 0xF7BF, 0xF7BF, 0xF7BF, 0xF7BF, 0xF7BF, 0xF7BF, 0xF7BF, 0xF7BF, 
    0xF7BF, 0xF7BF, 0xF7BF, 0xF7BF, 0xF7BF, 0xF7BF, 0xF7BE, 
    0xF7BF, 0xF7BE, 0xF7BE, 0xF7BF, 0xF7BF, 0xF7BF, 0xF7BF, 0xF7BF, 0xF7BF, 0xF7BF, 0xF7BF, 0xF7BF, 
    0xF7BF, 0xF7BF, 0xF7BF, 0xF7BF, 0xF7BF, 0xF7BF, 0xF7BF, 0xF7BF, 0xF7BF, 0xF7BF, 0xF7BF, 0xF7BF, 
    0xF7BF, 0xF7BF, 0xF7BF, 0xF7BF, 0xF7BE, 0xF7BE, 0xF7BF, 0xF7BF, 0xF7BF, 0xF7BF, 0xF7BF, 0xF7BE, 
    0xF7BE, 0xF7BE, 0xF7BF, 0xC67A, 0x7C53, 0x2A0B, 0x0908, 0x0969, 0x098A, 0x118B, 0x098A, 0x0949, 
    0x21CB, 0x530F, 0x9516, 0xDF1C, 0xEF9E, 0xF7BE, 0xF79E, 0xF79E, 0xF7BE, 0xFFBE, 0xFFBE, 0xFFBE, 
    0xFF7C, 0xF6B7, 0xEDF0, 0xECEA, 0xE443, 0xE401, 0xE420, 0xE461, 0xE461, 0xE461, 0xE461, 0xEC61, 
    0xEC61, 0xEC61, 0xEC80, 0xEC80, 0xEC80, 0xEC80, 0xECA0, 0xECA1, 0xECA1, 0xECA1, 0xECA1, 0xECA1, 
    0xECA1, 0xECA1, 0xECA1, 0xECA1, 0xECA1, 0xEC81, 0xEC81, 0xEC81, 0xEC81, 0xE481, 0xE481, 0xE481, 
    0xE481, 0xE481, 0xE481, 0xE481, 0xE481, 0xE481, 0xE481, 0xE481, 0xE481, 0xE481, 0xE480, 0xE480, 
    0xE480, 0xE480, 0xEC80, 0xEC80, 0xEC80, 0xEC80, 0xEC80, 0xEC80, 0xEC80, 0xECA0, 0xEC80, 0xEC81, 
    0xEC81, 0xEC81, 0xE480, 0xE480, 0xE481, 0xE481, 0xE481, 0xE461, 0xE461, 0xE461, 0xE441, 0xE420, 
    0xE421, 0xEC84, 0xED2A, 0xEE11, 0xF6D6, 0xFF7B, 0xFFBE, 0xFFBE, 0xFFBE, 0xF7BE, 0xF7BE, 0xF7BE, 
    0xFFDE, 0xFFDF, 0xDEFC, 0x8CF5, 0x4AAE, 0x19AB, 0x096A, 0x11AB, 0x11AB, 0x11AB, 0x096A, 0x0949, 
    0x19CB, 0x7C53, 0xC67A, 0xF79E, 0xF7BF, 0xF7BE, 0xF7BE, 0xF7BF, 0xF7BF, 0xF7BF, 0xF7BF, 0xF7BF, 
    0xF7BF, 0xF7BF, 0xF7BF, 0xF7BF, 0xF7BF, 0xF7BE, 0xF7BE, 0xF7BF, 0xF7BF, 0xF7BF, 0xF7BE, 0xF7BE, 
    0xF7BF, 0xF7BF, 0xF7BF, 0xF7BF, 0xF7BF, 0xF7BF, 0xF7BF, 0xF7BF, 0xF7BF, 0xF7BF, 0xF7BF, 0xF7BF, 
    0xF7BF, 0xF7BF, 0xF7BF, 0xF7BF, 0xF7BF, 0xF7BF, 0xF7BF, 
    0xF7BE, 0xF7BE, 0xF7BE, 0xF7BF, 0xF7BF, 0xF7BF, 0xF7BF, 0xF7BF, 0xF7BF, 0xF7BF, 0xF7BF, 0xF7BF, 
    0xF7BF, 0xF7BF, 0xF7BF, 0xF7BF, 0xF7BF, 0xF7BF, 0xF7BF, 0xF7BF, 0xF7BF, 0xF7BF, 0xF7BF, 0xF7BF, 
    0xF7BF, 0xF7BF, 0xF7BF, 0xF7BF, 0xF7BE, 0xF7BE, 0xF7BF, 0xF7BF, 0xF7BF, 0xF7BF, 0xF7BF, 0xF7BF, 
    0xF7BE, 0xF7BE, 0xF7BF, 0xF7DF, 0xCEBB, 0x7C73, 0x2A0B, 0x1169, 0x0949, 0x098A, 0x11AB, 0x118A, 
    0x0929, 0x1149, 0x324D, 0x8474, 0xB5F9, 0xDF1C, 0xF7BE, 0xF79E, 0xF79E, 0xF79E, 0xF79E, 0xF7BE, 
    0xFFBE, 0xFFBE, 0xF75B, 0xEE75, 0xE58E, 0xE4C9, 0xE465, 0xE442, 0xE441, 0xE441, 0xEC61, 0xEC61, 
    0xEC61, 0xEC81, 0xEC81, 0xEC81, 0xEC80, 0xEC80, 0xECA0, 0xECA1, 0xECA1, 0xECA1, 0xECA1, 0xECA1, 
    0xECA1, 0xECA1, 0xECA1, 0xECA1, 0xECA1, 0xEC81, 0xEC81, 0xEC81, 0xEC81, 0xEC81, 0xEC81, 0xEC81, 
    0xE481, 0xE481, 0xE481, 0xE481, 0xE481, 0xE481, 0xE481, 0xE481, 0xE481, 0xE481, 0xE480, 0xE480, 
    0xE480, 0xE480, 0xE480, 0xE480, 0xE480, 0xE480, 0xE480, 0xE480, 0xE480, 0xE480, 0xE481, 0xE481, 
    0xE481, 0xE481, 0xE481, 0xE481, 0xE481, 0xEC81, 0xEC81, 0xEC61, 0xEC41, 0xE441, 0xE462, 0xE486, 
    0xED0A, 0xEDCF, 0xF6B6, 0xF77C, 0xFFBE, 0xFFBE, 0xF7BE, 0xF7BE, 0xF7BE, 0xF7BE, 0xFFBE, 0xFFDE, 
    0xEF7D, 0xC65A, 0x8494, 0x322C, 0x1129, 0x116A, 0x11AB, 0x11AB, 0x11AB, 0x096A, 0x1969, 0x3A4C, 
    0x7C53, 0xD6FC, 0xF7BF, 0xF7DF, 0xF7BE, 0xF7BE, 0xF7BF, 0xF7BF, 0xF7BF, 0xF7BF, 0xF7BF, 0xF7BF, 
    0xF7BF, 0xF7BF, 0xF7BF, 0xF7BF, 0xF7BE, 0xF7BE, 0xF7BE, 0xF7BF, 0xF7BF, 0xF7BF, 0xF7BE, 0xF7BE, 
    0xF7BF, 0xF7BF, 0xF7BF, 0xF7BF, 0xF7BF, 0xF7BF, 0xF7BF, 0xF7BF, 0xF7BF, 0xF7BF, 0xF7BF, 0xF7BF, 
    0xF7BF, 0xF7BF, 0xF7BF, 0xF7BF, 0xF7BF, 0xF7BF, 0xF7BF, 
    0xF7BE, 0xF7BE, 0xF7BF, 0xF7BF, 0xF7BF, 0xF7BF, 0xF7BF, 0xF7BF, 0xF7BF, 0xF7BF, 0xF7BF, 0xF7BF, 
    0xF7BF, 0xF7BF, 0xF7BF, 0xF7BF, 0xF7BF, 0xF7BF, 0xF7BF, 0xF7BF, 0xF7BF, 0xF7BF, 0xF7BF, 0xF7BF, 
    0xF7BF, 0xF7BF, 0xF7BF, 0xF7BF, 0xF7BF, 0xF7BF, 0xF7BF, 0xF7BF, 0xF7BF, 0xF7BF, 0xF7BF, 0xF7BF, 
    0xF7BF, 0xF7BF, 0xF7BE, 0xF7BE, 0xF7DF, 0xE75D, 0x84F6, 0x324C, 0x1149, 0x0949, 0x116A, 0x118A, 
    0x11AB, 0x116A, 0x0108, 0x00E8, 0x4AEE, 0x9D36, 0xDF1C, 0xEF9E, 0xF79E, 0xF79E, 0xF79E, 0xF7BE, 
    0xF79E, 0xF79E, 0xF7BE, 0xFFBE, 0xFF9E, 0xEEB8, 0xE58F, 0xE487, 0xE423, 0xE422, 0xEC41, 0xEC61, 
    0xEC81, 0xEC81, 0xEC81, 0xEC81, 0xF4A1, 0xF4A1, 0xF4A0, 0xF4A1, 0xF4A1, 0xF4A1, 0xF4A0, 0xF4A1, 
    0xF4A1, 0xECA1, 0xECA1, 0xECA1, 0xECA1, 0xECA1, 0xECA1, 0xEC81, 0xEC81, 0xEC81, 0xEC81, 0xEC81, 
    0xEC81, 0xEC81, 0xEC81, 0xEC81, 0xE481, 0xE481, 0xE481, 0xE481, 0xE481, 0xE481, 0xE481, 0xE481, 
    0xE481, 0xE481, 0xE481, 0xE480, 0xE480, 0xE481, 0xE481, 0xE481, 0xE480, 0xE481, 0xE481, 0xE481, 
    0xE481, 0xE481, 0xE481, 0xE481, 0xEC81, 0xEC81, 0xEC81, 0xEC61, 0xEC42, 0xEC64, 0xE508, 0xEE11, 
    0xF6F9, 0xF79D, 0xFFBE, 0xF7BE, 0xF79E, 0xF79E, 0xF79E, 0xF7BE, 0xF79E, 0xF7BE, 0xF7BE, 0xE75D, 
    0xB5F8, 0x5370, 0x116A, 0x0908, 0x11AB, 0x11AB, 0x11AB, 0x11AB, 0x096A, 0x1128, 0x428D, 0x94F6, 
    0xF7DF, 0xFFDF, 0xF7BF, 0xF7BE, 0xF7BF, 0xF7BF, 0xF7BF, 0xF7BF, 0xF7BF, 0xF7BF, 0xF7BF, 0xF7BF, 
    0xF7BF, 0xF7BF, 0xF7BF, 0xF7BE, 0xF7BE, 0xF7BE, 0xF7BF, 0xF7BF, 0xF7BF, 0xF7BF, 0xF7BF, 0xF7BF, 
    0xF7BF, 0xF7BF, 0xF7BF, 0xF7BF, 0xF7BF, 0xF7BF, 0xF7BF, 0xF7BF, 0xF7BF, 0xF7BF, 0xF7BF, 0xF7BF, 
    0xF7BF, 0xF7BF, 0xF7BF, 0xF7BF, 0xF7BF, 0xF7BF, 0xF7BF, 
    0xF7BF, 0xF7BF, 0xF7BF, 0xF7BF, 0xF7BF, 0xF7BF, 0xF7BF, 0xF7BF, 0xF7BF, 0xF7BF, 0xF7BF, 0xF7BF, 
    0xF7BF, 0xF7BF, 0xF7BF, 0xF7BF, 0xF7BF, 0xF7BF, 0xF7BF, 0xF7BF, 0xF7BF, 0xF7BE, 0xF7BE, 0xF7BE, 
    0xF7BF, 0xF7BF, 0xF7BE, 0xF7BE, 0xF7BE, 0xF7BE, 0xF7BF, 0xF7BF, 0xF7BF, 0xF7BF, 0xF7BF, 0xF7BF, 
    0xF7BF, 0xF7BF, 0xF7BF, 0xF7BE, 0xF7BE, 0xF7BE, 0xEF9E, 0xADD9, 0x4B30, 0x0928, 0x0108, 0x096A, 
    0x118A, 0x118A, 0x118B, 0x096A, 0x0908, 0x198A, 0x4B2F, 0xBE39, 0xEF7D, 0xF7DE, 0xF7BE, 0xF79D, 
    0xF77D, 0xF79E, 0xF79E, 0xF77E, 0xF79E, 0xFFBE, 0xFF7C, 0xF6F9, 0xEDF2, 0xE4C9, 0xDC24, 0xE401, 
    0xEC20, 0xEC61, 0xEC81, 0xECA1, 0xF4A1, 0xF4C1, 0xF4A1, 0xF4A1, 0xF4A1, 0xF4A1, 0xF4A1, 0xF4A1, 
    0xF4A1, 0xF4A1, 0xF4A1, 0xECA1, 0xECA1, 0xECA1, 0xECA1, 0xECA1, 0xECA1, 0xEC81, 0xEC81, 0xEC81, 
    0xEC81, 0xEC81, 0xEC81, 0xEC81, 0xE481, 0xE481, 0xE481, 0xE481, 0xE481, 0xE481, 0xE481, 0xE461, 
    0xE481, 0xE481, 0xE481, 0xE481, 0xE481, 0xE481, 0xE481, 0xE481, 0xE481, 0xE481, 0xE481, 0xE481, 
    0xE481, 0xECA1, 0xECA1, 0xEC80, 0xEC60, 0xE420, 0xE421, 0xE485, 0xED6C, 0xEE74, 0xF75B, 0xFF9D, 
    0xF7BE, 0xF79E, 0xF79E, 0xF79D, 0xF79D, 0xF79D, 0xF77D, 0xF7BE, 0xF7DE, 0xF7BE, 0xCEBB, 0x6C12, 
    0x29EB, 0x094A, 0x096A, 0x11AB, 0x118B, 0x11AB, 0x098A, 0x0929, 0x00C7, 0x5B71, 0xB5F9, 0xF79E, 
    0xFFDF, 0xF7BE, 0xF7BE, 0xF7BE, 0xF7BF, 0xF7BF, 0xF7BF, 0xF7BF, 0xF7BF, 0xF7BF, 0xF7BF, 0xF7BF, 
    0xF7BF, 0xF7BF, 0xF7BF, 0xF7BF, 0xF7BF, 0xF7BF, 0xF7BF, 0xF7BF, 0xF7BF, 0xF7BF, 0xF7BF, 0xF7BF, 
    0xF7BF, 0xF7BF, 0xF7BF, 0xF7BF, 0xF7BF, 0xF7BF, 0xF7BE, 0xF7BF, 0xF7BF, 0xF7BF, 0xF7BF, 0xF7BF, 
    0xF7BF, 0xF7BF, 0xF7BF, 0xF7BF, 0xF7BF, 0xF7BF, 0xF7BF, 
    0xF7BF, 0xF7BF, 0xF7BF, 0xF7BF, 0xF7BF, 0xF7BF, 0xF7BF, 0xF7BF, 0xF7BF, 0xF7BF, 0xF7BF, 0xF7BF, 
    0xF7BF, 0xF7BF, 0xF7BF, 0xF7BF, 0xF7BF, 0xF7BF, 0xF7BF, 0xF7BF, 0xF7BF, 0xF7BE, 0xF7BE, 0xF7BF, 
    0xF7BF, 0xF7BF, 0xF7BE, 0xF7BE, 0xF7BE, 0xF7BE, 0xF7BF, 0xF7BF, 0xF7BF, 0xF7BF, 0xF7BF, 0xF7BF, 
    0xF7BF, 0xF7BF, 0xF7BF, 0xF7BF, 0xF7BF, 0xF7BE, 0xF7BF, 0xE75D, 0xBE19, 0x7433, 0x220B, 0x0928, 
    0x0949, 0x096A, 0x118A, 0x118A, 0x096A, 0x0949, 0x118A, 0x3A4C, 0x7412, 0xBE19, 0xEF7E, 0xF7BE, 
    0xF79E, 0xF79E, 0xEF7D, 0xF77E, 0xF79E, 0xF79E, 0xF7BE, 0xFF9D, 0xF75B, 0xF6F8, 0xEE75, 0xEDD0, 
    0xE52A, 0xE4A5, 0xE482, 0xEC61, 0xEC61, 0xF4A1, 0xF4A1, 0xF4C1, 0xF4C1, 0xF4C1, 0xF4C1, 0xF4C1, 
    0xF4C1, 0xF4C1, 0xF4A1, 0xF4A1, 0xF4A1, 0xECA1, 0xECA1, 0xECA1, 0xECA0, 0xECA0, 0xEC80, 0xEC80, 
    0xEC81, 0xEC81, 0xEC81, 0xE481, 0xE481, 0xE481, 0xE481, 0xE481, 0xE461, 0xE461, 0xE461, 0xE461, 
    0xE461, 0xE461, 0xE461, 0xE461, 0xE461, 0xE461, 0xE481, 0xE481, 0xE481, 0xEC81, 0xEC81, 0xEC81, 
    0xE461, 0xE440, 0xE461, 0xE4A3, 0xE507, 0xED6C, 0xEE32, 0xF6B6, 0xF719, 0xF77C, 0xF7BE, 0xF7BE, 
    0xF79E, 0xF79E, 0xF79E, 0xF77D, 0xF79D, 0xF7BE, 0xF7BE, 0xF7BE, 0xC67A, 0x84D4, 0x4AEF, 0x21AB, 
    0x118A, 0x098A, 0x11AB, 0x11AB, 0x098B, 0x0929, 0x0949, 0x2A2C, 0x8494, 0xC65A, 0xEF5D, 0xF7BF, 
    0xF7BE, 0xF7BE, 0xF7BE, 0xF7BF, 0xF7BF, 0xF7BF, 0xF7BF, 0xF7BF, 0xF7BF, 0xF7BF, 0xF7BF, 0xF7BF, 
    0xF7BF, 0xF7BF, 0xF7BF, 0xF7BF, 0xF7BF, 0xF7BF, 0xF7BF, 0xF7BF, 0xF7BF, 0xF7BF, 0xF7BF, 0xF7BF, 
    0xF7BF, 0xF7BF, 0xF7BF, 0xF7BF, 0xF7BF, 0xF7BF, 0xF7BF, 0xF7BF, 0xF7BF, 0xF7BF, 0xF7BF, 0xF7BF, 
    0xF7BF, 0xF7BF, 0xF7BF, 0xF7BF, 0xF7BF, 0xF7BF, 0xF7BF, 
    0xF7BF, 0xF7BF, 0xF7BF, 0xF7BF, 0xF7BF, 0xF7BF, 0xF7BF, 0xF7BF, 0xF7BF, 0xF7BF, 0xF7BF, 0xF7BF, 
    0xF7BF, 0xF7BF, 0xF7BF, 0xF7BF, 0xF7BF, 0xF7BF, 0xF7BF, 0xF7BF, 0xF7BF, 0xF7BF, 0xF7BF, 0xF7BF, 
    0xF7BF, 0xF7BF, 0xF7BF, 0xF7BE, 0xF7BE, 0xF7BE, 0xF7BF, 0xF7BF, 0xF7BF, 0xF7BF, 0xF7BF, 0xF7BF, 
    0xF7BF, 0xF7BF, 0xF7BF, 0xF7BF, 0xF7BF, 0xF7BE, 0xF79E, 0xF7BF, 0xEF7E, 0xCE9B, 0x8CD5, 0x4AEE, 
    0x19AA, 0x0929, 0x0949, 0x118A, 0x11AA, 0x098A, 0x0149, 0x0108, 0x21CB, 0x5350, 0x8CF5, 0xC65A, 
    0xEF7D, 0xF79E, 0xF79E, 0xF79E, 0xF79E, 0xF79E, 0xF7BE, 0xFFBE, 0xFFDE, 0xFFDF, 0xFFBE, 0xF75B, 
    0xF6D7, 0xEE32, 0xEDCE, 0xED4A, 0xED07, 0xECC5, 0xECA3, 0xECA2, 0xECA1, 0xF4A1, 0xF4A1, 0xF4A0, 
    0xF4C1, 0xF4C1, 0xF4C1, 0xF4C1, 0xF4C1, 0xF4C1, 0xF4C1, 0xF4C1, 0xECA1, 0xECA0, 0xEC80, 0xEC80, 
    0xEC80, 0xEC81, 0xEC81, 0xE481, 0xE481, 0xE481, 0xE461, 0xE461, 0xE461, 0xE461, 0xE461, 0xE461, 
    0xE461, 0xE461, 0xE461, 0xE461, 0xE461, 0xE461, 0xE461, 0xE461, 0xE460, 0xE461, 0xE461, 0xE483, 
    0xE4C5, 0xED08, 0xED6C, 0xEDEF, 0xF693, 0xF6F8, 0xF77C, 0xFFBE, 0xFFDE, 0xFFBE, 0xF7BE, 0xF79E, 
    0xF79E, 0xF79E, 0xF79E, 0xF79E, 0xF7BE, 0xEF7D, 0xCEBB, 0x9D77, 0x63B1, 0x324D, 0x096A, 0x0929, 
    0x118B, 0x11AB, 0x11AB, 0x098A, 0x0949, 0x21CB, 0x530F, 0x94F6, 0xDEFC, 0xF79E, 0xF7BF, 0xF7BE, 
    0xF7BE, 0xF7BE, 0xF7BE, 0xF7BF, 0xF7BF, 0xF7BF, 0xF7BF, 0xF7BF, 0xF7BF, 0xF7BF, 0xF7BF, 0xF7BF, 
    0xF7BF, 0xF7BF, 0xF7BF, 0xF7BF, 0xF7BF, 0xF7BF, 0xF7BF, 0xF7BF, 0xF7BF, 0xF7BF, 0xF7BF, 0xF7BF, 
    0xF7BF, 0xF7BF, 0xF7BF, 0xF7BF, 0xF7BF, 0xF7BF, 0xF7BF, 0xF7BF, 0xF7BF, 0xF7BF, 0xF7BF, 0xF7BF, 
    0xF7BF, 0xF7BF, 0xF7BF, 0xF7BF, 0xF7BF, 0xF7BF, 0xF7BF, 
    0xF7BF, 0xF7BF, 0xF7BF, 0xF7BF, 0xF7BF, 0xF7BF, 0xF7BE, 0xF7BE, 0xF7BE, 0xF7BF, 0xF7BF, 0xF7BF, 
    0xF7BF, 0xF7BF, 0xF7BF, 0xF7BF, 0xF7BF, 0xF7BF, 0xF7BF, 0xF7BF, 0xF7BF, 0xF7BF, 0xF7BF, 0xF7BF, 
    0xF7BF, 0xF7BF, 0xF7BF, 0xF7BF, 0xF7BF, 0xF7BF, 0xF7BF, 0xF7BF, 0xF7BF, 0xF7BF, 0xF7BF, 0xF7BF, 
    0xF7BF, 0xF7BF, 0xF7BF, 0xF7BF, 0xF7BF, 0xF7BF, 0xF7BE, 0xF79E, 0xF7BE, 0xF7BF, 0xEF9E, 0xADB8, 
    0x5B90, 0x21EB, 0x0949, 0x0969, 0x096A, 0x098A, 0x09AB, 0x098A, 0x0108, 0x0108, 0x19CB, 0x6391, 
    0xADD8, 0xD6BB, 0xE75D, 0xF7BE, 0xF79E, 0xF79E, 0xF7BE, 0xF7BE, 0xF7BE, 0xFFDF, 0xFFDF, 0xFFFF, 
    0xFFFF, 0xFFFF, 0xF77C, 0xF6F8, 0xEE53, 0xEDCE, 0xE56A, 0xED08, 0xECE6, 0xECA3, 0xF4A2, 0xF4A2, 
    0xF4A2, 0xF4A1, 0xF4A1, 0xF4A1, 0xF4A1, 0xF4A1, 0xF4A1, 0xF4A1, 0xECA1, 0xEC80, 0xEC80, 0xEC80, 
    0xEC80, 0xEC60, 0xEC60, 0xEC60, 0xE460, 0xE460, 0xE460, 0xE460, 0xE440, 0xE460, 0xE440, 0xE440, 
    0xE461, 0xE461, 0xE461, 0xE461, 0xE461, 0xE461, 0xE462, 0xE483, 0xE4A5, 0xE4A6, 0xE4E8, 0xE54B, 
    0xEDCF, 0xF695, 0xF73A, 0xFF9D, 0xFFDE, 0xFFFF, 0xFFDF, 0xFFBE, 0xF7BE, 0xF7BE, 0xF7BE, 0xF7BE, 
    0xF79E, 0xF79E, 0xF7BE, 0xEF7D, 0xD6DB, 0xADD8, 0x7453, 0x2A4C, 0x0949, 0x0129, 0x098B, 0x11CB, 
    0x11AB, 0x11AB, 0x098A, 0x118A, 0x2A0B, 0x6BD2, 0xB5F9, 0xF7BF, 0xFFDF, 0xF7BE, 0xF7BE, 0xF7BE, 
    0xF7BE, 0xF7BE, 0xF7BF, 0xF7BF, 0xF7BF, 0xF7BF, 0xF7BF, 0xF7BF, 0xF7BF, 0xF7BF, 0xF7BF, 0xF7BF, 
    0xF7BF, 0xF7BF, 0xF7BF, 0xF7BF, 0xF7BF, 0xF7BF, 0xF7BF, 0xF7BF, 0xF7BF, 0xF7BE, 0xF7BE, 0xF7BE, 
    0xF7BF, 0xF7BF, 0xF7BF, 0xF7BF, 0xF7BF, 0xF7BF, 0xF7BF, 0xF7BF, 0xF7BF, 0xF7BF, 0xF7BF, 0xF7BF, 
    0xF7BF, 0xF7BF, 0xF7BF, 0xF7BF, 0xF7BF, 0xF7BF, 0xF7BF, 
    0xF7BF, 0xF7BF, 0xF7BF, 0xF7BF, 0xF7BF, 0xF7BF, 0xF7BF, 0xF7BF, 0xF7BF, 0xF7BF, 0xF7BF, 0xF7BF, 
    0xF7BF, 0xF7BF, 0xF7BF, 0xF7BF, 0xF7BF, 0xF7BF, 0xF7BF, 0xF7BF, 0xF7BF, 0xF7BF, 0xF7BF, 0xF7BF, 
    0xF7BF, 0xF7BF, 0xF7BF, 0xF7BF, 0xF7BF, 0xF7BF, 0xF7BF, 0xF7BF, 0xF7BF, 0xF7BF, 0xF7BF, 0xF7BF, 
    0xF7BF, 0xF7BF, 0xF7BF, 0xF7BF, 0xF7BF, 0xF7BF, 0xF79E, 0xF7BF, 0xF79E, 0xF79E, 0xF79E, 0xF7BF, 
    0xDEFC, 0x8CF5, 0x2A2C, 0x00C7, 0x0108, 0x0969, 0x098A, 0x0989, 0x09AA, 0x098A, 0x0129, 0x00C7, 
    0x096A, 0x5B91, 0xADD9, 0xEFBE, 0xFFDF, 0xFFDF, 0xF7DF, 0xF7BE, 0xF7BE, 0xF7BE, 0xF7BE, 0xF7BE, 
    0xF7BE, 0xFFDF, 0xFFFF, 0xFFFF, 0xFFFF, 0xFFFF, 0xFFDE, 0xF75A, 0xF694, 0xEDAD, 0xED29, 0xECE7, 
    0xECC5, 0xEC83, 0xEC42, 0xEC41, 0xEC21, 0xEC21, 0xEC41, 0xEC40, 0xEC40, 0xF440, 0xEC40, 0xEC40, 
    0xEC40, 0xEC40, 0xEC40, 0xEC20, 0xEC20, 0xEC20, 0xEC20, 0xEC20, 0xEC00, 0xE400, 0xE400, 0xE3E0, 
    0xE400, 0xE3E0, 0xE400, 0xE401, 0xE422, 0xE464, 0xE4E8, 0xE58D, 0xEE54, 0xF6B8, 0xF73B, 0xFFBD, 
    0xFFFF, 0xFFFF, 0xFFFF, 0xFFFF, 0xFFDE, 0xF7BE, 0xF7BE, 0xF7BE, 0xF7BE, 0xF7BE, 0xF7BE, 0xF7DF, 
    0xFFDF, 0xF7DF, 0xF7BE, 0xB619, 0x63D1, 0x21EB, 0x00C8, 0x0129, 0x098B, 0x11CB, 0x11AB, 0x09AB, 
    0x09AB, 0x0129, 0x0949, 0x328D, 0xADB8, 0xE75D, 0xFFDF, 0xF7BE, 0xF79E, 0xF7BE, 0xF7BF, 0xF7BF, 
    0xF7BF, 0xF7BF, 0xF7BF, 0xF7BF, 0xF7BF, 0xF7BF, 0xF7BF, 0xF7BF, 0xF7BF, 0xF7BF, 0xF7BF, 0xF7BF, 
    0xF7BF, 0xF7BF, 0xF7BF, 0xF7BF, 0xF7BF, 0xF7BF, 0xF7BF, 0xF7BF, 0xF7BF, 0xF7BE, 0xF7BF, 0xF7BF, 
    0xF7BF, 0xF7BF, 0xF7BF, 0xF7BF, 0xF7BF, 0xF7BF, 0xF7BF, 0xF7BF, 0xF7BF, 0xF7BF, 0xF7BF, 0xF7BF, 
    0xF7BF, 0xF7BF, 0xF7BF, 0xF7BF, 0xF7BF, 0xF7BF, 0xF7BF, 
    0xF7BF, 0xF7BF, 0xF7BF, 0xF7BF, 0xF7BF, 0xF7BF, 0xF7BF, 0xF7BF, 0xF7BF, 0xF7BF, 0xF7BF, 0xF7BF, 
    0xF7BF, 0xF7BF, 0xF7BF, 0xF7BF, 0xF7BF, 0xF7BF, 0xF7BF, 0xF7BF, 0xF7BF, 0xF7BF, 0xF7BF, 0xF7BF, 
    0xF7BF, 0xF7BF, 0xF7BF, 0xF7BF, 0xF7BF, 0xF7BF, 0xF7BF, 0xF7BF, 0xF7BF, 0xF7BF, 0xF7BF, 0xF7BF, 
    0xF7BF, 0xF7BF, 0xF7BF, 0xF7BF, 0xF7BF, 0xF7BF, 0xF7BF, 0xF79F, 0xF79E, 0xF79E, 0xF79E, 0xF79E, 
    0xEF7E, 0xDF1C, 0xBE19, 0x6C12, 0x220C, 0x0108, 0x0907, 0x0969, 0x098A, 0x098A, 0x098A, 0x096A, 
    0x014A, 0x116A, 0x2A2C, 0x5371, 0x9557, 0xD71D, 0xF7DF, 0xFFFF, 0xFFFF, 0xFFDE, 0xF7BE, 0xF79E, 
    0xF79E, 0xF7BE, 0xFFDE, 0xFFDF, 0xFFDF, 0xFFFF, 0xFFFF, 0xFFDE, 0xFFBD, 0xFF7B, 0xFF5A, 0xFF3A, 
    0xF719, 0xF6D7, 0xF653, 0xF611, 0xEDAE, 0xED8D, 0xED6B, 0xED28, 0xECE6, 0xE4C5, 0xE4A4, 0xE4A4, 
    0xE4A4, 0xE484, 0xE484, 0xE484, 0xE484, 0xE4A4, 0xE4A5, 0xE4C6, 0xE4C7, 0xE4E8, 0xE509, 0xE52A, 
    0xE58D, 0xEDD0, 0xEE32, 0xF674, 0xEE95, 0xF6D7, 0xF719, 0xF75B, 0xFF9D, 0xFFBE, 0xFFDE, 0xFFDF, 
    0xFFDF, 0xFFDF, 0xFFDF, 0xFFDE, 0xFFBE, 0xF79E, 0xF7BE, 0xF7BE, 0xFFDE, 0xFFFF, 0xFFFF, 0xF7BE, 
    0xCE9B, 0x8CF6, 0x5350, 0x320C, 0x198A, 0x096A, 0x096A, 0x098B, 0x11AB, 0x11AB, 0x098A, 0x0129, 
    0x0949, 0x3AAE, 0x84B4, 0xCE9B, 0xEF5D, 0xF79E, 0xF79E, 0xF7BE, 0xF7BE, 0xF7BF, 0xF7BF, 0xF7BF, 
    0xF7BF, 0xF7BF, 0xF7BF, 0xF7BF, 0xF7BF, 0xF7BF, 0xF7BF, 0xF7BF, 0xF7BF, 0xF7BF, 0xF7BF, 0xF7BF, 
    0xF7BF, 0xF7BF, 0xF7BF, 0xF7BF, 0xF7BF, 0xF7BF, 0xF7BF, 0xF7BE, 0xF7BE, 0xF7BF, 0xF7BF, 0xF7BF, 
    0xF7BF, 0xF7BF, 0xF7BF, 0xF7BF, 0xF7BF, 0xF7BF, 0xF7BF, 0xF7BF, 0xF7BF, 0xF7BF, 0xF7BF, 0xF7BF, 
    0xF7BF, 0xF7BF, 0xF7BF, 0xF7BF, 0xF7BF, 0xF7BF, 0xF7BF, 
    0xF7BF, 0xF7BF, 0xF7BF, 0xF7BF, 0xF7BF, 0xF7BF, 0xF7BF, 0xF7BF, 0xF7BF, 0xF7BF, 0xF7BF, 0xF7BF, 
    0xF7BF, 0xF7BF, 0xF7BF, 0xF7BF, 0xF7BF, 0xF7BF, 0xF7BF, 0xF7BF, 0xF7BF, 0xF7BF, 0xF7BF, 0xF7BF, 
    0xF7BF, 0xF7BF, 0xF7BF, 0xF7BF, 0xF7BF, 0xF7BF, 0xF7BF, 0xF7BF, 0xF7BF, 0xF7BF, 0xF7BF, 0xF7BF, 
    0xF7BF, 0xF7BF, 0xF7BF, 0xF7BF, 0xF7BF, 0xF7BF, 0xF7BE, 0xF79E, 0xF79E, 0xF79E, 0xF79E, 0xF79E, 
    0xF79E, 0xF79E, 0xEF7E, 0xC67B, 0x9515, 0x5B70, 0x21EB, 0x0928, 0x0128, 0x0969, 0x098A, 0x09AB, 
    0x098A, 0x096A, 0x096A, 0x11AB, 0x3A8E, 0x63D2, 0x8CF6, 0xB61A, 0xE75D, 0xF7DF, 0xFFDF, 0xFFDF, 
    0xFFDF, 0xFFBE, 0xFFDE, 0xFFBE, 0xF7BE, 0xFFDF, 0xFFDF, 0xFFDF, 0xFFDF, 0xFFDF, 0xFFDF, 0xFFDF, 
    0xFFDF, 0xFFBE, 0xFF7C, 0xFF5B, 0xFF3A, 0xF718, 0xF6F7, 0xF6D6, 0xF6B5, 0xF674, 0xF653, 0xF653, 
    0xEE52, 0xEE52, 0xEE52, 0xEE32, 0xEE52, 0xEE53, 0xEE53, 0xEE74, 0xEE74, 0xEE95, 0xEEB6, 0xEEB7, 
    0xF6F9, 0xF73A, 0xF75C, 0xF77D, 0xF79D, 0xFFBD, 0xFFBE, 0xF7BE, 0xFFDF, 0xFFDF, 0xFFDF, 0xFFDF, 
    0xFFDE, 0xFFDE, 0xFFDE, 0xFFDE, 0xFFDE, 0xFFDF, 0xFFDF, 0xFFDF, 0xF7BE, 0xD6FC, 0xA5B8, 0x7CB5, 
    0x5B71, 0x326D, 0x11AB, 0x094A, 0x096A, 0x098B, 0x09AB, 0x09AB, 0x096A, 0x0949, 0x1169, 0x2A2C, 
    0x6BF2, 0xA577, 0xD6DC, 0xF7BE, 0xF7BE, 0xF7BE, 0xF79E, 0xF7BE, 0xF7BE, 0xF7BE, 0xF7BF, 0xF7BF, 
    0xF7BF, 0xF7BF, 0xF7BF, 0xF7BF, 0xF7BF, 0xF7BF, 0xF7BF, 0xF7BF, 0xF7BF, 0xF7BF, 0xF7BF, 0xF7BF, 
    0xF7BF, 0xF7BF, 0xF7BF, 0xF7BF, 0xF7BF, 0xF7BF, 0xF7BF, 0xF7BF, 0xF7BE, 0xF7BF, 0xF7BF, 0xF7BF, 
    0xF7BF, 0xF7BF, 0xF7BF, 0xF7BF, 0xF7BF, 0xF7BF, 0xF7BF, 0xF7BF, 0xF7BF, 0xF7BF, 0xF7BF, 0xF7BF, 
    0xF7BF, 0xF7BF, 0xF7BF, 0xF7BF, 0xF7BF, 0xF7BF, 0xF7BF, 
    0xF7BE, 0xF7BE, 0xF7BF, 0xF7BF, 0xF7BF, 0xF7BF, 0xF7BF, 0xF7BF, 0xF7BF, 0xF7BF, 0xF7BF, 0xF7BF, 
    0xF7BF, 0xF7BF, 0xF7BF, 0xF7BF, 0xF7BF, 0xF7BF, 0xF7BF, 0xF7BF, 0xF7BF, 0xF7BF, 0xF7BF, 0xF7BF, 
    0xF7BF, 0xF7BF, 0xF7BF, 0xF7BF, 0xF7BF, 0xF7BF, 0xF7BF, 0xF7BF, 0xF7BF, 0xF7BF, 0xF7BF, 0xF7BF, 
    0xF7BF, 0xF7BF, 0xF7BF, 0xF7BF, 0xF7BF, 0xF7BF, 0xF7BE, 0xF7BE, 0xF79E, 0xF79E, 0xF79E, 0xF79E, 
    0xF79E, 0xEF9E, 0xF79E, 0xF7BE, 0xE75D, 0xBE19, 0x7453, 0x42AE, 0x19CB, 0x0969, 0x0149, 0x0169, 
    0x098A, 0x09AB, 0x09AB, 0x098B, 0x094A, 0x096B, 0x2A2D, 0x5371, 0x8CF6, 0xB5F9, 0xCEBB, 0xE75D, 
    0xF7DF, 0xFFDF, 0xFFDF, 0xFFDF, 0xFFDF, 0xFFDF, 0xF7BE, 0xF79E, 0xF79E, 0xF7BE, 0xFFDE, 0xFFDE, 
    0xFFDF, 0xFFFF, 0xFFFF, 0xFFFF, 0xFFFF, 0xFFFF, 0xFFFF, 0xFFDF, 0xFFDE, 0xFFBE, 0xFFBE, 0xFFBE, 
    0xFF9E, 0xF79D, 0xF79D, 0xF79D, 0xF79D, 0xF79D, 0xF79D, 0xF79E, 0xF79E, 0xF79E, 0xF7BE, 0xF7BE, 
    0xF7BE, 0xF7BF, 0xF7DF, 0xF7DF, 0xF7BE, 0xFFDE, 0xF7BE, 0xF7BE, 0xF7BE, 0xF79E, 0xF7BE, 0xFFDE, 
    0xFFDF, 0xFFDF, 0xFFDF, 0xFFFF, 0xFFDF, 0xF7BE, 0xDF1C, 0xC69B, 0xADB8, 0x7C94, 0x42EF, 0x19EC, 
    0x096A, 0x094A, 0x098B, 0x09AC, 0x11AC, 0x09AB, 0x096A, 0x0969, 0x096A, 0x21EB, 0x4AEE, 0x84B4, 
    0xCEBB, 0xEF9E, 0xF7BE, 0xF7BE, 0xF79E, 0xF79E, 0xF7BE, 0xF7BE, 0xF7BE, 0xF7BE, 0xF7BE, 0xF7BF, 
    0xF7BF, 0xF7BF, 0xF7BF, 0xF7BF, 0xF7BF, 0xF7BF, 0xF7BF, 0xF7BF, 0xF7BF, 0xF7BF, 0xF7BF, 0xF7BF, 
    0xF7BF, 0xF7BF, 0xF7BF, 0xF7BF, 0xF7BF, 0xF7BF, 0xF7BF, 0xF7BF, 0xF7BF, 0xF7BE, 0xF7BF, 0xF7BF, 
    0xF7BF, 0xF7BF, 0xF7BF, 0xF7BF, 0xF7BF, 0xF7BF, 0xF7BF, 0xF7BF, 0xF7BF, 0xF7BF, 0xF7BF, 0xF7BF, 
    0xF7BF, 0xF7BF, 0xF7BF, 0xF7BF, 0xF7BF, 0xF7BF, 0xF7BF, 
    0xF7BE, 0xF7BE, 0xF7BE, 0xF7BE, 0xF7BF, 0xF7BF, 0xF7BE, 0xF7BF, 0xF7BE, 0xF7BE, 0xF7BE, 0xF7BE, 
    0xF7BE, 0xF7BF, 0xF7BF, 0xF7BF, 0xF7BF, 0xF7BF, 0xF7BF, 0xF7BF, 0xF7BF, 0xF7BF, 0xF7BF, 0xF7BF, 
    0xF7BF, 0xF7BF, 0xF7BF, 0xF7BF, 0xF7BF, 0xF7BF, 0xF7BF, 0xF7BF, 0xF7BF, 0xF7BF, 0xF7BF, 0xF7BF, 
    0xF7BF, 0xF7BF, 0xF7BF, 0xF7BF, 0xF7BF, 0xF7BF, 0xF7BE, 0xF7BE, 0xF7BE, 0xF79E, 0xF79E, 0xF79E, 
    0xF79E, 0xF79E, 0xF79E, 0xEF7E, 0xF79E, 0xF7BF, 0xEF7E, 0xC67B, 0x6C33, 0x2A4C, 0x0928, 0x0908, 
    0x0949, 0x098A, 0x09AB, 0x11CC, 0x11ED, 0x11CC, 0x098B, 0x094A, 0x0929, 0x2A0C, 0x63B2, 0x9D77, 
    0xD6FC, 0xEF7E, 0xF79E, 0xF7DF, 0xFFDF, 0xFFDF, 0xF7BE, 0xF7BE, 0xF7BE, 0xF79E, 0xFFBE, 0xFFBE, 
    0xFFDE, 0xFFDE, 0xFFDE, 0xFFDE, 0xFFDE, 0xFFBE, 0xFFDF, 0xF7BE, 0xF7BE, 0xF79E, 0xF79E, 0xF79E, 
    0xF79D, 0xF77D, 0xF77D, 0xF77D, 0xF77D, 0xF77D, 0xF77D, 0xF77D, 0xEF7D, 0xEF7D, 0xEF7D, 0xEF7D, 
    0xEF7E, 0xEF9E, 0xF79E, 0xF7BE, 0xF79E, 0xF7BE, 0xF7BE, 0xF7BE, 0xF7BE, 0xF79E, 0xF7BE, 0xFFDE, 
    0xFFDF, 0xFFDF, 0xF7BE, 0xEF9E, 0xE73D, 0xC65A, 0x84D5, 0x4B30, 0x19EC, 0x094A, 0x092A, 0x09AC, 
    0x11EC, 0x11ED, 0x11EC, 0x11AC, 0x098B, 0x096A, 0x0929, 0x1128, 0x324C, 0x7C53, 0xCE9B, 0xF7DF, 
    0xFFDF, 0xF7BE, 0xF79E, 0xF79E, 0xF7BE, 0xF7BE, 0xF7BE, 0xF7BE, 0xF7BE, 0xF7BE, 0xF7BF, 0xF7BF, 
    0xF7BF, 0xF7BF, 0xF7BF, 0xF7BF, 0xF7BF, 0xF7BF, 0xF7BF, 0xF7BF, 0xF7BF, 0xF7BF, 0xF7BF, 0xF7BF, 
    0xF7BF, 0xF7BF, 0xF7BF, 0xF7BF, 0xF7BF, 0xF7BF, 0xF7BF, 0xF7BF, 0xF7BF, 0xF7BF, 0xF7BF, 0xF7BF, 
    0xF7BF, 0xF7BF, 0xF7BF, 0xF7BF, 0xF7BF, 0xF7BF, 0xF7BF, 0xF7BF, 0xF7BF, 0xF7BF, 0xF7BF, 0xF7BF, 
    0xF7BF, 0xF7BF, 0xF7BF, 0xF7BF, 0xF7BF, 0xF7BF, 0xF7BF, 
    0xF7BE, 0xF7BE, 0xF7BF, 0xF7BF, 0xF7BF, 0xF7BF, 0xF7BF, 0xF7BF, 0xF7BE, 0xF7BE, 0xF7BF, 0xF7BF, 
    0xF7BF, 0xF7BF, 0xF7BF, 0xF7BF, 0xF7BF, 0xF7BF, 0xF7BF, 0xF7BF, 0xF7BF, 0xF7BF, 0xF7BF, 0xF7BF, 
    0xF7BF, 0xF7BF, 0xF7BF, 0xF7BF, 0xF7BF, 0xF7BF, 0xF7BF, 0xF7BF, 0xF7BF, 0xF7BF, 0xF7BF, 0xF7BF, 
    0xF7BF, 0xF7BF, 0xF7BF, 0xF7BF, 0xF7BF, 0xF7BF, 0xF7BF, 0xF7BE, 0xF7BE, 0xF7BE, 0xF7BE, 0xF79E, 
    0xF79E, 0xF79E, 0xF79E, 0xF79E, 0xF79E, 0xEF9E, 0xEF9E, 0xEF9E, 0xE75D, 0xBE3A, 0x7C94, 0x326D, 
    0x0928, 0x0108, 0x0129, 0x098A, 0x11CC, 0x11EC, 0x11ED, 0x11ED, 0x19ED, 0x11CC, 0x11AB, 0x21CB, 
    0x324D, 0x4B2F, 0x7C94, 0xADF9, 0xDF1D, 0xFFFF, 0xFFFF, 0xFFFF, 0xFFFF, 0xFFFF, 0xFFFF, 0xFFFF, 
    0xFFDF, 0xFFFF, 0xFFDE, 0xFFDE, 0xFFBE, 0xF7BE, 0xFFBE, 0xF79E, 0xF79E, 0xF79E, 0xF79E, 0xF79E, 
    0xF79D, 0xF79D, 0xF79D, 0xF79D, 0xF79D, 0xF79D, 0xF79D, 0xF79D, 0xF79D, 0xF79D, 0xEF9D, 0xEF9D, 
    0xEF7D, 0xEF9D, 0xEF9D, 0xF79D, 0xF79D, 0xF7BE, 0xFFDE, 0xFFDF, 0xFFFF, 0xFFFF, 0xFFFF, 0xF7DF, 
    0xE75D, 0xC69B, 0x9537, 0x6C13, 0x42EF, 0x220C, 0x19AB, 0x11AB, 0x11CC, 0x120D, 0x120D, 0x11ED, 
    0x11ED, 0x09CC, 0x098B, 0x0129, 0x00E8, 0x116A, 0x3AAE, 0x8CD5, 0xC65A, 0xE75D, 0xF79E, 0xF79E, 
    0xF7BE, 0xF7BE, 0xF7BE, 0xF7BE, 0xF7BE, 0xF7BE, 0xF7BE, 0xF7BF, 0xF7BF, 0xF7BF, 0xF7BF, 0xF7BF, 
    0xF7BF, 0xF7BF, 0xF7BF, 0xF7BF, 0xF7BF, 0xF7BF, 0xF7BF, 0xF7BF, 0xF7BF, 0xF7BF, 0xF7BF, 0xF7BF, 
    0xF7BF, 0xF7BF, 0xF7BF, 0xF7BF, 0xF7BF, 0xF7BF, 0xF7BF, 0xF7BF, 0xF7BF, 0xF7BF, 0xF7BF, 0xF7BF, 
    0xF7BF, 0xF7BF, 0xF7BF, 0xF7BF, 0xF7BF, 0xF7BF, 0xF7BF, 0xF7BF, 0xF7BF, 0xF7BF, 0xF7BF, 0xF7BF, 
    0xF7BF, 0xF7BF, 0xF7BF, 0xF7BF, 0xF7BF, 0xF7BF, 0xF7BF, 
    0xF7BE, 0xF7BE, 0xF7BF, 0xF7BF, 0xF7BF, 0xF7BF, 0xF7BF, 0xF7BF, 0xF7BF, 0xF7BF, 0xF7BF, 0xF7BF, 
    0xF7BF, 0xF7BF, 0xF7BF, 0xF7BF, 0xF7BF, 0xF7BF, 0xF7BF, 0xF7BF, 0xF7BF, 0xF7BF, 0xF7BF, 0xF7BF, 
    0xF7BF, 0xF7BF, 0xF7BF, 0xF7BF, 0xF7BF, 0xF7BF, 0xF7BF, 0xF7BF, 0xF7BF, 0xF7BF, 0xF7BF, 0xF7BF, 
    0xF7BF, 0xF7BF, 0xF7BF, 0xF7BF, 0xF7BF, 0xF7BF, 0xF7BF, 0xF7BF, 0xF7BE, 0xF7BE, 0xF7BE, 0xF7BE, 
    0xF79E, 0xF79E, 0xF79E, 0xF79E, 0xF79E, 0xF79E, 0xF79E, 0xF79E, 0xF7BE, 0xEF7E, 0xD6DC, 0xB5F9, 
    0x8494, 0x4B0F, 0x21EB, 0x0949, 0x0949, 0x098B, 0x11CC, 0x120D, 0x120D, 0x120D, 0x11EC, 0x11CC, 
    0x11CC, 0x19EC, 0x2A4D, 0x3AAE, 0x5350, 0x6C12, 0x84B5, 0xA598, 0xBE5A, 0xDF3D, 0xF7DF, 0xFFFF, 
    0xFFFF, 0xFFFF, 0xFFFF, 0xFFFF, 0xFFFF, 0xFFDF, 0xFFDF, 0xF7BE, 0xF7BE, 0xF7BE, 0xF7BE, 0xF7BE, 
    0xF7BE, 0xF7BD, 0xF7BD, 0xF7BD, 0xF7BD, 0xF7BD, 0xF7BD, 0xF7BD, 0xF7BD, 0xF7BD, 0xF7BD, 0xF7BD, 
    0xF7BE, 0xF7BE, 0xF7BE, 0xF7DE, 0xF7DE, 0xF7DE, 0xEF9E, 0xE75D, 0xD6FC, 0xADD9, 0x8CF6, 0x7433, 
    0x5B91, 0x4B0F, 0x326E, 0x220D, 0x11EC, 0x09AC, 0x09CC, 0x09ED, 0x120D, 0x120E, 0x120D, 0x09AC, 
    0x096B, 0x014A, 0x096A, 0x2A4D, 0x5B91, 0x8CF5, 0xBE19, 0xDEFC, 0xEF7E, 0xF7BE, 0xF7BE, 0xF7BE, 
    0xF7BE, 0xF7BE, 0xF7BE, 0xF7BF, 0xF7BF, 0xF7BF, 0xF7BF, 0xF7BF, 0xF7BF, 0xF7BF, 0xF7BF, 0xF7BF, 
    0xF7BF, 0xF7BF, 0xF7BF, 0xF7BF, 0xF7BF, 0xF7BF, 0xF7BF, 0xF7BF, 0xF7BF, 0xF7BF, 0xF7BF, 0xF7BF, 
    0xF7BF, 0xF7BF, 0xF7BF, 0xF7BF, 0xF7BF, 0xF7BF, 0xF7BF, 0xF7BF, 0xF7BF, 0xF7BF, 0xF7BF, 0xF7BF, 
    0xF7BF, 0xF7BF, 0xF7BF, 0xF7BF, 0xF7BF, 0xF7BF, 0xF7BF, 0xF7BF, 0xF7BF, 0xF7BF, 0xF7BF, 0xF7BF, 
    0xF7BF, 0xF7BF, 0xF7BF, 0xF7BF, 0xF7BF, 0xF7BF, 0xF7BF, 
    0xF7BE, 0xF7BE, 0xF7BF, 0xF7BF, 0xF7BF, 0xF7BF, 0xF7BF, 0xF7BF, 0xF7BF, 0xF7BF, 0xF7BF, 0xF7BF, 
    0xF7BF, 0xF7BF, 0xF7BF, 0xF7BF, 0xF7BF, 0xF7BF, 0xF7BF, 0xF7BF, 0xF7BF, 0xF7BF, 0xF7BF, 0xF7BF, 
    0xF7BF, 0xF7BF, 0xF7BF, 0xF7BF, 0xF7BF, 0xF7BF, 0xF7BF, 0xF7BF, 0xF7BF, 0xF7BF, 0xF7BF, 0xF7BF, 
    0xF7BF, 0xF7BF, 0xF7BF, 0xF7BF, 0xF7BF, 0xF7BF, 0xF7BF, 0xF7BF, 0xF7BE, 0xF7BE, 0xF7BE, 0xF7BE, 
    0xF79E, 0xF79E, 0xF79E, 0xF79E, 0xF79E, 0xF79E, 0xF79E, 0xF79E, 0xF79E, 0xF7BE, 0xF7BF, 0xF7BF, 
    0xDF1D, 0xADD8, 0x7C94, 0x5B70, 0x3A8D, 0x220C, 0x11CB, 0x11AB, 0x11CC, 0x120C, 0x1A2D, 0x1A2D, 
    0x1A2D, 0x11EC, 0x09AB, 0x098B, 0x098B, 0x11CC, 0x224D, 0x42EF, 0x5BB1, 0x7C74, 0x9556, 0xA598, 
    0xADD8, 0xB619, 0xC69B, 0xDF5D, 0xEF9E, 0xEFBE, 0xEFBE, 0xEF9E, 0xEF9E, 0xEFBE, 0xEFBE, 0xF7BE, 
    0xF7BE, 0xF7BE, 0xF7BE, 0xF7BD, 0xF7BD, 0xF7BD, 0xF7BD, 0xF7BD, 0xEF9D, 0xEF9D, 0xE77D, 0xE75C, 
    0xDF3C, 0xD6FC, 0xD6DB, 0xC69A, 0xBE39, 0xA5B7, 0x9516, 0x7CB4, 0x6C33, 0x4B10, 0x326D, 0x19EC, 
    0x098B, 0x098B, 0x096B, 0x09AC, 0x09CD, 0x09ED, 0x120E, 0x0A0D, 0x09ED, 0x09AC, 0x098B, 0x11CC, 
    0x2A2D, 0x42EF, 0x63F2, 0x8CF6, 0xBE5A, 0xE75D, 0xF7BF, 0xF7BF, 0xF7BE, 0xF79E, 0xF79E, 0xF7BE, 
    0xF7BF, 0xF7BF, 0xF7BF, 0xF7BF, 0xF7BF, 0xF7BF, 0xF7BF, 0xF7BF, 0xF7BF, 0xF7BF, 0xF7BF, 0xF7BF, 
    0xF7BF, 0xF7BF, 0xF7BF, 0xF7BF, 0xF7BF, 0xF7BF, 0xF7BF, 0xF7BF, 0xF7BF, 0xF7BF, 0xF7BF, 0xF7BF, 
    0xF7BF, 0xF7BF, 0xF7BF, 0xF7BF, 0xF7BF, 0xF7BF, 0xF7BF, 0xF7BF, 0xF7BF, 0xF7BF, 0xF7BF, 0xF7BF, 
    0xF7BF, 0xF7BF, 0xF7BF, 0xF7BF, 0xF7BF, 0xF7BF, 0xF7BF, 0xF7BF, 0xF7BF, 0xF7BF, 0xF7BF, 0xF7BF, 
    0xF7BF, 0xF7BF, 0xF7BF, 0xF7BF, 0xF7BF, 0xF7BF, 0xF7BF, 
    0xF7BE, 0xF7BE, 0xF7BF, 0xF7BF, 0xF7BF, 0xF7BF, 0xF7BF, 0xF7BF, 0xF7BF, 0xF7BF, 0xF7BF, 0xF7BF, 
    0xF7BF, 0xF7BF, 0xF7BF, 0xF7BF, 0xF7BF, 0xF7BF, 0xF7BF, 0xF7BF, 0xF7BF, 0xF7BF, 0xF7BF, 0xF7BF, 
    0xF7BF, 0xF7BF, 0xF7BF, 0xF7BF, 0xF7BF, 0xF7BF, 0xF7BF, 0xF7BF, 0xF7BF, 0xF7BF, 0xF7BF, 0xF7BF, 
    0xF7BF, 0xF7BE, 0xF7BF, 0xF7BF, 0xF7BF, 0xF7BF, 0xF7BF, 0xF7BF, 0xF7BE, 0xF7BE, 0xF7BE, 0xF7BE, 
    0xF7BE, 0xF79E, 0xF79E, 0xF79E, 0xF79E, 0xF79E, 0xF7BE, 0xF7BE, 0xF7BE, 0xF7BE, 0xF7BE, 0xF7BE, 
    0xFFDF, 0xFFFF, 0xF7BE, 0xD6DC, 0x9D57, 0x63F2, 0x42CE, 0x2A2C, 0x19CB, 0x11CB, 0x11EC, 0x11EC, 
    0x1A2D, 0x1A4E, 0x1A4E, 0x122E, 0x120D, 0x09ED, 0x098B, 0x014A, 0x0149, 0x094A, 0x11CB, 0x1A0C, 
    0x2A6D, 0x3AEF, 0x63D2, 0x9557, 0xADF9, 0xB619, 0xB63A, 0xB639, 0xBE5A, 0xBE7A, 0xC69B, 0xC6BB, 
    0xC6BB, 0xCEBB, 0xCEBB, 0xCEBB, 0xCEBB, 0xCEBB, 0xC69B, 0xC69B, 0xC67A, 0xBE59, 0xADF8, 0xA597, 
    0x9556, 0x8CF5, 0x7C74, 0x63F2, 0x4B2F, 0x2A4D, 0x11AB, 0x094A, 0x014A, 0x0109, 0x096A, 0x09AB, 
    0x11CC, 0x120D, 0x11ED, 0x120D, 0x09ED, 0x09ED, 0x09ED, 0x09CC, 0x11CC, 0x19CB, 0x2A0C, 0x4310, 
    0x7C74, 0xB619, 0xEF9E, 0xFFDF, 0xFFDF, 0xF7DF, 0xF79E, 0xF79E, 0xF7BE, 0xF7BE, 0xF7BE, 0xF7BE, 
    0xF7BF, 0xF7BF, 0xF7BF, 0xF7BF, 0xF7BF, 0xF7BF, 0xF7BF, 0xF7BF, 0xF7BF, 0xF7BF, 0xF7BF, 0xF7BF, 
    0xF7BF, 0xF7BF, 0xF7BF, 0xF7BF, 0xF7BF, 0xF7BF, 0xF7BF, 0xF7BF, 0xF7BF, 0xF7BF, 0xF7BF, 0xF7BF, 
    0xF7BF, 0xF7BF, 0xF7BF, 0xF7BF, 0xF7BF, 0xF7BF, 0xF7BF, 0xF7BF, 0xF7BF, 0xF7BF, 0xF7BF, 0xF7BF, 
    0xF7BF, 0xF7BF, 0xF7BF, 0xF7BF, 0xF7BF, 0xF7BF, 0xF7BF, 0xF7BF, 0xF7BF, 0xF7BF, 0xF7BF, 0xF7BF, 
    0xF7BF, 0xF7BF, 0xF7BF, 0xF7BF, 0xF7BF, 0xF7BF, 0xF7BF, 
    0xF7BE, 0xF7BE, 0xF7BF, 0xF7BF, 0xF7BF, 0xF7BF, 0xF7BF, 0xF7BF, 0xF7BF, 0xF7BF, 0xF7BF, 0xF7BF, 
    0xF7BF, 0xF7BF, 0xF7BF, 0xF7BF, 0xF7BF, 0xF7BF, 0xF7BF, 0xF7BF, 0xF7BF, 0xF7BF, 0xF7BF, 0xF7BF, 
    0xF7BF, 0xF7BF, 0xF7BF, 0xF7BF, 0xF7BF, 0xF7BF, 0xF7BF, 0xF7BF, 0xF7BF, 0xF7BF, 0xF7BF, 0xF7BF, 
    0xF7BF, 0xF7BE, 0xF7BE, 0xF7BE, 0xF7BE, 0xF7BF, 0xF7BF, 0xF7BF, 0xF7BE, 0xF7BE, 0xF7BE, 0xF7BE, 
    0xF7BE, 0xF7BE, 0xF7BE, 0xF7BE, 0xF7BE, 0xF7BE, 0xF7BE, 0xF7BF, 0xF7BF, 0xF7BF, 0xF7BF, 0xF7DF, 
    0xF7BF, 0xFFDF, 0xFFDF, 0xFFFF, 0xFFDF, 0xF7DF, 0xDEFC, 0xA598, 0x5BD2, 0x2A6D, 0x118A, 0x0929, 
    0x096A, 0x11CB, 0x120D, 0x122D, 0x124E, 0x124E, 0x124E, 0x122E, 0x0A0D, 0x09EC, 0x09AC, 0x096B, 
    0x094B, 0x094A, 0x0929, 0x096A, 0x118A, 0x118A, 0x11CB, 0x11AB, 0x19EB, 0x1A2C, 0x222C, 0x224D, 
    0x2A6D, 0x2A6D, 0x2A6D, 0x2A6E, 0x2A8D, 0x2A6D, 0x2A6D, 0x2A4D, 0x220C, 0x19EB, 0x118A, 0x0929, 
    0x0929, 0x08E8, 0x00E8, 0x0108, 0x00E8, 0x014A, 0x098B, 0x09AC, 0x09CD, 0x09CD, 0x09ED, 0x11ED, 
    0x11ED, 0x11ED, 0x11ED, 0x09CC, 0x09AB, 0x014A, 0x014A, 0x11AB, 0x3ACF, 0x7474, 0xBE3A, 0xE75D, 
    0xFFDF, 0xFFFF, 0xFFFF, 0xFFBE, 0xF7BE, 0xF7BE, 0xF7BE, 0xF7BE, 0xF7BE, 0xF7BE, 0xF7BE, 0xF7BF, 
    0xF7BF, 0xF7BF, 0xF7BF, 0xF7BF, 0xF7BF, 0xF7BF, 0xF7BF, 0xF7BF, 0xF7BF, 0xF7BF, 0xF7BF, 0xF7BF, 
    0xF7BF, 0xF7BF, 0xF7BF, 0xF7BF, 0xF7BF, 0xF7BF, 0xF7BF, 0xF7BF, 0xF7BF, 0xF7BF, 0xF7BF, 0xF7BF, 
    0xF7BF, 0xF7BF, 0xF7BF, 0xF7BF, 0xF7BF, 0xF7BF, 0xF7BF, 0xF7BF, 0xF7BF, 0xF7BE, 0xF7BE, 0xF7BE, 
    0xF7BF, 0xF7BF, 0xF7BF, 0xF7BF, 0xF7BF, 0xF7BF, 0xF7BF, 0xF7BF, 0xF7BF, 0xF7BF, 0xF7BF, 0xF7BF, 
    0xF7BF, 0xF7BF, 0xF7BF, 0xF7BF, 0xF7BF, 0xF7BF, 0xF7BF, 
    0xF7BE, 0xF7BE, 0xF7BE, 0xF7BF, 0xF7BF, 0xF7BF, 0xF7BF, 0xF7BF, 0xF7BF, 0xF7BF, 0xF7BF, 0xF7BF, 
    0xF7BF, 0xF7BF, 0xF7BF, 0xF7BF, 0xF7BF, 0xF7BF, 0xF7BF, 0xF7BF, 0xF7BF, 0xF7BF, 0xF7BF, 0xF7BF, 
    0xF7BF, 0xF7BF, 0xF7BF, 0xF7BF, 0xF7BF, 0xF7BF, 0xF7BF, 0xF7BF, 0xF7BF, 0xF7BF, 0xF7BF, 0xF7BF, 
    0xF7BF, 0xF7BE, 0xF7BE, 0xF7BE, 0xF7BF, 0xF7BF, 0xF7BE, 0xF7BF, 0xF7BE, 0xF7BE, 0xF7BE, 0xF7BE, 
    0xF7BE, 0xF7BE, 0xF7BE, 0xF7BE, 0xF7BE, 0xF7BF, 0xF7BF, 0xF7BF, 0xF7BF, 0xF7BF, 0xFFDF, 0xFFDF, 
    0xFFDF, 0xFFDF, 0xFFDF, 0xFFDF, 0xFFDF, 0xFFFF, 0xF7BF, 0xEF7D, 0xD6FC, 0xC67A, 0x9D77, 0x7433, 
    0x430F, 0x220C, 0x11AB, 0x096A, 0x096B, 0x09AC, 0x09ED, 0x120D, 0x122D, 0x122D, 0x120D, 0x120D, 
    0x120D, 0x120D, 0x11CC, 0x11CC, 0x09CC, 0x09AB, 0x09AB, 0x098B, 0x098B, 0x098A, 0x096A, 0x096A, 
    0x096A, 0x096A, 0x096A, 0x096A, 0x096A, 0x096A, 0x096A, 0x096A, 0x094A, 0x096A, 0x096A, 0x096A, 
    0x098B, 0x098B, 0x09AB, 0x09AB, 0x098B, 0x09CC, 0x09CC, 0x09ED, 0x09ED, 0x09CD, 0x09AC, 0x098B, 
    0x096B, 0x094A, 0x094A, 0x11AB, 0x2A6E, 0x5391, 0x84D5, 0xADD9, 0xC69B, 0xDF1C, 0xEF9E, 0xFFDF, 
    0xFFDF, 0xFFDF, 0xFFDF, 0xF7BE, 0xF7BE, 0xF7BE, 0xF7BE, 0xF7BF, 0xF7BE, 0xF7BE, 0xF7BF, 0xF7BF, 
    0xF7BF, 0xF7BF, 0xF7BF, 0xF7BF, 0xF7BF, 0xF7BF, 0xF7BF, 0xF7BF, 0xF7BF, 0xF7BF, 0xF7BF, 0xF7BF, 
    0xF7BF, 0xF7BF, 0xF7BF, 0xF7BF, 0xF7BF, 0xF7BF, 0xF7BF, 0xF7BF, 0xF7BF, 0xF7BF, 0xF7BF, 0xF7BF, 
    0xF7BF, 0xF7BF, 0xF7BF, 0xF7BF, 0xF7BF, 0xF7BF, 0xF7BF, 0xF7BE, 0xF7BE, 0xF7BE, 0xF7BE, 0xF7BE, 
    0xF7BE, 0xF7BF, 0xF7BF, 0xF7BF, 0xF7BF, 0xF7BF, 0xF7BF, 0xF7BF, 0xF7BF, 0xF7BF, 0xF7BF, 0xF7BF, 
    0xF7BF, 0xF7BF, 0xF7BF, 0xF7BF, 0xF7BF, 0xF7BF, 0xF7BF, 
    0xF7BE, 0xF7BE, 0xF7BE, 0xF7BF, 0xF7BF, 0xF7BF, 0xF7BF, 0xF7BF, 0xF7BF, 0xF7BF, 0xF7BF, 0xF7BF, 
    0xF7BF, 0xF7BF, 0xF7BF, 0xF7BF, 0xF7BF, 0xF7BF, 0xF7BF, 0xF7BF, 0xF7BF, 0xF7BF, 0xF7BF, 0xF7BF, 
    0xF7BF, 0xF7BF, 0xF7BF, 0xF7BF, 0xF7BF, 0xF7BF, 0xF7BF, 0xF7BF, 0xF7BF, 0xF7BF, 0xF7BF, 0xF7BF, 
    0xF7BE, 0xF7BE, 0xF7BE, 0xF7BE, 0xF7BF, 0xF7BF, 0xF7BE, 0xF7BF, 0xF7BE, 0xF7BE, 0xF7BE, 0xF7BE, 
    0xF7BE, 0xF7BE, 0xF7BE, 0xF7BE, 0xF7BF, 0xF7BF, 0xF7BF, 0xF7BF, 0xF7BF, 0xFFDF, 0xFFDF, 0xFFDF, 
    0xFFDF, 0xFFDF, 0xFFDF, 0xFFDF, 0xFFDF, 0xFFDF, 0xFFDF, 0xFFDF, 0xFFDF, 0xFFDF, 0xE75E, 0xCEBB, 
    0xADF9, 0x9516, 0x7433, 0x5351, 0x32AF, 0x222D, 0x11CC, 0x09AB, 0x09AB, 0x098B, 0x09AB, 0x09CB, 
    0x11CC, 0x11ED, 0x11ED, 0x120D, 0x120D, 0x120C, 0x11EC, 0x11CC, 0x11CB, 0x11AB, 0x09AB, 0x09AB, 
    0x098B, 0x098B, 0x098B, 0x098B, 0x098B, 0x098B, 0x098B, 0x098B, 0x098B, 0x098B, 0x11AB, 0x11CC, 
    0x11EC, 0x11CC, 0x11CC, 0x09CC, 0x09AB, 0x098B, 0x096B, 0x096A, 0x096B, 0x096B, 0x11AC, 0x19EC, 
    0x2A4D, 0x42EF, 0x63B1, 0x7C94, 0x9D77, 0xBE3A, 0xDF1D, 0xF79E, 0xFFDF, 0xFFDF, 0xFFDF, 0xFFDF, 
    0xFFDF, 0xFFDF, 0xF7DF, 0xF7DF, 0xF7BF, 0xF7BF, 0xF7BE, 0xF7BF, 0xF7BE, 0xF7BE, 0xF7BF, 0xF7BF, 
    0xF7BF, 0xF7BF, 0xF7BF, 0xF7BF, 0xF7BF, 0xF7BF, 0xF7BE, 0xF7BE, 0xF7BE, 0xF7BE, 0xF7BE, 0xF7BF, 
    0xF7BF, 0xF7BF, 0xF7BF, 0xF7BF, 0xF7BF, 0xF7BF, 0xF7BF, 0xF7BF, 0xF7BF, 0xF7BF, 0xF7BF, 0xF7BF, 
    0xF7BF, 0xF7BF, 0xF7BF, 0xF7BF, 0xF7BF, 0xF7BF, 0xF7BF, 0xF7BF, 0xF7BE, 0xF7BE, 0xF7BE, 0xF7BE, 
    0xF7BE, 0xF7BE, 0xF7BE, 0xF7BE, 0xF7BF, 0xF7BF, 0xF7BF, 0xF7BF, 0xF7BF, 0xF7BF, 0xF7BF, 0xF7BF, 
    0xF7BF, 0xF7BF, 0xF7BF, 0xF7BF, 0xF7BF, 0xF7BF, 0xF7BF, 
    0xF7BF, 0xF7BE, 0xF7BE, 0xF7BF, 0xF7BF, 0xF7BF, 0xF7BF, 0xF7BF, 0xF7BF, 0xF7BF, 0xF7BF, 0xF7BF, 
    0xF7BF, 0xF7BF, 0xF7BF, 0xF7BF, 0xF7BE, 0xF7BF, 0xF7BF, 0xF7BF, 0xF7BF, 0xF7BF, 0xF7BF, 0xF7BF, 
    0xF7BF, 0xF7BF, 0xF7BF, 0xF7BF, 0xF7BF, 0xF7BF, 0xF7BF, 0xF7BF, 0xF7BF, 0xF7BF, 0xF7BF, 0xF7BE, 
    0xF7BE, 0xF7BE, 0xF7BE, 0xF7BE, 0xF7BF, 0xF7BF, 0xF7BE, 0xF7BF, 0xF7BF, 0xF7BE, 0xF7BF, 0xF7BE, 
    0xF7BE, 0xF7BE, 0xF7BE, 0xF7BF, 0xF7BF, 0xF7BF, 0xF7BF, 0xF7BF, 0xF7DF, 0xFFDF, 0xFFDF, 0xFFDF, 
    0xFFDF, 0xFFDF, 0xFFDF, 0xFFDF, 0xFFDF, 0xFFDF, 0xFFDF, 0xF7BF, 0xF7BF, 0xFFDF, 0xFFFF, 0xFFFF, 
    0xFFFF, 0xFFFF, 0xDF3D, 0xB63A, 0x8D37, 0x6C54, 0x5391, 0x430F, 0x328E, 0x2A2C, 0x220C, 0x19CB, 
    0x11AB, 0x09AB, 0x09AB, 0x11AB, 0x11CB, 0x11AB, 0x11AB, 0x11AB, 0x11AB, 0x11AB, 0x11AB, 0x11AB, 
    0x11AB, 0x11AB, 0x11AB, 0x11AB, 0x11AB, 0x11AB, 0x11AB, 0x11AB, 0x118B, 0x118B, 0x118B, 0x118B, 
    0x11AB, 0x098B, 0x098B, 0x098B, 0x096B, 0x118B, 0x198B, 0x21EC, 0x326D, 0x3ACE, 0x5371, 0x6BF3, 
    0x8495, 0xA5B8, 0xCEBB, 0xEF7E, 0xFFFF, 0xFFFF, 0xFFFF, 0xFFFF, 0xFFDF, 0xF7BF, 0xF7BF, 0xFFDF, 
    0xFFDF, 0xFFDF, 0xFFDF, 0xF7DF, 0xF7BF, 0xF7BF, 0xF7BE, 0xF7BF, 0xF7BE, 0xF7BE, 0xF7BE, 0xF7BF, 
    0xF7BF, 0xF7BF, 0xF7BF, 0xF7BF, 0xF7BF, 0xF7BE, 0xF7BE, 0xF7BE, 0xF7BE, 0xF7BE, 0xF7BE, 0xF7BE, 
    0xF7BF, 0xF7BE, 0xF7BF, 0xF7BF, 0xF7BF, 0xF7BF, 0xF7BF, 0xF7BF, 0xF7BF, 0xF7BF, 0xF7BF, 0xF7BF, 
    0xF7BF, 0xF7BF, 0xF7BF, 0xF7BF, 0xF7BF, 0xF7BE, 0xF7BF, 0xF7BF, 0xF7BF, 0xF7BF, 0xF7BF, 0xF7BF, 
    0xF7BF, 0xF7BF, 0xF7BE, 0xF7BE, 0xF7BF, 0xF7BF, 0xF7BF, 0xF7BF, 0xF7BF, 0xF7BF, 0xF7BF, 0xF7BF, 
    0xF7BF, 0xF7BF, 0xF7BF, 0xF7BF, 0xF7BF, 0xF7BF, 0xF7BF, 
    0xF7BF, 0xF7BF, 0xF7BF, 0xF7BF, 0xF7BF, 0xF7BF, 0xF7BF, 0xF7BF, 0xF7BF, 0xF7BF, 0xF7BF, 0xF7BF, 
    0xF7BF, 0xF7BF, 0xF7BF, 0xF7BF, 0xF7BF, 0xF7BF, 0xF7BF, 0xF7BF, 0xF7BF, 0xF7BF, 0xF7BF, 0xF7BF, 
    0xF7BF, 0xF7BF, 0xF7BF, 0xF7BF, 0xF7BE, 0xF7BE, 0xF7BE, 0xF7BE, 0xF7BE, 0xF7BE, 0xF7BE, 0xF7BE, 
    0xF7BE, 0xF7BE, 0xF7BE, 0xF7BF, 0xF7BF, 0xF7BF, 0xF7BF, 0xF7BF, 0xF7BF, 0xF7BF, 0xF7BE, 0xF7BE, 
    0xF7BF, 0xF7BF, 0xF7BF, 0xF7BF, 0xF7BF, 0xF7BF, 0xF7BF, 0xFFDF, 0xFFDF, 0xFFDF, 0xFFDF, 0xFFDF, 
    0xFFDF, 0xFFFF, 0xFFFF, 0xFFFF, 0xFFFF, 0xFFDF, 0xFFDF, 0xFFDF, 0xFFDF, 0xFFDF, 0xFFDF, 0xFFBF, 
    0xFFBF, 0xFFFF, 0xFFFF, 0xFFFF, 0xFFFF, 0xFFFF, 0xF7DF, 0xDF3D, 0xBE5B, 0x9578, 0x7494, 0x5390, 
    0x3AAD, 0x220C, 0x118A, 0x1149, 0x0909, 0x08E8, 0x08C8, 0x08C8, 0x08C8, 0x08C8, 0x08E8, 0x08E8, 
    0x0908, 0x0908, 0x0908, 0x0108, 0x0108, 0x00E8, 0x00E8, 0x00E8, 0x00C8, 0x00C8, 0x00C8, 0x00C7, 
    0x0908, 0x0909, 0x114A, 0x19AB, 0x220C, 0x42EF, 0x5BD2, 0x84D6, 0xB61A, 0xD6FC, 0xF79E, 0xFFFF, 
    0xFFFF, 0xFFFF, 0xFFFF, 0xFFFF, 0xFFDF, 0xFFDF, 0xFFDF, 0xFFDF, 0xFFDF, 0xFFDF, 0xFFDF, 0xFFDF, 
    0xFFDF, 0xFFDF, 0xFFDF, 0xF7DF, 0xF7BF, 0xF7BF, 0xF7BF, 0xF7BE, 0xF7BE, 0xF7BE, 0xF7BE, 0xF7BE, 
    0xF7BE, 0xF7BE, 0xF7BE, 0xF7BE, 0xF7BE, 0xF7BE, 0xF7BE, 0xF7BE, 0xF7BF, 0xF7BE, 0xF7BE, 0xF7BE, 
    0xF7BE, 0xF7BF, 0xF7BF, 0xF7BF, 0xF7BF, 0xF7BF, 0xF7BF, 0xF7BF, 0xF7BF, 0xF7BF, 0xF7BF, 0xF7BF, 
    0xF7BF, 0xF7BF, 0xF7BF, 0xF7BF, 0xF7BF, 0xF7BF, 0xF7BF, 0xF7BF, 0xF7BF, 0xF7BF, 0xF7BF, 0xF7BF, 
    0xF7BF, 0xF7BF, 0xF7BF, 0xF7BE, 0xF7BF, 0xF7BF, 0xF7BF, 0xF7BF, 0xF7BF, 0xF7BF, 0xF7BF, 0xF7BF, 
    0xF7BF, 0xF7BF, 0xF7BF, 0xF7BF, 0xF7BF, 0xF7BF, 0xF7BF, 
    0xF7BF, 0xF7BF, 0xF7BF, 0xF7BF, 0xF7BF, 0xF7BF, 0xF7BF, 0xF7BF, 0xF7BF, 0xF7BF, 0xF7BF, 0xF7BF, 
    0xF7BF, 0xF7BF, 0xF7BF, 0xF7BF, 0xF7BE, 0xF7BE, 0xF7BF, 0xF7BF, 0xF7BF, 0xF7BE, 0xF7BE, 0xF7BE, 
    0xF7BE, 0xF7BF, 0xF7BF, 0xF7BE, 0xF7BE, 0xF7BE, 0xF7BE, 0xF7BE, 0xF7BE, 0xF7BE, 0xF7BE, 0xF7BE, 
    0xF7BE, 0xF7BE, 0xF7BE, 0xF7BE, 0xF7BE, 0xF7BE, 0xF7BE, 0xF7BE, 0xF7BE, 0xF7BE, 0xF7BE, 0xF7BF, 
    0xF7BF, 0xF7BF, 0xF7BF, 0xFFDF, 0xFFDF, 0xFFDF, 0xFFDF, 0xFFDF, 0xFFDF, 0xFFDF, 0xFFDF, 0xFFDF, 
    0xFFDF, 0xFFFF, 0xFFFF, 0xFFFF, 0xFFFF, 0xFFFF, 0xFFFF, 0xFFFF, 0xFFFF, 0xFFFF, 0xFFDF, 0xFFDF, 
    0xFFDF, 0xF7DF, 0xF7BE, 0xF7BE, 0xF7BE, 0xF7BE, 0xF7DF, 0xF7DF, 0xF7BE, 0xEF9E, 0xE75D, 0xDF3D, 
    0xD6FC, 0xC69A, 0xB5F9, 0x9D77, 0x8CF6, 0x7C95, 0x7433, 0x63D2, 0x5B91, 0x5330, 0x4B0F, 0x4AEE, 
    0x42CE, 0x42CE, 0x42CE, 0x42CE, 0x42CE, 0x42EE, 0x4AEF, 0x4B0F, 0x4B30, 0x5370, 0x5BB1, 0x6BF3, 
    0x84F5, 0x9D57, 0xADD8, 0xBE5A, 0xC69B, 0xD6FC, 0xDF1D, 0xE75D, 0xEF9E, 0xF7BE, 0xF7BE, 0xF7BF, 
    0xF7BF, 0xF7BF, 0xF7BF, 0xFFDF, 0xFFDF, 0xFFDF, 0xFFDF, 0xFFDF, 0xFFDF, 0xFFDF, 0xFFDF, 0xFFDF, 
    0xFFDF, 0xFFDF, 0xFFDF, 0xF7DF, 0xF7BF, 0xF7BF, 0xF7BF, 0xF7BE, 0xF7BE, 0xF7BE, 0xF7BE, 0xF7BE, 
    0xF79E, 0xF7BE, 0xF7BE, 0xF7BE, 0xF7BE, 0xF7BE, 0xF7BE, 0xF7BE, 0xF7BE, 0xF7BF, 0xF7BF, 0xF7BF, 
    0xF7BF, 0xF7BF, 0xF7BF, 0xF7BF, 0xF7BF, 0xF7BF, 0xF7BF, 0xF7BF, 0xF7BF, 0xF7BF, 0xF7BF, 0xF7BF, 
    0xF7BF, 0xF7BF, 0xF7BF, 0xF7BF, 0xF7BF, 0xF7BF, 0xF7BF, 0xF7BF, 0xF7BF, 0xF7BF, 0xF7BF, 0xF7BF, 
    0xF7BF, 0xF7BF, 0xF7BF, 0xF7BF, 0xF7BF, 0xF7BF, 0xF7BF, 0xF7BF, 0xF7BF, 0xF7BF, 0xF7BF, 0xF7BF, 
    0xF7BF, 0xF7BF, 0xF7BF, 0xF7BF, 0xF7BF, 0xF7BF, 0xF7BF, 
    0xF7BF, 0xF7BF, 0xF7BF, 0xF7BF, 0xF7BF, 0xF7BF, 0xF7BF, 0xF7BF, 0xF7BF, 0xF7BF, 0xF7BF, 0xF7BF, 
    0xF7BF, 0xF7DF, 0xF7DF, 0xF7DF, 0xF7DE, 0xF7BE, 0xF7BE, 0xF7BE, 0xF7BE, 0xF7BE, 0xF7BE, 0xFFBE, 
    0xFFBE, 0xFFBE, 0xF7BE, 0xF7BE, 0xF7BE, 0xF7BE, 0xF7BE, 0xF7BE, 0xF7BE, 0xF7BE, 0xF7BE, 0xF7BE, 
    0xF7BE, 0xF7BE, 0xF7BE, 0xF7BE, 0xF7BE, 0xF7BE, 0xF7BE, 0xF7BE, 0xF7BE, 0xF7BE, 0xF7BF, 0xF7BF, 
    0xF7DF, 0xFFDF, 0xFFDE, 0xFFDE, 0xFFDE, 0xFFDE, 0xFFDE, 0xFFDE, 0xFFDE, 0xFFDF, 0xFFDF, 0xFFFF, 
    0xFFFF, 0xFFFF, 0xFFFF, 0xFFFF, 0xFFFF, 0xFFFF, 0xFFFF, 0xFFFF, 0xFFFF, 0xFFFF, 0xFFDF, 0xFFDF, 
    0xFFDF, 0xFFDF, 0xFFDE, 0xF7BE, 0xF7BE, 0xF7BE, 0xF7BE, 0xF7BE, 0xFFDF, 0xF7BE, 0xF7BE, 0xF7BE, 
    0xF7BE, 0xF7BE, 0xEF7D, 0xE75D, 0xDF1C, 0xD6DC, 0xCEBB, 0xC67B, 0xC65A, 0xBE39, 0xBE19, 0xBE19, 
    0xB5F9, 0xB5F8, 0xB5F8, 0xB5F9, 0xB5F9, 0xB619, 0xB619, 0xBE19, 0xBE39, 0xBE5A, 0xC67A, 0xCE9B, 
    0xD71C, 0xDF3D, 0xEF7D, 0xEF9E, 0xF79E, 0xF7BE, 0xF7BE, 0xF7BE, 0xF7DF, 0xF7BF, 0xF7BF, 0xF7BF, 
    0xF7BF, 0xF7BF, 0xF7DF, 0xFFDF, 0xFFDF, 0xFFDF, 0xFFDF, 0xFFDF, 0xFFDF, 0xFFDF, 0xFFDF, 0xFFDF, 
    0xFFDF, 0xF7DF, 0xF7DF, 0xF7BF, 0xF7BF, 0xF7BF, 0xF7BF, 0xF7BE, 0xF7BE, 0xF7BE, 0xF7BE, 0xF7BE, 
    0xF7BE, 0xF7BE, 0xF7BE, 0xF7BF, 0xF7BE, 0xF7BE, 0xF7BE, 0xF7BE, 0xF7BF, 0xF7BF, 0xF7BF, 0xF7BF, 
    0xF7BF, 0xF7BF, 0xF7BF, 0xF7BF, 0xF7BF, 0xF7BF, 0xF7BF, 0xF7BF, 0xF7BF, 0xF7BF, 0xF7BF, 0xF7BF, 
    0xF7BF, 0xF7BF, 0xF7BF, 0xF7BF, 0xF7BF, 0xF7BF, 0xF7BF, 0xF7BF, 0xF7BF, 0xF7BF, 0xF7BF, 0xF7BF, 
    0xF7BF, 0xF7BF, 0xF7BF, 0xF7BF, 0xF7BF, 0xF7BF, 0xF7BF, 0xF7BF, 0xF7BF, 0xF7BF, 0xF7BF, 0xF7BF, 
    0xF7BF, 0xF7BF, 0xF7BF, 0xF7BF, 0xF7BF, 0xF7BF, 0xF7BF, 
};

